rank,module,normal_time,skipkernel_time,time_diff,pct_diff
1,Mathlib.Algebra.Category.CommAlgCat.Monoidal,28.02,9.93,18.09,182.2
2,Mathlib.Analysis.Complex.UpperHalfPlane.Metric,7.39,3.24,4.15,128.0
3,Mathlib.FieldTheory.CardinalEmb,20.71,10.10,10.61,105.0
4,Mathlib.LinearAlgebra.TensorProduct.Associator,9.71,4.78,4.93,103.1
5,Mathlib.RingTheory.Kaehler.Polynomial,16.88,8.93,7.95,89.0
6,Mathlib.CategoryTheory.Functor.Derived.PointwiseRightDerived,2.83,1.61,1.23,76.4
7,Mathlib.Algebra.Category.BialgCat.Monoidal,8.83,5.03,3.80,75.6
8,Mathlib.Algebra.Category.ModuleCat.Monoidal.Basic,8.22,4.70,3.52,74.9
9,Mathlib.RingTheory.Kaehler.JacobiZariski,16.07,9.38,6.68,71.2
10,Mathlib.LinearAlgebra.CliffordAlgebra.Grading,6.09,3.61,2.48,68.8
11,Mathlib.Topology.Algebra.Constructions.DomMulAct,2.62,1.56,1.06,68.2
12,Mathlib.Algebra.Category.ModuleCat.Sheaf.Colimits,4.14,2.56,1.57,61.4
13,Mathlib.Algebra.Category.CoalgCat.ComonEquivalence,6.61,4.24,2.37,56.0
14,Mathlib.LinearAlgebra.RootSystem.OfBilinear,4.73,3.06,1.67,54.5
15,Mathlib.Algebra.Category.CommBialgCat,12.00,7.87,4.13,52.5
16,Mathlib.LinearAlgebra.Eigenspace.Triangularizable,4.76,3.27,1.49,45.5
17,Mathlib.Analysis.NormedSpace.SphereNormEquiv,2.28,1.59,0.69,43.6
18,Mathlib.Algebra.Category.Ring.Adjunctions,4.78,3.34,1.44,43.1
19,Mathlib.Algebra.Category.ModuleCat.Presheaf.Free,3.44,2.42,1.03,42.5
20,Mathlib.Algebra.Category.ContinuousCohomology.Basic,20.28,14.26,6.02,42.2
21,Mathlib.CategoryTheory.Monoidal.Internal.Module,5.68,4.00,1.67,41.8
22,Mathlib.Analysis.Normed.Group.CocompactMap,2.18,1.56,0.62,39.4
23,Mathlib.Topology.Maps.Proper.Basic,2.18,1.59,0.60,37.5
24,Mathlib.FieldTheory.PurelyInseparable.PerfectClosure,5.00,3.66,1.34,36.7
25,Mathlib.RingTheory.Presentation,2.29,1.68,0.61,36.0
26,Mathlib.Order.UpperLower.Hom,1.77,1.30,0.47,35.9
27,Mathlib.Data.Int.Order.Basic,1.35,0.99,0.36,35.9
28,Mathlib.AlgebraicGeometry.Morphisms.UniversallyClosed,4.24,3.13,1.11,35.5
29,Mathlib.CategoryTheory.Limits.Preserves.Over,2.00,1.47,0.52,35.5
30,Mathlib.Algebra.Category.ModuleCat.Presheaf.Pushforward,6.04,4.47,1.57,35.0
31,Mathlib.Lean.Elab.Tactic.Meta,1.05,0.79,0.27,34.3
32,Mathlib.Algebra.Group.Subsemigroup.Operations,4.70,3.54,1.16,32.9
33,Mathlib.RingTheory.WittVector.Complete,2.79,2.11,0.68,32.3
34,Mathlib.Algebra.Category.ModuleCat.Presheaf.ChangeOfRings,3.25,2.46,0.79,32.1
35,Mathlib.LinearAlgebra.TensorProduct.Opposite,3.31,2.52,0.79,31.5
36,Mathlib.Tactic.Linter.Style,2.13,1.62,0.51,31.2
37,Mathlib.Analysis.Asymptotics.Completion,2.35,1.79,0.56,31.1
38,Mathlib.MeasureTheory.Measure.Real,3.44,2.63,0.81,30.6
39,Mathlib.Tactic.DeclarationNames,0.85,0.66,0.19,29.8
40,Mathlib.Algebra.Star.Pointwise,1.77,1.37,0.40,29.3
41,Mathlib.Data.Nat.Notation,0.84,0.65,0.19,28.8
42,Mathlib.Analysis.CStarAlgebra.Projection,3.04,2.37,0.67,28.3
43,Mathlib.Topology.MetricSpace.PartitionOfUnity,2.58,2.01,0.57,28.3
44,Mathlib.Tactic.Linter.Multigoal,1.11,0.87,0.24,28.0
45,Mathlib.LinearAlgebra.QuadraticForm.Basis,3.35,2.62,0.73,28.0
46,Mathlib.Data.Finsupp.Lex,2.31,1.80,0.50,27.8
47,Mathlib.Algebra.Category.Ring.FilteredColimits,3.99,3.12,0.87,27.8
48,Mathlib.Util.WhatsNew,1.10,0.86,0.24,27.8
49,Mathlib.CategoryTheory.Limits.Shapes.Countable,1.89,1.48,0.41,27.6
50,Mathlib.Algebra.Notation.Pi.Basic,1.53,1.20,0.33,27.3
51,Mathlib.Analysis.Convex.EGauge,4.19,3.29,0.90,27.3
52,Mathlib.Topology.KrullDimension,1.76,1.38,0.38,27.2
53,Mathlib.SetTheory.Ordinal.Family,3.05,2.40,0.65,27.2
54,Mathlib.RingTheory.AlgebraicIndependent.TranscendenceBasis,7.00,5.50,1.50,27.2
55,Mathlib.RepresentationTheory.Invariants,5.98,4.70,1.28,27.1
56,Mathlib.RingTheory.Coalgebra.Convolution,4.26,3.35,0.91,27.1
57,Mathlib.Data.Nat.PrimeFin,1.92,1.51,0.41,26.9
58,Mathlib.Algebra.Order.Ring.Ordering.Basic,6.18,4.87,1.31,26.8
59,Mathlib.FieldTheory.SeparablyGenerated,9.17,7.24,1.93,26.6
60,Mathlib.Combinatorics.Enumerative.Catalan,2.93,2.32,0.62,26.6
61,Mathlib.Algebra.Category.Grp.Limits,4.62,3.65,0.97,26.6
62,Mathlib.Topology.Order.IsLUB,3.06,2.42,0.64,26.4
63,Mathlib.Algebra.Lie.Sl2,3.29,2.60,0.69,26.4
64,Mathlib.RingTheory.RingHom.FiniteType,4.72,3.74,0.98,26.3
65,Mathlib.Topology.QuasiSeparated,1.75,1.39,0.36,26.2
66,Mathlib.LinearAlgebra.QuadraticForm.TensorProduct,8.01,6.35,1.66,26.1
67,Mathlib.RingTheory.FractionalIdeal.Norm,4.78,3.80,0.98,25.8
68,Mathlib.Lean.ContextInfo,0.83,0.66,0.17,25.7
69,Mathlib.Tactic.Translate.GuessName,1.09,0.87,0.22,25.6
70,Mathlib.RingTheory.Localization.AsSubring,2.91,2.33,0.59,25.3
71,Mathlib.GroupTheory.SpecificGroups.Alternating.Centralizer,2.59,2.07,0.52,25.2
72,Mathlib.Probability.Martingale.Convergence,3.67,2.93,0.74,25.2
73,Mathlib.Algebra.Category.ModuleCat.Sheaf.PullbackContinuous,5.51,4.41,1.09,24.8
74,Mathlib.Topology.Metrizable.CompletelyMetrizable,2.50,2.02,0.49,24.2
75,Mathlib.NumberTheory.DirichletCharacter.GaussSum,3.54,2.85,0.69,24.1
76,Mathlib.Algebra.Category.Ring.Limits,6.86,5.54,1.32,23.9
77,Mathlib.Analysis.Normed.Group.AddTorsor,2.46,1.99,0.47,23.8
78,Mathlib.Algebra.Category.HopfAlgCat.Monoidal,3.48,2.81,0.67,23.7
79,Mathlib.Topology.DiscreteSubset,2.34,1.90,0.45,23.5
80,Mathlib.Topology.Category.LightProfinite.AsLimit,2.58,2.09,0.49,23.4
81,Mathlib.CategoryTheory.Category.Cat.Limit,2.74,2.22,0.52,23.4
82,Mathlib.Tactic.TypeStar,0.81,0.66,0.15,23.0
83,Mathlib.Analysis.SpecialFunctions.Log.ENNRealLogExp,2.60,2.12,0.48,22.9
84,Mathlib.Algebra.Ring.Int.Parity,2.10,1.71,0.39,22.8
85,Mathlib.Data.Fin.Tuple.Finset,1.72,1.40,0.32,22.8
86,Mathlib.MeasureTheory.OuterMeasure.Caratheodory,2.45,2.00,0.45,22.6
87,Mathlib.CategoryTheory.Presentable.ColimitPresentation,3.66,2.98,0.67,22.6
88,Mathlib.Tactic.Lemma,0.80,0.65,0.15,22.5
89,Mathlib.Tactic.ToExpr,0.93,0.76,0.17,22.5
90,Mathlib.Data.Num.Prime,1.81,1.48,0.33,22.5
91,Mathlib.NumberTheory.LucasPrimality,2.05,1.68,0.38,22.4
92,Mathlib.LinearAlgebra.FiniteDimensional.Defs,2.67,2.19,0.48,22.1
93,Mathlib.RingTheory.RingHom.Unramified,3.07,2.52,0.55,21.8
94,Mathlib.Tactic.Substs,0.81,0.66,0.14,21.6
95,Mathlib.Tactic.Use,1.42,1.17,0.25,21.5
96,Mathlib.Algebra.Category.ModuleCat.Adjunctions,4.31,3.55,0.76,21.4
97,Mathlib.Algebra.Order.Monoid.Unbundled.Defs,1.82,1.50,0.32,21.4
98,Mathlib.Tactic.Linter.UnusedTactic,1.31,1.08,0.23,21.4
99,Mathlib.LinearAlgebra.Matrix.Basis,3.15,2.60,0.55,21.3
100,Mathlib.Algebra.Module.PID,4.65,3.83,0.81,21.3
101,Mathlib.RingTheory.AdicCompletion.Algebra,9.16,7.56,1.60,21.1
102,Mathlib.Tactic.Rename,0.92,0.76,0.16,21.1
103,Mathlib.Tactic.OfNat,0.80,0.66,0.14,21.1
104,Mathlib.Lean.Expr.ReplaceRec,0.80,0.66,0.14,21.1
105,Mathlib.Topology.Algebra.Algebra,4.48,3.70,0.78,21.1
106,Mathlib.Topology.MetricSpace.Holder,3.65,3.02,0.63,20.9
107,Mathlib.Tactic.TacticAnalysis.Declarations,1.96,1.62,0.34,20.9
108,Mathlib.Data.Int.Fib.Lemmas,1.94,1.60,0.33,20.8
109,Mathlib.Topology.Sheaves.SheafOfFunctions,1.93,1.60,0.33,20.6
110,Mathlib.CategoryTheory.Sites.Plus,4.62,3.84,0.79,20.5
111,Mathlib.CategoryTheory.Presentable.Adjunction,1.92,1.59,0.32,20.4
112,Mathlib.LinearAlgebra.TensorProduct.DirectLimit,3.83,3.18,0.65,20.4
113,Mathlib.Tactic.WithoutCDot,0.93,0.77,0.16,20.3
114,Mathlib.AlgebraicTopology.SimplicialObject.Basic,7.61,6.33,1.28,20.2
115,Mathlib.RingTheory.Extension.Presentation.Core,5.08,4.23,0.85,20.2
116,Mathlib.Algebra.Category.Grp.Biproducts,2.05,1.71,0.34,20.0
117,Mathlib.CategoryTheory.Monoidal.Braided.Multifunctor,3.64,3.04,0.60,19.8
118,Mathlib.Algebra.Category.ModuleCat.Sheaf.ChangeOfRings,2.53,2.11,0.42,19.8
119,Mathlib.Tactic.ApplyWith,0.79,0.66,0.13,19.6
120,Mathlib.LinearAlgebra.Matrix.Block,3.27,2.73,0.53,19.5
121,Mathlib.CategoryTheory.Sites.CompatiblePlus,4.49,3.76,0.73,19.5
122,Mathlib.Algebra.Category.ModuleCat.Presheaf.Colimits,3.94,3.30,0.64,19.4
123,Mathlib.NumberTheory.ModularForms.EisensteinSeries.Defs,4.86,4.07,0.78,19.2
124,Mathlib.NumberTheory.Bernoulli,6.21,5.22,1.00,19.2
125,Mathlib.CategoryTheory.WithTerminal.Cone,6.25,5.25,1.00,19.0
126,Mathlib.Tactic.Recover,1.01,0.85,0.16,19.0
127,Mathlib.Algebra.Homology.ShortComplex.Basic,3.56,3.00,0.57,19.0
128,Mathlib.CategoryTheory.Functor.KanExtension.DenseAt,1.74,1.46,0.28,19.0
129,Mathlib.Tactic.Linter.HashCommandLinter,1.04,0.88,0.17,18.9
130,Mathlib.RingTheory.LinearDisjoint,10.43,8.77,1.66,18.9
131,Mathlib.ModelTheory.Equivalence,2.47,2.08,0.39,18.9
132,Mathlib.Tactic.SuccessIfFailWithMsg,0.90,0.76,0.14,18.8
133,Mathlib.Topology.Homotopy.Affine,2.11,1.77,0.33,18.8
134,Mathlib.AlgebraicTopology.DoldKan.SplitSimplicialObject,3.02,2.54,0.48,18.8
135,Mathlib.Tactic.Linter.UnusedInstancesInType,1.02,0.86,0.16,18.8
136,Mathlib.Topology.ContinuousMap.Units,2.50,2.10,0.40,18.8
137,Mathlib.AlgebraicTopology.DoldKan.Normalized,2.62,2.20,0.41,18.8
138,Mathlib.RingTheory.LocalRing.ResidueField.Fiber,4.79,4.03,0.76,18.8
139,Mathlib.Tactic.Linter,0.80,0.67,0.13,18.7
140,Mathlib.Tactic.SwapVar,0.88,0.74,0.14,18.7
141,Mathlib.Algebra.Category.AlgCat.Monoidal,3.23,2.72,0.51,18.6
142,Mathlib.Logic.Nonempty,0.91,0.77,0.14,18.5
143,Mathlib.Tactic.FunProp.Mor,1.01,0.85,0.16,18.5
144,Mathlib.Algebra.Homology.DerivedCategory.Ext.ExactSequences,5.49,4.63,0.86,18.5
145,Mathlib.Util.AtLocation,0.91,0.77,0.14,18.5
146,Mathlib.Tactic.Inhabit,0.91,0.77,0.14,18.4
147,Mathlib.Analysis.SpecialFunctions.ContinuousFunctionalCalculus.PosPart.Basic,9.82,8.29,1.53,18.4
148,Mathlib.RingTheory.Flat.Stability,2.43,2.06,0.38,18.4
149,Mathlib.NumberTheory.LegendreSymbol.ZModChar,2.23,1.89,0.35,18.3
150,Mathlib.FieldTheory.IntermediateField.Algebraic,4.62,3.90,0.71,18.3
151,Mathlib.Algebra.Homology.HomotopyCategory.HomComplexSingle,2.49,2.10,0.38,18.3
152,Mathlib.LinearAlgebra.QuadraticForm.Isometry,2.71,2.29,0.42,18.3
153,Mathlib.Topology.Algebra.Module.Alternating.Topology,5.70,4.82,0.88,18.2
154,Mathlib.LinearAlgebra.Matrix.Symmetric,1.76,1.49,0.27,18.2
155,Mathlib.FieldTheory.PurelyInseparable.Tower,4.44,3.76,0.68,18.1
156,Mathlib.Dynamics.FixedPoints.Topology,1.51,1.28,0.23,18.1
157,Mathlib.LinearAlgebra.ExteriorAlgebra.Grading,5.19,4.39,0.79,18.1
158,Mathlib.Analysis.Normed.Algebra.TrivSqZeroExt,9.04,7.65,1.39,18.1
159,Mathlib.RingTheory.Algebraic.Pi,1.99,1.69,0.30,18.1
160,Mathlib.Topology.Filter,1.79,1.52,0.27,18.1
161,Mathlib.Tactic.ApplyCongr,0.90,0.76,0.14,18.1
162,Mathlib.Tactic.Simps.NotationClass,1.02,0.87,0.16,18.0
163,Mathlib.Algebra.Homology.Embedding.Basic,1.75,1.49,0.27,18.0
164,Mathlib.ModelTheory.DirectLimit,3.57,3.03,0.54,17.8
165,Mathlib.CategoryTheory.Action,2.35,2.00,0.35,17.8
166,Mathlib.Topology.Order.Category.FrameAdjunction,3.00,2.55,0.45,17.8
167,Mathlib.Analysis.InnerProductSpace.Basic,7.67,6.51,1.16,17.8
168,Mathlib.Topology.UrysohnsLemma,2.94,2.50,0.44,17.7
169,Mathlib.CategoryTheory.Closed.Enrichment,1.50,1.28,0.23,17.7
170,Mathlib.CategoryTheory.Limits.FilteredColimitCommutesFiniteLimit,2.78,2.36,0.42,17.6
171,Mathlib.CategoryTheory.Monoidal.DayConvolution,16.02,13.62,2.40,17.6
172,Mathlib.CategoryTheory.LiftingProperties.ParametrizedAdjunction,3.77,3.20,0.56,17.6
173,Mathlib.Condensed.Discrete.LocallyConstant,4.36,3.71,0.65,17.5
174,Mathlib.MeasureTheory.Function.AEMeasurableOrder,3.19,2.71,0.47,17.4
175,Mathlib.CategoryTheory.Subpresheaf.Equalizer,1.84,1.57,0.27,17.4
176,Mathlib.Algebra.Star.Free,1.85,1.57,0.27,17.3
177,Mathlib.Algebra.Category.AlgCat.Limits,4.18,3.57,0.62,17.3
178,Mathlib.AlgebraicTopology.SimplicialSet.NerveNondegenerate,2.11,1.80,0.31,17.3
179,Mathlib.Algebra.Category.FGModuleCat.Abelian,7.52,6.41,1.11,17.2
180,Mathlib.GroupTheory.FreeGroup.GeneratorEquiv,2.11,1.80,0.31,17.2
181,Mathlib.Algebra.BigOperators.Group.Finset.Pi,1.55,1.33,0.23,17.2
182,Mathlib.LinearAlgebra.Matrix.PosDef,3.66,3.12,0.54,17.2
183,Mathlib.LinearAlgebra.AffineSpace.Ordered,4.61,3.94,0.68,17.2
184,Mathlib.RepresentationTheory.Homological.GroupCohomology.Shapiro,3.19,2.72,0.47,17.1
185,Mathlib.Analysis.Calculus.ContDiff.FaaDiBruno,18.64,15.93,2.72,17.1
186,Mathlib.Analysis.Calculus.TangentCone.ProperSpace,2.34,2.00,0.34,17.0
187,Mathlib.RingTheory.Extension.Cotangent.Free,4.30,3.68,0.62,16.8
188,Mathlib.RepresentationTheory.Coinduced,7.30,6.25,1.05,16.8
189,Mathlib.Analysis.Normed.Ring.Basic,7.16,6.14,1.03,16.7
190,Mathlib.RingTheory.Polynomial.ContentIdeal,2.81,2.40,0.40,16.7
191,Mathlib.LinearAlgebra.Charpoly.BaseChange,2.45,2.10,0.35,16.7
192,Mathlib.Lean.Meta.RefinedDiscrTree.Basic,1.23,1.06,0.18,16.7
193,Mathlib.RingTheory.DedekindDomain.LinearDisjoint,11.04,9.46,1.57,16.6
194,Mathlib.Analysis.Seminorm,12.89,11.05,1.84,16.6
195,Mathlib.RingTheory.AlgebraicIndependent.AlgebraicClosure,3.51,3.01,0.50,16.6
196,Mathlib.Tactic.GuardHypNums,0.78,0.67,0.11,16.5
197,Mathlib.Topology.Algebra.InfiniteSum.Field,1.98,1.70,0.28,16.5
198,Mathlib.Tactic.CasesM,1.24,1.06,0.18,16.4
199,Mathlib.Tactic.RSuffices,1.02,0.88,0.14,16.4
200,Mathlib.Analysis.Normed.Module.MStructure,3.27,2.81,0.46,16.4
201,Mathlib.Algebra.Homology.DerivedCategory.Linear,1.96,1.68,0.27,16.4
202,Mathlib.Tactic.SudoSetOption,0.89,0.77,0.12,16.3
203,Mathlib.CategoryTheory.Limits.Presentation,1.84,1.58,0.26,16.3
204,Mathlib.Tactic.Observe,1.01,0.86,0.14,16.3
205,Mathlib.Algebra.Homology.HomotopyCategory.KInjective,3.28,2.82,0.46,16.3
206,Mathlib.LinearAlgebra.RootSystem.Basic,4.88,4.20,0.68,16.3
207,Mathlib.Algebra.Field.IsField,1.62,1.39,0.23,16.2
208,Mathlib.Algebra.Category.ModuleCat.Sheaf.Free,2.54,2.18,0.35,16.2
209,Mathlib.RingTheory.Flat.FaithfullyFlat.Basic,5.28,4.54,0.74,16.2
210,Mathlib.Logic.UnivLE,1.14,0.98,0.16,16.2
211,Mathlib.RingTheory.Jacobson.Ring,4.93,4.25,0.68,16.1
212,Mathlib.CategoryTheory.Category.Cat.Adjunction,1.74,1.50,0.24,16.0
213,Mathlib.Analysis.Calculus.FDeriv.ContinuousMultilinearMap,9.32,8.04,1.29,16.0
214,Mathlib.RingTheory.RingHom.OpenImmersion,2.43,2.10,0.34,16.0
215,Mathlib.ModelTheory.Types,1.83,1.58,0.25,16.0
216,Mathlib.RingTheory.Multiplicity,4.10,3.54,0.56,15.9
217,Mathlib.RingTheory.Valuation.AlgebraInstances,4.46,3.85,0.61,15.9
218,Mathlib.Algebra.Order.Monoid.Defs,1.49,1.28,0.20,15.8
219,Mathlib.LinearAlgebra.QuadraticForm.Real,3.27,2.82,0.45,15.8
220,Mathlib.AlgebraicTopology.SimplicialCategory.SimplicialObject,1.82,1.57,0.25,15.8
221,Mathlib.Topology.PartitionOfUnity,3.88,3.35,0.53,15.8
222,Mathlib.Topology.Algebra.Module.WeakBilin,2.46,2.12,0.33,15.8
223,Mathlib.Topology.Separation.Lemmas,2.07,1.79,0.28,15.7
224,Mathlib.RepresentationTheory.Homological.GroupHomology.Shapiro,2.66,2.30,0.36,15.7
225,Mathlib.Topology.Algebra.Module.StrongTopology,13.84,11.96,1.88,15.7
226,Mathlib.RingTheory.Valuation.ValuationSubring,7.64,6.61,1.03,15.7
227,Mathlib.Combinatorics.SimpleGraph.Hamiltonian,1.71,1.48,0.23,15.6
228,Mathlib.LinearAlgebra.LinearPMap,7.74,6.70,1.04,15.5
229,Mathlib.Algebra.Order.GroupWithZero.Synonym,1.13,0.98,0.15,15.5
230,Mathlib.Tactic.Linter.DocString,1.01,0.88,0.14,15.5
231,Mathlib.Algebra.Module.LinearMap.DivisionRing,1.62,1.40,0.22,15.5
232,Mathlib.CategoryTheory.Limits.Constructions.BinaryProducts,2.05,1.77,0.27,15.4
233,Mathlib.CategoryTheory.Triangulated.TStructure.Basic,2.52,2.18,0.34,15.4
234,Mathlib.Data.List.Forall2,1.72,1.49,0.23,15.4
235,Mathlib.Data.List.Basic,5.76,4.99,0.77,15.4
236,Mathlib.CategoryTheory.Comma.StructuredArrow.Functor,2.65,2.29,0.35,15.4
237,Mathlib.RepresentationTheory.Rep,13.18,11.43,1.75,15.3
238,Mathlib.CategoryTheory.GuitartExact.KanExtension,2.05,1.78,0.27,15.3
239,Mathlib.Lean.PrettyPrinter.Delaborator,0.90,0.78,0.12,15.3
240,Mathlib.Tactic.Linter.DocPrime,1.11,0.96,0.15,15.3
241,Mathlib.RingTheory.Extension.Cotangent.Basic,15.80,13.71,2.09,15.3
242,Mathlib.Algebra.Lie.TraceForm,9.68,8.39,1.28,15.2
243,Mathlib.Combinatorics.SetFamily.KruskalKatona,2.41,2.10,0.32,15.2
244,Mathlib.RingTheory.Noetherian.Nilpotent,1.86,1.62,0.25,15.2
245,Mathlib.Algebra.Lie.InvariantForm,3.42,2.97,0.45,15.2
246,Mathlib.Algebra.Category.MonCat.Basic,3.95,3.43,0.52,15.2
247,Mathlib.Tactic.Set,1.12,0.98,0.15,15.1
248,Mathlib.Algebra.AffineMonoid.UniqueSums,1.84,1.60,0.24,15.1
249,Mathlib.Topology.Sheaves.SheafCondition.EqualizerProducts,5.78,5.03,0.76,15.1
250,Mathlib.Analysis.Normed.Module.Extr,2.05,1.78,0.27,15.1
251,Mathlib.Algebra.Group.Int.TypeTags,1.25,1.08,0.16,15.1
252,Mathlib.Geometry.Euclidean.Incenter,8.06,7.00,1.05,15.0
253,Mathlib.AlgebraicTopology.SimplicialSet.Path,3.27,2.85,0.43,15.0
254,Mathlib.RingTheory.AlgebraicIndependent.Transcendental,3.24,2.82,0.42,15.0
255,Mathlib.Analysis.NormedSpace.Connected,2.05,1.78,0.27,15.0
256,Mathlib.Init,0.90,0.78,0.12,15.0
257,Mathlib.AlgebraicTopology.FundamentalGroupoid.SimplyConnected,2.18,1.90,0.28,15.0
258,Mathlib.NumberTheory.Padics.PadicVal.Basic,2.41,2.10,0.31,15.0
259,Mathlib.Tactic.FunProp.Decl,1.10,0.96,0.14,14.9
260,Mathlib.Analysis.Normed.Ring.Units,2.77,2.41,0.36,14.9
261,Mathlib.Algebra.Category.MonCat.Yoneda,2.67,2.32,0.35,14.9
262,Mathlib.LinearAlgebra.QuadraticForm.QuadraticModuleCat.Monoidal,5.51,4.80,0.71,14.9
263,Mathlib.LinearAlgebra.PiTensorProduct,8.40,7.31,1.09,14.9
264,Mathlib.Data.Nat.Count,1.72,1.50,0.22,14.9
265,Mathlib.AlgebraicTopology.DoldKan.Degeneracies,2.55,2.22,0.33,14.9
266,Mathlib.Algebra.Ring.Subgroup,1.60,1.40,0.21,14.8
267,Mathlib.CategoryTheory.Sites.Sheaf,5.35,4.66,0.69,14.8
268,Mathlib.Order.Monotone.MonovaryOrder,1.84,1.61,0.24,14.8
269,Mathlib.Data.List.Destutter,2.05,1.78,0.26,14.8
270,Mathlib.Data.ZMod.Aut,1.72,1.50,0.22,14.8
271,Mathlib.RingTheory.LocalRing.Module,14.27,12.43,1.84,14.8
272,Mathlib.Analysis.Normed.Group.Basic,8.65,7.54,1.11,14.8
273,Mathlib.Topology.Compactness.HilbertCubeEmbedding,1.82,1.59,0.23,14.7
274,Mathlib.Algebra.Algebra.Hom,3.12,2.73,0.40,14.7
275,Mathlib.LinearAlgebra.CliffordAlgebra.Fold,4.26,3.71,0.54,14.7
276,Mathlib.Data.Fintype.Quotient,1.68,1.47,0.22,14.6
277,Mathlib.CategoryTheory.Sites.Hypercover.IsSheaf,1.83,1.60,0.23,14.6
278,Mathlib.Analysis.InnerProductSpace.Subspace,4.06,3.54,0.52,14.6
279,Mathlib.CategoryTheory.Bicategory.Adjunction.Mate,5.44,4.74,0.69,14.6
280,Mathlib.AlgebraicTopology.DoldKan.NCompGamma,2.79,2.43,0.35,14.6
281,Mathlib.GroupTheory.QuotientGroup.Basic,3.72,3.25,0.47,14.6
282,Mathlib.CategoryTheory.Limits.Constructions.FiniteProductsOfBinaryProducts,1.93,1.68,0.25,14.6
283,Mathlib.Algebra.Ring.Action.Rat,1.23,1.08,0.16,14.6
284,Mathlib.LinearAlgebra.AffineSpace.AffineMap,8.55,7.46,1.09,14.6
285,Mathlib.Algebra.Homology.ShortComplex.ModuleCat,6.69,5.84,0.85,14.6
286,Mathlib.Topology.Instances.AddCircle.Defs,5.45,4.75,0.69,14.6
287,Mathlib.Data.Prod.PProd,1.11,0.97,0.14,14.6
288,Mathlib.RingTheory.Unramified.Field,4.54,3.96,0.58,14.5
289,Mathlib.RingTheory.Etale.Field,4.70,4.10,0.60,14.5
290,Mathlib.Tactic.Linter.CommandStart,1.14,0.99,0.14,14.5
291,Mathlib.Algebra.Homology.HomotopyCategory.ShortExact,3.56,3.11,0.45,14.5
292,Mathlib.RingTheory.Localization.Basic,5.83,5.09,0.74,14.5
293,Mathlib.Analysis.Calculus.ContDiff.RestrictScalars,3.49,3.05,0.44,14.5
294,Mathlib.Tactic.Linter.DeprecatedSyntaxLinter,1.11,0.97,0.14,14.5
295,Mathlib.RingTheory.Ideal.IsPrincipalPowQuotient,3.05,2.67,0.39,14.4
296,Mathlib.Data.ZMod.ValMinAbs,2.03,1.78,0.26,14.4
297,Mathlib.Tactic.HigherOrder,1.11,0.97,0.14,14.4
298,Mathlib.Algebra.Category.Grp.Yoneda,3.05,2.67,0.38,14.3
299,Mathlib.Topology.Compactification.OnePoint,1.44,1.25,0.18,14.3
300,Mathlib.Control.Functor,0.99,0.86,0.12,14.3
301,Mathlib.Algebra.Group.Nat.Even,1.71,1.49,0.21,14.3
302,Mathlib.Algebra.Polynomial.Eval.Irreducible,1.71,1.50,0.21,14.3
303,Mathlib.Testing.Plausible.Sampleable,1.10,0.96,0.14,14.2
304,Mathlib.AlgebraicGeometry.Morphisms.UniversallyOpen,2.75,2.41,0.34,14.2
305,Mathlib.Lean.Meta.RefinedDiscrTree.Encode,1.20,1.05,0.15,14.2
306,Mathlib.RepresentationTheory.Homological.GroupHomology.LowDegree,17.80,15.58,2.21,14.2
307,Mathlib.RingTheory.Polynomial.Cyclotomic.Eval,4.50,3.94,0.56,14.2
308,Mathlib.SetTheory.Game.Short,2.30,2.01,0.29,14.2
309,Mathlib.RingTheory.Algebraic.Integral,8.83,7.73,1.10,14.2
310,Mathlib.Data.List.Lattice,1.81,1.59,0.23,14.2
311,Mathlib.RingTheory.Valuation.LocalSubring,4.81,4.21,0.60,14.2
312,Mathlib.Analysis.NormedSpace.BallAction,1.82,1.59,0.22,14.1
313,Mathlib.ModelTheory.Substructures,3.57,3.13,0.44,14.1
314,Mathlib.Tactic.Linter.MinImports,1.11,0.97,0.14,14.1
315,Mathlib.Topology.Algebra.Module.Cardinality,2.65,2.32,0.33,14.0
316,Mathlib.Combinatorics.Matroid.Minor.Order,1.83,1.60,0.23,14.0
317,Mathlib.Analysis.Normed.Module.RieszLemma,2.56,2.24,0.31,14.0
318,Mathlib.Tactic.DeprecateTo,1.21,1.06,0.15,14.0
319,Mathlib.CategoryTheory.Category.Cat.CartesianClosed,2.06,1.80,0.25,14.0
320,Mathlib.Dynamics.BirkhoffSum.NormedSpace,2.37,2.08,0.29,14.0
321,Mathlib.Util.AssertExists,1.00,0.88,0.12,13.9
322,Mathlib.Algebra.FreeNonUnitalNonAssocAlgebra,1.82,1.60,0.22,13.9
323,Mathlib.Topology.EMetricSpace.PairReduction,5.13,4.50,0.63,13.9
324,Mathlib.Topology.Algebra.Order.Group,2.63,2.31,0.32,13.9
325,Mathlib.Order.CountableDenseLinearOrder,1.82,1.60,0.22,13.9
326,Mathlib.Algebra.GroupWithZero.Commute,1.23,1.08,0.15,13.9
327,Mathlib.Geometry.RingedSpace.Stalks,3.21,2.82,0.39,13.8
328,Mathlib.Algebra.Category.ModuleCat.Sheaf.Abelian,2.05,1.80,0.25,13.8
329,Mathlib.Control.Basic,0.99,0.87,0.12,13.8
330,Mathlib.Data.Nat.Cast.Prod,1.22,1.07,0.15,13.8
331,Mathlib.RingTheory.Adjoin.Dimension,2.41,2.12,0.29,13.8
332,Mathlib.Order.SetIsMax,1.12,0.99,0.14,13.8
333,Mathlib.GroupTheory.GroupExtension.Basic,2.98,2.62,0.36,13.8
334,Mathlib.Topology.Algebra.Star,1.69,1.49,0.21,13.8
335,Mathlib.RingTheory.Ideal.Norm.RelNorm,8.99,7.90,1.09,13.8
336,Mathlib.Algebra.Category.ModuleCat.Presheaf.Limits,3.29,2.89,0.40,13.8
337,Mathlib.Analysis.Normed.Unbundled.SmoothingSeminorm,4.61,4.05,0.56,13.7
338,Mathlib.Topology.Category.Profinite.Product,2.36,2.08,0.29,13.7
339,Mathlib.RepresentationTheory.FiniteIndex,8.09,7.12,0.98,13.7
340,Mathlib.CategoryTheory.GlueData,4.08,3.59,0.49,13.7
341,Mathlib.Lean.Meta.RefinedDiscrTree.Lookup,1.31,1.16,0.16,13.7
342,Mathlib.CategoryTheory.Presentable.StrongGenerator,2.36,2.07,0.28,13.7
343,Mathlib.LinearAlgebra.Finsupp.Pi,2.35,2.07,0.28,13.6
344,Mathlib.FieldTheory.Normal.Defs,3.53,3.11,0.42,13.6
345,Mathlib.MeasureTheory.Measure.Trim,2.16,1.90,0.26,13.6
346,Mathlib.Topology.MetricSpace.Cover,2.27,2.00,0.27,13.6
347,Mathlib.Algebra.Category.ModuleCat.Sheaf.PushforwardContinuous,6.63,5.84,0.79,13.6
348,Mathlib.Analysis.Convex.StrictConvexBetween,2.54,2.24,0.30,13.6
349,Mathlib.MeasureTheory.Measure.Lebesgue.VolumeOfBalls,4.45,3.92,0.53,13.6
350,Mathlib.LinearAlgebra.RootSystem.Finite.CanonicalBilinear,5.46,4.81,0.65,13.6
351,Mathlib.Combinatorics.SimpleGraph.Extremal.Turan,2.88,2.54,0.34,13.6
352,Mathlib.CategoryTheory.Comma.Presheaf.Colimit,1.80,1.59,0.22,13.5
353,Mathlib.Algebra.Squarefree.Basic,2.15,1.89,0.26,13.5
354,Mathlib.LinearAlgebra.StdBasis,2.60,2.29,0.31,13.5
355,Mathlib.Tactic.Linter.DeprecatedModule,1.10,0.97,0.13,13.5
356,Mathlib.Algebra.Module.LocalizedModule.Int,2.05,1.81,0.24,13.5
357,Mathlib.Tactic.Conv,1.33,1.17,0.16,13.5
358,Mathlib.CategoryTheory.Triangulated.Rotate,2.96,2.61,0.35,13.5
359,Mathlib.Topology.Category.Profinite.CofilteredLimit,3.10,2.73,0.37,13.5
360,Mathlib.LinearAlgebra.CliffordAlgebra.Conjugation,4.37,3.85,0.52,13.5
361,Mathlib.RingTheory.IntegralClosure.IsIntegralClosure.Defs,1.65,1.46,0.20,13.5
362,Mathlib.CategoryTheory.CodiscreteCategory,1.54,1.36,0.18,13.4
363,Mathlib.RingTheory.NoetherNormalization,4.52,3.98,0.53,13.4
364,Mathlib.FieldTheory.PurelyInseparable.Basic,6.60,5.82,0.78,13.4
365,Mathlib.Algebra.Lie.Submodule,8.05,7.10,0.95,13.4
366,Mathlib.Lean.Expr.Basic,2.85,2.51,0.34,13.4
367,Mathlib.Algebra.Homology.BifunctorShift,4.94,4.36,0.58,13.4
368,Mathlib.Topology.ContinuousMap.Algebra,6.90,6.09,0.81,13.3
369,Mathlib.Analysis.RCLike.Lemmas,2.97,2.62,0.35,13.3
370,Mathlib.RingTheory.Localization.FractionRing,5.19,4.58,0.61,13.3
371,Mathlib.Algebra.Category.Grp.Colimits,3.93,3.47,0.46,13.3
372,Mathlib.CategoryTheory.Shift.Basic,4.72,4.17,0.55,13.3
373,Mathlib.CategoryTheory.Abelian.DiagramLemmas.KernelCokernelComp,4.19,3.70,0.49,13.3
374,Mathlib.NumberTheory.FrobeniusNumber,2.47,2.18,0.29,13.2
375,Mathlib.AlgebraicGeometry.Morphisms.AffineAnd,3.57,3.15,0.42,13.2
376,Mathlib.Algebra.Order.ToIntervalMod,6.41,5.66,0.75,13.2
377,Mathlib.Algebra.Category.ModuleCat.Biproducts,3.36,2.97,0.39,13.2
378,Mathlib.CategoryTheory.Limits.FunctorCategory.Finite,1.44,1.27,0.17,13.2
379,Mathlib.Tactic.Linter.OldObtain,0.81,0.71,0.09,13.2
380,Mathlib.AlgebraicTopology.SimplicialSet.AnodyneExtensions.Rank,2.06,1.82,0.24,13.2
381,Mathlib.Data.List.TakeDrop,1.83,1.62,0.21,13.1
382,Mathlib.LinearAlgebra.Multilinear.DirectSum,2.12,1.88,0.25,13.1
383,Mathlib.Algebra.GroupWithZero.Action.Opposite,1.21,1.07,0.14,13.1
384,Mathlib.Topology.Algebra.Module.PerfectPairing,2.71,2.40,0.31,13.1
385,Mathlib.Algebra.Homology.DerivedCategory.Basic,2.48,2.20,0.29,13.1
386,Mathlib.CategoryTheory.Limits.Connected,1.82,1.61,0.21,13.1
387,Mathlib.RingTheory.LocalRing.ResidueField.Instances,4.47,3.96,0.52,13.0
388,Mathlib.Algebra.Homology.Factorizations.CM5b,2.98,2.64,0.34,13.0
389,Mathlib.Algebra.EuclideanDomain.Defs,1.44,1.27,0.17,13.0
390,Mathlib.CategoryTheory.Abelian.SerreClass.MorphismProperty,2.04,1.80,0.24,13.0
391,Mathlib.Analysis.InnerProductSpace.Orientation,4.01,3.55,0.46,13.0
392,Mathlib.Topology.Instances.CantorSet,4.84,4.29,0.56,13.0
393,Mathlib.CategoryTheory.Functor.KanExtension.Adjunction,4.27,3.78,0.49,13.0
394,Mathlib.LinearAlgebra.QuadraticForm.IsometryEquiv,3.05,2.70,0.35,13.0
395,Mathlib.Lean.Meta.Simp,0.98,0.87,0.11,13.0
396,Mathlib.CategoryTheory.Sites.SheafHom,2.77,2.45,0.32,12.9
397,Mathlib.Tactic.FBinop,1.54,1.37,0.18,12.9
398,Mathlib.Analysis.NormedSpace.Real,1.82,1.61,0.21,12.9
399,Mathlib.Analysis.LocallyConvex.BalancedCoreHull,2.84,2.52,0.33,12.9
400,Mathlib.LinearAlgebra.AffineSpace.Restrict,2.17,1.92,0.25,12.9
401,Mathlib.RingTheory.MvPolynomial.Groebner,3.38,2.99,0.38,12.9
402,Mathlib.Topology.Algebra.UniformRing,2.94,2.61,0.33,12.8
403,Mathlib.RingTheory.Extension.Generators,7.61,6.75,0.87,12.8
404,Mathlib.CategoryTheory.Sites.LocallySurjective,2.83,2.51,0.32,12.8
405,Mathlib.RingTheory.IntegralClosure.IntegrallyClosed,3.63,3.22,0.41,12.8
406,Mathlib.Tactic.Spread,1.10,0.98,0.12,12.8
407,Mathlib.RingTheory.Algebraic.MvPolynomial,2.98,2.64,0.34,12.8
408,Mathlib.Topology.Algebra.Module.LinearMapPiProd,3.90,3.46,0.44,12.7
409,Mathlib.Data.Multiset.Sym,1.45,1.29,0.16,12.7
410,Mathlib.GroupTheory.Perm.List,1.92,1.71,0.22,12.7
411,Mathlib.Analysis.RCLike.Extend,3.27,2.90,0.37,12.7
412,Mathlib.Algebra.Star.TensorProduct,2.42,2.15,0.27,12.7
413,Mathlib.Analysis.Normed.Group.AddCircle,3.40,3.02,0.38,12.7
414,Mathlib.GroupTheory.Order.Min,2.13,1.89,0.24,12.7
415,Mathlib.Topology.Algebra.Category.ProfiniteGrp.Limits,2.85,2.53,0.32,12.7
416,Mathlib.Topology.Defs.Induced,1.44,1.28,0.16,12.7
417,Mathlib.Topology.Category.CompHaus.Basic,2.71,2.41,0.31,12.7
418,Mathlib.Topology.Separation.CountableSeparatingOn,1.42,1.26,0.16,12.6
419,Mathlib.Combinatorics.SimpleGraph.Connectivity.Subgraph,5.43,4.82,0.61,12.6
420,Mathlib.LinearAlgebra.Quotient.Basic,4.45,3.95,0.50,12.6
421,Mathlib.Analysis.LocallyConvex.Bounded,4.50,4.00,0.50,12.6
422,Mathlib.MeasureTheory.Measure.AEDisjoint,2.14,1.90,0.24,12.6
423,Mathlib.Analysis.Normed.Affine.MazurUlam,2.63,2.33,0.29,12.6
424,Mathlib.Analysis.Normed.Group.Pointwise,3.89,3.45,0.43,12.6
425,Mathlib.Algebra.Category.ModuleCat.Presheaf.Sheafification,4.05,3.60,0.45,12.6
426,Mathlib.AlgebraicGeometry.Stalk,4.64,4.12,0.52,12.6
427,Mathlib.NumberTheory.ArithmeticFunction.Moebius,2.35,2.09,0.26,12.6
428,Mathlib.Topology.Algebra.UniformFilterBasis,1.93,1.71,0.22,12.5
429,Mathlib.Tactic.TacticAnalysis,1.20,1.07,0.13,12.5
430,Mathlib.GroupTheory.GroupAction.Period,2.01,1.79,0.22,12.5
431,Mathlib.Analysis.Normed.Module.Normalize,2.24,1.99,0.25,12.5
432,Mathlib.CategoryTheory.Limits.Cones,10.58,9.40,1.18,12.5
433,Mathlib.CategoryTheory.Limits.Preserves.Limits,1.92,1.71,0.21,12.5
434,Mathlib.Analysis.SpecialFunctions.Trigonometric.Inverse,3.06,2.72,0.34,12.5
435,Mathlib.Analysis.CStarAlgebra.ContinuousLinearMap,2.76,2.45,0.31,12.5
436,Mathlib.RingTheory.RingHom.StandardSmooth,2.46,2.19,0.27,12.5
437,Mathlib.Algebra.Category.CommAlgCat.Basic,3.44,3.06,0.38,12.5
438,Mathlib.SetTheory.Game.Basic,12.38,11.01,1.37,12.5
439,Mathlib.Analysis.Normed.Lp.LpEquiv,4.26,3.79,0.47,12.5
440,Mathlib.MeasureTheory.Group.Pointwise,2.02,1.80,0.22,12.4
441,Mathlib.CategoryTheory.ConcreteCategory.ReflectsIso,1.35,1.20,0.15,12.4
442,Mathlib.Analysis.Complex.Convex,2.82,2.51,0.31,12.4
443,Mathlib.NumberTheory.ArithmeticFunction.VonMangoldt,2.48,2.20,0.27,12.4
444,Mathlib.RingTheory.Polynomial.Chebyshev,11.16,9.93,1.23,12.4
445,Mathlib.CategoryTheory.Elements,4.27,3.80,0.47,12.4
446,Mathlib.Analysis.LocallyConvex.WeakDual,3.50,3.11,0.38,12.4
447,Mathlib.Tactic.Bound.Init,2.11,1.88,0.23,12.4
448,Mathlib.CategoryTheory.Limits.MonoCoprod,2.04,1.81,0.22,12.4
449,Mathlib.Analysis.Complex.Cardinality,1.91,1.70,0.21,12.4
450,Mathlib.GroupTheory.FreeGroup.NielsenSchreier,2.24,1.99,0.25,12.4
451,Mathlib.LinearAlgebra.QuadraticForm.QuadraticModuleCat.Symmetric,2.47,2.20,0.27,12.4
452,Mathlib.Analysis.LocallyConvex.WithSeminorms,7.10,6.32,0.78,12.3
453,Mathlib.Tactic.ExtractGoal,1.42,1.26,0.16,12.3
454,Mathlib.RepresentationTheory.Homological.GroupCohomology.LongExactSequence,3.95,3.52,0.43,12.3
455,Mathlib.Analysis.Normed.Algebra.Exponential,5.00,4.45,0.55,12.3
456,Mathlib.RingTheory.Spectrum.Maximal.Defs,1.51,1.35,0.17,12.3
457,Mathlib.Topology.UniformSpace.Cauchy,2.56,2.28,0.28,12.3
458,Mathlib.Topology.Homotopy.Contractible,2.00,1.78,0.22,12.3
459,Mathlib.Algebra.Category.AlgCat.Symmetric,1.93,1.72,0.21,12.3
460,Mathlib.LinearAlgebra.Matrix.DotProduct,2.36,2.10,0.26,12.3
461,Mathlib.Algebra.Category.ModuleCat.Sheaf.Quasicoherent,2.96,2.63,0.32,12.3
462,Mathlib.Analysis.Convex.AmpleSet,2.47,2.20,0.27,12.3
463,Mathlib.Analysis.Asymptotics.AsymptoticEquivalent,3.08,2.75,0.34,12.3
464,Mathlib.RingTheory.FilteredAlgebra.Basic,1.45,1.29,0.16,12.2
465,Mathlib.CategoryTheory.ObjectProperty.ContainsZero,1.43,1.27,0.16,12.2
466,Mathlib.Algebra.Group.Hom.End,1.33,1.19,0.15,12.2
467,Mathlib.Combinatorics.SimpleGraph.Paths,3.61,3.21,0.39,12.2
468,Mathlib.Analysis.CStarAlgebra.lpSpace,4.97,4.43,0.54,12.2
469,Mathlib.CategoryTheory.Join.Final,2.15,1.92,0.23,12.2
470,Mathlib.Algebra.Category.Ring.Under.Basic,3.65,3.25,0.40,12.2
471,Mathlib.Analysis.NormedSpace.PiTensorProduct.InjectiveSeminorm,2.14,1.91,0.23,12.2
472,Mathlib.Analysis.Calculus.TangentCone.Pi,2.35,2.10,0.25,12.2
473,Mathlib.Lean.Meta.RefinedDiscrTree.Initialize,1.34,1.19,0.15,12.1
474,Mathlib.Analysis.RCLike.TangentCone,2.12,1.89,0.23,12.1
475,Mathlib.Algebra.Group.Action.Faithful,1.33,1.19,0.14,12.1
476,Mathlib.CategoryTheory.Limits.Shapes.Kernels,6.70,5.97,0.72,12.1
477,Mathlib.CategoryTheory.Category.GaloisConnection,1.45,1.29,0.16,12.1
478,Mathlib.Data.Finsupp.Single,2.11,1.88,0.23,12.1
479,Mathlib.LinearAlgebra.QuadraticForm.Dual,3.28,2.93,0.35,12.1
480,Mathlib.Analysis.Calculus.FDeriv.ContinuousAlternatingMap,10.71,9.56,1.15,12.1
481,Mathlib.GroupTheory.GroupAction.IterateAct,1.21,1.08,0.13,12.1
482,Mathlib.Combinatorics.Enumerative.Partition.Basic,1.91,1.71,0.21,12.1
483,Mathlib.Algebra.Ring.Parity,2.91,2.59,0.31,12.1
484,Mathlib.Dynamics.PeriodicPts.Defs,2.12,1.90,0.23,12.0
485,Mathlib.Topology.Connected.Separation,1.44,1.28,0.15,12.0
486,Mathlib.Algebra.Lie.CartanSubalgebra,2.11,1.88,0.23,12.0
487,Mathlib.Algebra.Group.Translate,1.55,1.38,0.17,12.0
488,Mathlib.RingTheory.PowerSeries.Restricted,4.12,3.68,0.44,12.0
489,Mathlib.Algebra.Order.Field.Rat,1.44,1.28,0.15,12.0
490,Mathlib.Algebra.Algebra.Subalgebra.Centralizer,3.13,2.80,0.33,12.0
491,Mathlib.CategoryTheory.Sites.Coherent.SheafComparison,2.44,2.17,0.26,12.0
492,Mathlib.RingTheory.Polynomial.ShiftedLegendre,2.33,2.08,0.25,11.9
493,Mathlib.Algebra.Homology.Embedding.TruncLE,3.18,2.84,0.34,11.9
494,Mathlib.CategoryTheory.Limits.Set,1.44,1.28,0.15,11.9
495,Mathlib.GroupTheory.Perm.Cycle.Factors,3.03,2.71,0.32,11.9
496,Mathlib.Analysis.Calculus.FDeriv.CompCLM,16.03,14.32,1.71,11.9
497,Mathlib.Algebra.Group.Equiv.Opposite,1.81,1.61,0.19,11.9
498,Mathlib.Geometry.Euclidean.Simplex,3.62,3.24,0.38,11.9
499,Mathlib.CategoryTheory.Abelian.Injective.Basic,1.92,1.72,0.20,11.8
500,Mathlib.Analysis.Convex.Exposed,2.23,2.00,0.24,11.8
501,Mathlib.Algebra.Group.Action.Pointwise.Set.Finite,1.41,1.26,0.15,11.8
502,Mathlib.RepresentationTheory.Homological.GroupHomology.Basic,4.56,4.08,0.48,11.8
503,Mathlib.Algebra.Lie.Semisimple.Basic,2.64,2.36,0.28,11.8
504,Mathlib.FieldTheory.SeparableClosure,7.31,6.54,0.77,11.8
505,Mathlib.Algebra.Lie.Weights.Chain,4.51,4.03,0.48,11.8
506,Mathlib.Order.GaloisConnection.Defs,1.52,1.36,0.16,11.8
507,Mathlib.CategoryTheory.Triangulated.Triangulated,3.52,3.15,0.37,11.8
508,Mathlib.Algebra.Order.Sub.Prod,1.22,1.09,0.13,11.8
509,Mathlib.ModelTheory.Graph,1.65,1.48,0.17,11.8
510,Mathlib.CategoryTheory.Functor.Trifunctor,5.62,5.03,0.59,11.8
511,Mathlib.Algebra.Expr,1.01,0.90,0.11,11.8
512,Mathlib.CategoryTheory.Limits.Shapes.Equalizers,5.77,5.16,0.61,11.8
513,Mathlib.LinearAlgebra.Ray,4.61,4.13,0.49,11.7
514,Mathlib.MeasureTheory.Function.LpSeminorm.Basic,7.35,6.58,0.77,11.7
515,Mathlib.LinearAlgebra.Dimension.ErdosKaplansky,2.67,2.38,0.28,11.7
516,Mathlib.LinearAlgebra.AffineSpace.Matrix,2.34,2.10,0.25,11.7
517,Mathlib.RingTheory.MvPolynomial.MonomialOrder.DegLex,2.14,1.92,0.22,11.7
518,Mathlib.Algebra.QuaternionBasis,3.88,3.47,0.41,11.7
519,Mathlib.LinearAlgebra.QuadraticForm.Prod,4.08,3.65,0.43,11.7
520,Mathlib.Algebra.Module.Presentation.Differentials,3.36,3.01,0.35,11.7
521,Mathlib.Analysis.Complex.UpperHalfPlane.Topology,2.79,2.50,0.29,11.6
522,Mathlib.Data.List.ProdSigma,1.34,1.20,0.14,11.6
523,Mathlib.Analysis.Convex.Side,6.45,5.78,0.67,11.6
524,Mathlib.Order.Partition.Finpartition,3.25,2.91,0.34,11.6
525,Mathlib.Analysis.SpecialFunctions.Trigonometric.Arctan,4.35,3.89,0.45,11.6
526,Mathlib.Algebra.Algebra.Subalgebra.Pointwise,1.91,1.71,0.20,11.6
527,Mathlib.FieldTheory.IntermediateField.Adjoin.Algebra,4.63,4.15,0.48,11.6
528,Mathlib.GroupTheory.MonoidLocalization.GrothendieckGroup,1.90,1.71,0.20,11.6
529,Mathlib.Order.Filter.AtTopBot.Field,2.01,1.80,0.21,11.6
530,Mathlib.Algebra.Module.Submodule.Union,4.03,3.61,0.42,11.6
531,Mathlib.Analysis.Convex.Gauge,5.32,4.77,0.55,11.6
532,Mathlib.LinearAlgebra.FreeModule.ModN,3.46,3.10,0.36,11.6
533,Mathlib.LinearAlgebra.Basis.Cardinality,2.35,2.11,0.24,11.6
534,Mathlib.Topology.Algebra.Group.Units,1.56,1.40,0.16,11.6
535,Mathlib.Data.PNat.Equiv,1.11,0.99,0.11,11.6
536,Mathlib.RingTheory.Ideal.Maps,5.70,5.11,0.59,11.6
537,Mathlib.Combinatorics.SimpleGraph.Connectivity.WalkCounting,2.12,1.90,0.22,11.6
538,Mathlib.CategoryTheory.GuitartExact.Opposite,3.05,2.73,0.32,11.6
539,Mathlib.CategoryTheory.Subobject.MonoOver,5.28,4.73,0.55,11.6
540,Mathlib.Tactic.Positivity.Finset,2.14,1.92,0.22,11.6
541,Mathlib.Analysis.Convex.LinearIsometry,2.35,2.10,0.24,11.6
542,Mathlib.CategoryTheory.Limits.Shapes.Pullback.Categorical.Basic,29.61,26.55,3.07,11.5
543,Mathlib.CategoryTheory.SmallObject.Iteration.ExtendToSucc,2.82,2.53,0.29,11.5
544,Mathlib.Algebra.TrivSqZeroExt,9.99,8.96,1.03,11.5
545,Mathlib.Algebra.Category.Grp.Kernels,1.61,1.45,0.17,11.5
546,Mathlib.CategoryTheory.Adjunction.Whiskering,2.14,1.92,0.22,11.5
547,Mathlib.CategoryTheory.Sites.Adjunction,1.81,1.62,0.19,11.5
548,Mathlib.Analysis.Normed.Module.Ball.Homeomorph,3.42,3.06,0.35,11.5
549,Mathlib.Algebra.Algebra.Subalgebra.Basic,6.45,5.79,0.67,11.5
550,Mathlib.Algebra.Algebra.Prod,1.89,1.70,0.20,11.5
551,Mathlib.CategoryTheory.Comma.Over.Pullback,4.34,3.90,0.45,11.5
552,Mathlib.Topology.Category.LightProfinite.Basic,3.50,3.14,0.36,11.5
553,Mathlib.CategoryTheory.Limits.Shapes.Opposites.Filtered,1.42,1.27,0.15,11.5
554,Mathlib.Topology.Separation.AlexandrovDiscrete,1.43,1.28,0.15,11.5
555,Mathlib.Algebra.Ring.Idempotent,1.53,1.37,0.16,11.4
556,Mathlib.CategoryTheory.Limits.Constructions.Over.Connected,2.59,2.33,0.27,11.4
557,Mathlib.Algebra.Category.ModuleCat.Sheaf,3.13,2.81,0.32,11.4
558,Mathlib.Data.Nat.Dist,1.67,1.50,0.17,11.4
559,Mathlib.Algebra.Group.Pi.Units,1.21,1.08,0.12,11.4
560,Mathlib.Topology.Category.CompHaus.EffectiveEpi,2.23,2.00,0.23,11.4
561,Mathlib.Algebra.LinearRecurrence,2.54,2.28,0.26,11.4
562,Mathlib.GroupTheory.CosetCover,6.45,5.79,0.66,11.4
563,Mathlib.RingTheory.HopfAlgebra.GroupLike,2.12,1.90,0.22,11.4
564,Mathlib.Topology.CWComplex.Classical.Finite,2.58,2.32,0.26,11.4
565,Mathlib.AlgebraicTopology.SimplexCategory.Augmented.Basic,2.79,2.51,0.29,11.4
566,Mathlib.Topology.Sheaves.CommRingCat,4.41,3.96,0.45,11.4
567,Mathlib.Topology.Order.Monotone,2.55,2.29,0.26,11.4
568,Mathlib.Tactic.CongrM,1.22,1.09,0.12,11.4
569,Mathlib.FieldTheory.RatFunc.Basic,15.87,14.25,1.62,11.4
570,Mathlib.RingTheory.Spectrum.Maximal.Localization,3.13,2.81,0.32,11.4
571,Mathlib.AlgebraicGeometry.RationalMap,5.09,4.57,0.52,11.3
572,Mathlib.Topology.Algebra.Module.PointwiseConvergence,4.32,3.88,0.44,11.3
573,Mathlib.AlgebraicGeometry.SpreadingOut,3.68,3.31,0.38,11.3
574,Mathlib.CategoryTheory.Adjunction.Basic,4.91,4.41,0.50,11.3
575,Mathlib.Topology.Category.Profinite.EffectiveEpi,2.24,2.01,0.23,11.3
576,Mathlib.Analysis.BoxIntegral.Partition.SubboxInduction,2.13,1.92,0.22,11.3
577,Mathlib.Algebra.Azumaya.Matrix,3.25,2.92,0.33,11.3
578,Mathlib.CategoryTheory.Monoidal.Grp_,8.91,8.00,0.91,11.3
579,Mathlib.RingTheory.SimpleModule.WedderburnArtin,5.12,4.60,0.52,11.3
580,Mathlib.InformationTheory.Hamming,2.32,2.09,0.24,11.3
581,Mathlib.Topology.Category.Profinite.Projective,2.12,1.91,0.22,11.3
582,Mathlib.CategoryTheory.Comma.StructuredArrow.Final,2.14,1.92,0.22,11.3
583,Mathlib.Tactic.Linter.GlobalAttributeIn,0.86,0.77,0.09,11.3
584,Mathlib.RingTheory.GradedAlgebra.Basic,4.15,3.73,0.42,11.3
585,Mathlib.RingTheory.Polynomial.Eisenstein.Criterion,2.45,2.21,0.25,11.2
586,Mathlib.Algebra.Polynomial.Degree.Operations,2.98,2.68,0.30,11.2
587,Mathlib.Analysis.SpecialFunctions.Log.Basic,3.69,3.32,0.37,11.2
588,Mathlib.AlgebraicGeometry.ProjectiveSpectrum.Scheme,11.85,10.65,1.20,11.2
589,Mathlib.CategoryTheory.SmallObject.Iteration.FunctorOfCocone,2.43,2.18,0.25,11.2
590,Mathlib.Geometry.RingedSpace.SheafedSpace,2.66,2.39,0.27,11.2
591,Mathlib.Probability.Kernel.Defs,3.01,2.71,0.30,11.2
592,Mathlib.Topology.Compactness.LocallyFinite,1.39,1.25,0.14,11.2
593,Mathlib.RingTheory.Algebraic.Defs,1.97,1.77,0.20,11.2
594,Mathlib.Util.TermReduce,0.99,0.90,0.10,11.2
595,Mathlib.Topology.MetricSpace.Polish,2.65,2.38,0.27,11.2
596,Mathlib.GroupTheory.Perm.Closure,1.84,1.66,0.19,11.2
597,Mathlib.RingTheory.Polynomial.Eisenstein.Generalized,1.76,1.58,0.18,11.2
598,Mathlib.Algebra.Module.CharacterModule,4.42,3.98,0.44,11.2
599,Mathlib.NumberTheory.SiegelsLemma,5.59,5.03,0.56,11.2
600,Mathlib.Topology.Metrizable.ContinuousMap,1.64,1.47,0.16,11.1
601,Mathlib.Algebra.Algebra.Bilinear,3.38,3.04,0.34,11.1
602,Mathlib.Data.ZMod.QuotientGroup,2.67,2.40,0.27,11.1
603,Mathlib.LinearAlgebra.Multilinear.Finsupp,3.00,2.70,0.30,11.1
604,Mathlib.Analysis.SpecialFunctions.Choose,2.11,1.90,0.21,11.1
605,Mathlib.Algebra.MvPolynomial.Basic,5.25,4.73,0.53,11.1
606,Mathlib.AlgebraicTopology.SingularHomology.Basic,2.23,2.00,0.22,11.1
607,Mathlib.Algebra.Ring.WithZero,1.31,1.18,0.13,11.1
608,Mathlib.Analysis.SpecialFunctions.PolynomialExp,2.12,1.91,0.21,11.1
609,Mathlib.FieldTheory.IsSepClosed,3.25,2.92,0.32,11.1
610,Mathlib.Topology.Algebra.Valued.ValuativeRel,3.41,3.07,0.34,11.1
611,Mathlib.RingTheory.PiTensorProduct,6.67,6.01,0.67,11.1
612,Mathlib.CategoryTheory.Sites.Subsheaf,2.08,1.88,0.21,11.1
613,Mathlib.Analysis.Analytic.ChangeOrigin,7.18,6.46,0.72,11.1
614,Mathlib.CategoryTheory.Presentable.CardinalFilteredPresentation,1.86,1.67,0.19,11.1
615,Mathlib.Analysis.Fourier.FourierTransformDeriv,21.90,19.72,2.18,11.1
616,Mathlib.Analysis.Normed.Module.WeakDual,5.14,4.63,0.51,11.1
617,Mathlib.Analysis.Calculus.InverseFunctionTheorem.Deriv,2.33,2.10,0.23,11.1
618,Mathlib.LinearAlgebra.LinearIndependent.Lemmas,5.80,5.22,0.58,11.1
619,Mathlib.Algebra.Lie.Normalizer,2.69,2.43,0.27,11.0
620,Mathlib.Analysis.Convex.Intrinsic,3.61,3.25,0.36,11.0
621,Mathlib.CategoryTheory.Limits.Final.ParallelPair,1.42,1.28,0.14,11.0
622,Mathlib.Analysis.Normed.Algebra.QuaternionExponential,3.28,2.95,0.33,11.0
623,Mathlib.Data.Tree.RBMap,2.45,2.21,0.24,11.0
624,Mathlib.RepresentationTheory.Homological.GroupHomology.LongExactSequence,4.78,4.30,0.47,11.0
625,Mathlib.Topology.Category.Profinite.Nobeling.ZeroLimit,2.54,2.29,0.25,11.0
626,Mathlib.RepresentationTheory.Coinvariants,10.03,9.04,0.99,11.0
627,Mathlib.Data.Fintype.Vector,1.40,1.26,0.14,10.9
628,Mathlib.Deprecated.MLList.BestFirst,1.62,1.47,0.16,10.9
629,Mathlib.Topology.Algebra.Module.LocallyConvex,3.34,3.01,0.33,10.9
630,Mathlib.Algebra.Group.Semiconj.Units,1.41,1.27,0.14,10.9
631,Mathlib.Algebra.Group.Opposite,1.75,1.58,0.17,10.9
632,Mathlib.Combinatorics.SimpleGraph.Tutte,8.10,7.30,0.80,10.9
633,Mathlib.Analysis.Complex.IntegerCompl,2.11,1.90,0.21,10.9
634,Mathlib.RingTheory.Polynomial.Cyclotomic.Factorization,3.26,2.94,0.32,10.9
635,Mathlib.Data.Nat.Basic,1.21,1.09,0.12,10.9
636,Mathlib.NumberTheory.FactorisationProperties,4.63,4.18,0.46,10.9
637,Mathlib.RingTheory.Localization.Finiteness,3.07,2.77,0.30,10.9
638,Mathlib.FieldTheory.Finite.GaloisField,3.35,3.02,0.33,10.9
639,Mathlib.Analysis.Normed.Module.HahnBanach,3.94,3.55,0.39,10.9
640,Mathlib.LinearAlgebra.CliffordAlgebra.Prod,4.44,4.00,0.43,10.9
641,Mathlib.Analysis.CStarAlgebra.ContinuousFunctionalCalculus.Pi,3.48,3.14,0.34,10.9
642,Mathlib.FieldTheory.KrullTopology,4.59,4.14,0.45,10.8
643,Mathlib.Algebra.Order.Group.Action.End,1.20,1.08,0.12,10.8
644,Mathlib.RingTheory.LocalRing.ResidueField.Ideal,9.41,8.49,0.92,10.8
645,Mathlib.RingTheory.Polynomial.Eisenstein.Basic,2.12,1.91,0.21,10.8
646,Mathlib.Analysis.Complex.UpperHalfPlane.MoebiusAction,4.88,4.41,0.48,10.8
647,Mathlib.AlgebraicTopology.DoldKan.PInfty,2.45,2.21,0.24,10.8
648,Mathlib.Topology.Algebra.Support,2.63,2.38,0.26,10.8
649,Mathlib.Data.Int.Cast.Prod,1.20,1.08,0.12,10.8
650,Mathlib.Order.Filter.SmallSets,1.44,1.29,0.14,10.8
651,Mathlib.Order.Filter.CountableInter,1.73,1.56,0.17,10.8
652,Mathlib.LinearAlgebra.Complex.FiniteDimensional,2.12,1.92,0.21,10.8
653,Mathlib.NumberTheory.Harmonic.Defs,1.31,1.19,0.13,10.8
654,Mathlib.Data.DFinsupp.WellFounded,1.76,1.59,0.17,10.8
655,Mathlib.Order.Max,1.53,1.38,0.15,10.8
656,Mathlib.RingTheory.TensorProduct.MvPolynomial,4.75,4.29,0.46,10.8
657,Mathlib.CategoryTheory.Noetherian,1.62,1.46,0.16,10.8
658,Mathlib.CategoryTheory.Enriched.Limits.HasConicalPullbacks,1.43,1.29,0.14,10.8
659,Mathlib.LinearAlgebra.QuadraticForm.QuadraticModuleCat,2.75,2.48,0.27,10.7
660,Mathlib.Algebra.Notation,1.24,1.12,0.12,10.7
661,Mathlib.CategoryTheory.WithTerminal.Lemmas,1.40,1.27,0.14,10.7
662,Mathlib.Data.ENNReal.Holder,1.63,1.47,0.16,10.7
663,Mathlib.LinearAlgebra.RootSystem.RootPositive,4.25,3.84,0.41,10.7
664,Mathlib.Tactic.Linter.DirectoryDependency,1.52,1.37,0.15,10.7
665,Mathlib.Algebra.Order.Monoid.PNat,1.42,1.28,0.14,10.7
666,Mathlib.Analysis.Complex.Trigonometric,4.85,4.38,0.47,10.7
667,Mathlib.Data.ZMod.Factorial,1.65,1.49,0.16,10.7
668,Mathlib.Topology.Category.Compactum,2.64,2.38,0.25,10.7
669,Mathlib.Algebra.Module.PUnit,1.30,1.18,0.13,10.7
670,Mathlib.Topology.Sheaves.Sheafify,1.92,1.73,0.19,10.7
671,Mathlib.Analysis.Normed.Algebra.MatrixExponential,3.27,2.96,0.32,10.7
672,Mathlib.Data.Set.Inclusion,1.18,1.07,0.11,10.7
673,Mathlib.Algebra.Homology.Embedding.TruncGEHomology,2.57,2.32,0.25,10.7
674,Mathlib.Algebra.Polynomial.Degree.Units,1.75,1.58,0.17,10.6
675,Mathlib.RingTheory.Regular.Flat,2.43,2.20,0.23,10.6
676,Mathlib.Data.Set.MemPartition,1.54,1.39,0.15,10.6
677,Mathlib.Combinatorics.Matroid.Rank.Finite,1.75,1.58,0.17,10.6
678,Mathlib.Lean.Message,0.76,0.69,0.07,10.6
679,Mathlib.RingTheory.Conductor,3.36,3.03,0.32,10.6
680,Mathlib.Algebra.GroupWithZero.Equiv,1.21,1.09,0.12,10.6
681,Mathlib.Order.UpperLower.LocallyFinite,1.42,1.28,0.14,10.6
682,Mathlib.RingTheory.Finiteness.Defs,1.75,1.58,0.17,10.6
683,Mathlib.Algebra.Category.ModuleCat.Monoidal.Closed,2.31,2.08,0.22,10.6
684,Mathlib.RepresentationTheory.GroupCohomology.LowDegree,2.25,2.04,0.22,10.6
685,Mathlib.LinearAlgebra.Eigenspace.Minpoly,2.76,2.49,0.26,10.6
686,Mathlib.FieldTheory.Galois.GaloisClosure,3.70,3.34,0.35,10.6
687,Mathlib.Algebra.MvPolynomial.Invertible,1.64,1.48,0.16,10.6
688,Mathlib.AlgebraicGeometry.Restrict,11.01,9.96,1.05,10.6
689,Mathlib.RingTheory.IntegralClosure.Algebra.Defs,1.63,1.48,0.16,10.6
690,Mathlib.FieldTheory.LinearDisjoint,11.73,10.61,1.12,10.6
691,Mathlib.Analysis.BoxIntegral.Partition.Filter,2.75,2.49,0.26,10.6
692,Mathlib.Algebra.Notation.FiniteSupport,1.31,1.18,0.12,10.6
693,Mathlib.CategoryTheory.Limits.Shapes.Opposites.Products,2.54,2.30,0.24,10.6
694,Mathlib.CategoryTheory.GradedObject,4.16,3.76,0.40,10.6
695,Mathlib.Algebra.Homology.DerivedCategory.Fractions,2.43,2.20,0.23,10.5
696,Mathlib.CategoryTheory.ObjectProperty.ColimitsCardinalClosure,1.63,1.47,0.15,10.5
697,Mathlib.Analysis.Convex.PartitionOfUnity,2.19,1.99,0.21,10.5
698,Mathlib.Topology.MetricSpace.Infsep,2.21,2.00,0.21,10.5
699,Mathlib.Topology.IsLocalHomeomorph,1.73,1.57,0.17,10.5
700,Mathlib.MeasureTheory.OuterMeasure.Induced,2.76,2.50,0.26,10.5
701,Mathlib.Analysis.NormedSpace.Extr,1.86,1.68,0.18,10.5
702,Mathlib.Combinatorics.Additive.Randomisation,3.14,2.84,0.30,10.5
703,Mathlib.Analysis.Complex.Spectrum,2.22,2.01,0.21,10.5
704,Mathlib.Algebra.Lie.Killing,2.56,2.32,0.24,10.5
705,Mathlib.Algebra.Module.SpanRank,2.45,2.22,0.23,10.5
706,Mathlib.CategoryTheory.Linear.Yoneda,2.82,2.56,0.27,10.5
707,Mathlib.Analysis.Fourier.Notation,1.78,1.61,0.17,10.5
708,Mathlib.SetTheory.Game.Domineering,1.61,1.46,0.15,10.5
709,Mathlib.Topology.Maps.Proper.CompactlyGenerated,2.08,1.89,0.20,10.4
710,Mathlib.Algebra.Algebra.NonUnitalHom,4.60,4.17,0.44,10.4
711,Mathlib.RingTheory.FreeRing,1.65,1.50,0.16,10.4
712,Mathlib.Topology.Algebra.Module.Multilinear.Topology,5.37,4.86,0.51,10.4
713,Mathlib.Algebra.Group.Action.Pretransitive,1.31,1.19,0.12,10.4
714,Mathlib.LinearAlgebra.Dimension.Finite,3.87,3.50,0.37,10.4
715,Mathlib.CategoryTheory.Monoidal.Yoneda,1.30,1.18,0.12,10.4
716,Mathlib.Util.CompileInductive,1.42,1.29,0.13,10.4
717,Mathlib.Algebra.Star.Module,2.90,2.63,0.27,10.4
718,Mathlib.Order.Fin.Finset,1.42,1.29,0.13,10.4
719,Mathlib.RingTheory.Valuation.Integers,3.89,3.52,0.37,10.4
720,Mathlib.CategoryTheory.Limits.FunctorCategory.Filtered,1.43,1.29,0.13,10.4
721,Mathlib.CategoryTheory.Sites.DenseSubsite.SheafEquiv,3.68,3.33,0.35,10.4
722,Mathlib.Algebra.DirectSum.Decomposition,2.89,2.62,0.27,10.4
723,Mathlib.Data.Set.Finite.Monad,1.41,1.27,0.13,10.4
724,Mathlib.Topology.Algebra.TopologicallyNilpotent,1.84,1.67,0.17,10.4
725,Mathlib.Topology.PartialHomeomorph,1.44,1.30,0.14,10.4
726,Mathlib.Data.PNat.Order,1.43,1.30,0.13,10.3
727,Mathlib.Algebra.Lie.Weights.RootSystem,9.38,8.50,0.88,10.3
728,Mathlib.AlgebraicTopology.DoldKan.NReflectsIso,2.21,2.00,0.21,10.3
729,Mathlib.Analysis.Convex.Cone.Basic,2.68,2.43,0.25,10.3
730,Mathlib.Analysis.Real.OfDigits,3.02,2.74,0.28,10.3
731,Mathlib.LinearAlgebra.TensorProduct.Basic,19.33,17.52,1.81,10.3
732,Mathlib.Algebra.BrauerGroup.Defs,2.10,1.90,0.20,10.3
733,Mathlib.CategoryTheory.Preadditive.Injective.Preserves,1.53,1.39,0.14,10.3
734,Mathlib.LinearAlgebra.Vandermonde,4.46,4.05,0.42,10.3
735,Mathlib.Topology.Sheaves.Skyscraper,3.68,3.34,0.34,10.3
736,Mathlib.CategoryTheory.Adjunction.Opposites,1.97,1.79,0.18,10.3
737,Mathlib.Topology.Category.Profinite.Nobeling.Successor,5.12,4.64,0.48,10.3
738,Mathlib.Analysis.Calculus.FDeriv.Defs,2.77,2.52,0.26,10.3
739,Mathlib.LinearAlgebra.CliffordAlgebra.BaseChange,6.04,5.47,0.56,10.3
740,Mathlib.CategoryTheory.Bicategory.NaturalTransformation.Lax,6.34,5.75,0.59,10.3
741,Mathlib.Analysis.InnerProductSpace.Symmetric,3.99,3.62,0.37,10.3
742,Mathlib.Analysis.Normed.Order.Basic,1.65,1.49,0.15,10.3
743,Mathlib.CategoryTheory.Limits.Preserves.Shapes.Multiequalizer,1.51,1.37,0.14,10.2
744,Mathlib.Algebra.Module.LocalizedModule.Away,1.54,1.40,0.14,10.2
745,Mathlib.FieldTheory.IntermediateField.Basic,7.49,6.79,0.69,10.2
746,Mathlib.Algebra.Module.Shrink,1.41,1.28,0.13,10.2
747,Mathlib.Data.Finset.Card,4.46,4.05,0.41,10.2
748,Mathlib.Topology.FiberBundle.Constructions,2.42,2.19,0.22,10.2
749,Mathlib.CategoryTheory.Sites.Coherent.SequentialLimit,2.46,2.24,0.23,10.2
750,Mathlib.Algebra.Homology.Additive,4.48,4.06,0.41,10.2
751,Mathlib.Analysis.Complex.Basic,5.81,5.27,0.54,10.2
752,Mathlib.RingTheory.Polynomial.Eisenstein.IsIntegral,5.79,5.25,0.54,10.2
753,Mathlib.CategoryTheory.ComposableArrows.One,1.79,1.63,0.17,10.2
754,Mathlib.NumberTheory.Padics.RingHoms,4.48,4.06,0.41,10.2
755,Mathlib.CategoryTheory.GuitartExact.Over,1.84,1.67,0.17,10.2
756,Mathlib.CategoryTheory.GuitartExact.VerticalComposition,2.33,2.11,0.21,10.2
757,Mathlib.Analysis.NormedSpace.Pointwise,1.85,1.68,0.17,10.2
758,Mathlib.Data.Fintype.Powerset,1.44,1.31,0.13,10.2
759,Mathlib.MeasureTheory.Measure.Doubling,2.85,2.58,0.26,10.2
760,Mathlib.Algebra.Homology.ShortComplex.ConcreteCategory,2.55,2.31,0.23,10.2
761,Mathlib.AlgebraicGeometry.ResidueField,4.05,3.67,0.37,10.2
762,Mathlib.Analysis.Normed.Module.Convex,2.98,2.70,0.27,10.1
763,Mathlib.RingTheory.Finiteness.Prod,1.64,1.49,0.15,10.1
764,Mathlib.NumberTheory.Cyclotomic.PrimitiveRoots,6.13,5.56,0.56,10.1
765,Mathlib.RepresentationTheory.Homological.GroupHomology.Functoriality,18.93,17.19,1.74,10.1
766,Mathlib.RingTheory.Spectrum.Prime.Topology,5.61,5.09,0.52,10.1
767,Mathlib.Topology.SeparatedMap,1.63,1.48,0.15,10.1
768,Mathlib.Data.Finsupp.MonomialOrder,2.10,1.91,0.19,10.1
769,Mathlib.Order.Filter.Finite,1.85,1.68,0.17,10.1
770,Mathlib.Topology.Algebra.Ring.Compact,2.90,2.63,0.27,10.1
771,Mathlib.Tactic.Core,1.51,1.38,0.14,10.1
772,Mathlib.Analysis.Normed.Operator.Basic,7.74,7.03,0.71,10.1
773,Mathlib.MeasureTheory.Measure.MeasureSpace,5.12,4.65,0.47,10.1
774,Mathlib.Algebra.Colimit.Module,4.77,4.33,0.44,10.1
775,Mathlib.ModelTheory.Bundled,1.72,1.57,0.16,10.1
776,Mathlib.Topology.Sets.OpenCover,1.50,1.36,0.14,10.1
777,Mathlib.Algebra.Category.Semigrp.Basic,2.67,2.42,0.24,10.1
778,Mathlib.CategoryTheory.Sites.Coherent.RegularTopology,1.75,1.59,0.16,10.1
779,Mathlib.Data.Matrix.Basic,4.80,4.36,0.44,10.1
780,Mathlib.RingTheory.DividedPowers.Padic,3.03,2.75,0.28,10.1
781,Mathlib.Algebra.Polynomial.Degree.Lemmas,2.83,2.57,0.26,10.1
782,Mathlib.MeasureTheory.Group.LIntegral,2.32,2.11,0.21,10.1
783,Mathlib.Combinatorics.SimpleGraph.Basic,2.86,2.60,0.26,10.1
784,Mathlib.Control.Bitraversable.Lemmas,1.31,1.19,0.12,10.1
785,Mathlib.Topology.Algebra.SeparationQuotient.FiniteDimensional,1.74,1.58,0.16,10.0
786,Mathlib.Topology.ContinuousMap.CocompactMap,1.62,1.47,0.15,10.0
787,Mathlib.CategoryTheory.Localization.DerivabilityStructure.Derives,1.62,1.47,0.15,10.0
788,Mathlib.LinearAlgebra.RootSystem.BaseChange,4.23,3.85,0.39,10.0
789,Mathlib.LinearAlgebra.DirectSum.TensorProduct,3.62,3.29,0.33,10.0
790,Mathlib.MeasureTheory.Measure.Prod,4.71,4.28,0.43,10.0
791,Mathlib.GroupTheory.MonoidLocalization.Basic,10.14,9.21,0.92,10.0
792,Mathlib.Combinatorics.SetFamily.Kleitman,1.65,1.50,0.15,10.0
793,Mathlib.Algebra.Homology.HomotopyCategory,2.22,2.02,0.20,10.0
794,Mathlib.LinearAlgebra.SesquilinearForm.Star,2.30,2.10,0.21,10.0
795,Mathlib.Data.List.Defs,1.29,1.17,0.12,10.0
796,Mathlib.GroupTheory.GroupAction.Basic,2.97,2.70,0.27,10.0
797,Mathlib.Algebra.Polynomial.Smeval,2.63,2.39,0.24,10.0
798,Mathlib.RingTheory.Congruence.Opposite,1.34,1.22,0.12,10.0
799,Mathlib.Control.Monad.Cont,2.01,1.83,0.18,9.9
800,Mathlib.Algebra.Homology.ComplexShapeSigns,2.41,2.19,0.22,9.9
801,Mathlib.Analysis.Calculus.InverseFunctionTheorem.FiniteDimensional,2.65,2.42,0.24,9.9
802,Mathlib.Topology.Algebra.InfiniteSum.Defs,2.99,2.72,0.27,9.9
803,Mathlib.Data.List.Count,1.33,1.21,0.12,9.9
804,Mathlib.Algebra.DirectSum.Algebra,2.79,2.54,0.25,9.9
805,Mathlib.Algebra.BigOperators.ModEq,2.33,2.12,0.21,9.9
806,Mathlib.CategoryTheory.ObjectProperty.FunctorCategory.PreservesLimits,1.88,1.71,0.17,9.9
807,Mathlib.Tactic.Subsingleton,1.43,1.30,0.13,9.9
808,Mathlib.Topology.MetricSpace.ThickenedIndicator,2.95,2.68,0.27,9.9
809,Mathlib.Order.Filter.AtTopBot.BigOperators,1.51,1.37,0.14,9.9
810,Mathlib.Util.CountHeartbeats,1.42,1.29,0.13,9.9
811,Mathlib.Data.Nat.Init,1.83,1.67,0.17,9.9
812,Mathlib.Algebra.ContinuedFractions.Computation.ApproximationCorollaries,2.33,2.12,0.21,9.9
813,Mathlib.Algebra.Polynomial.AlgebraMap,4.43,4.03,0.40,9.9
814,Mathlib.AlgebraicGeometry.GammaSpecAdjunction,7.38,6.71,0.66,9.9
815,Mathlib.CategoryTheory.Adjunction.Limits,3.01,2.74,0.27,9.9
816,Mathlib.Algebra.Algebra.Opposite,2.77,2.52,0.25,9.9
817,Mathlib.Algebra.Polynomial.Eval.Coeff,1.94,1.77,0.18,9.9
818,Mathlib.Topology.UniformSpace.AbsoluteValue,1.51,1.38,0.14,9.9
819,Mathlib.Topology.Category.Profinite.Extend,2.97,2.71,0.27,9.9
820,Mathlib.Algebra.Order.Group.Unbundled.Int,1.40,1.28,0.13,9.9
821,Mathlib.Algebra.FreeAlgebra,3.42,3.11,0.31,9.9
822,Mathlib.GroupTheory.Coxeter.Basic,3.20,2.91,0.29,9.9
823,Mathlib.RepresentationTheory.Homological.GroupCohomology.Basic,5.24,4.77,0.47,9.9
824,Mathlib.Topology.LocallyConstant.Algebra,3.90,3.55,0.35,9.9
825,Mathlib.Analysis.Convex.StrictConvexSpace,2.64,2.41,0.24,9.8
826,Mathlib.CategoryTheory.Preadditive.Injective.Basic,1.82,1.66,0.16,9.8
827,Mathlib.CategoryTheory.Filtered.Grothendieck,1.51,1.37,0.13,9.8
828,Mathlib.Tactic.DefEqTransformations,1.64,1.50,0.15,9.8
829,Mathlib.Algebra.Homology.ShortComplex.HomologicalComplex,5.49,4.99,0.49,9.8
830,Mathlib.Algebra.Polynomial.Degree.Domain,1.75,1.60,0.16,9.8
831,Mathlib.CategoryTheory.GradedObject.Trifunctor,13.01,11.84,1.16,9.8
832,Mathlib.CategoryTheory.Limits.ExactFunctor,2.64,2.40,0.24,9.8
833,Mathlib.Topology.Category.Stonean.Limits,2.18,1.99,0.20,9.8
834,Mathlib.Analysis.InnerProductSpace.LinearMap,6.57,5.98,0.59,9.8
835,Mathlib.Combinatorics.SimpleGraph.Prod,2.19,2.00,0.20,9.8
836,Mathlib.CategoryTheory.Monoidal.Cartesian.CommGrp_,2.53,2.31,0.23,9.8
837,Mathlib.CategoryTheory.Bicategory.Kan.Adjunction,3.71,3.38,0.33,9.8
838,Mathlib.Algebra.Order.Hom.Units,1.17,1.06,0.10,9.8
839,Mathlib.SetTheory.Cardinal.Order,2.40,2.19,0.21,9.8
840,Mathlib.Order.PrimeIdeal,1.65,1.50,0.15,9.8
841,Mathlib.CategoryTheory.Subpresheaf.Finite,1.63,1.48,0.14,9.8
842,Mathlib.Tactic.Explode,1.20,1.09,0.11,9.8
843,Mathlib.Algebra.Ring.Subsemiring.Basic,3.99,3.64,0.35,9.8
844,Mathlib.LinearAlgebra.RootSystem.IsValuedIn,3.91,3.56,0.35,9.7
845,Mathlib.RingTheory.LocalRing.Basic,1.62,1.48,0.14,9.7
846,Mathlib.Topology.Algebra.Module.WeakDual,2.75,2.50,0.24,9.7
847,Mathlib.Topology.Algebra.SeparationQuotient.Basic,3.39,3.09,0.30,9.7
848,Mathlib.Analysis.Convex.Cone.InnerDual,4.30,3.92,0.38,9.7
849,Mathlib.Algebra.Polynomial.OfFn,1.98,1.81,0.18,9.7
850,Mathlib.Analysis.Complex.UpperHalfPlane.FunctionsBoundedAtInfty,2.51,2.29,0.22,9.7
851,Mathlib.GroupTheory.Perm.Sign,2.74,2.50,0.24,9.7
852,Mathlib.Topology.Category.Stonean.EffectiveEpi,2.21,2.02,0.20,9.7
853,Mathlib.NumberTheory.ModularForms.SlashInvariantForms,3.74,3.41,0.33,9.7
854,Mathlib.RingTheory.Congruence.Hom,4.69,4.27,0.42,9.7
855,Mathlib.CategoryTheory.Sites.CartesianClosed,1.63,1.48,0.14,9.7
856,Mathlib.MeasureTheory.Constructions.Projective,2.32,2.11,0.21,9.7
857,Mathlib.Order.Interval.Set.Infinite,1.31,1.20,0.12,9.7
858,Mathlib.LinearAlgebra.ExteriorAlgebra.Basic,5.02,4.58,0.44,9.7
859,Mathlib.LinearAlgebra.Alternating.Basic,6.51,5.93,0.58,9.7
860,Mathlib.Order.TeichmullerTukey,1.44,1.31,0.13,9.7
861,Mathlib.AlgebraicTopology.SimplicialObject.II,1.96,1.79,0.17,9.7
862,Mathlib.RingTheory.Finiteness.Bilinear,1.65,1.51,0.15,9.7
863,Mathlib.CategoryTheory.Limits.EpiMono,1.54,1.41,0.14,9.7
864,Mathlib.RingTheory.Polynomial.UniqueFactorization,2.44,2.22,0.21,9.7
865,Mathlib.Topology.Algebra.ProperAction.AddTorsor,1.63,1.49,0.14,9.7
866,Mathlib.Topology.MetricSpace.Similarity,1.86,1.70,0.16,9.7
867,Mathlib.Topology.Algebra.Module.FiniteDimension,9.69,8.84,0.85,9.6
868,Mathlib.Data.Matrix.Block,3.20,2.92,0.28,9.6
869,Mathlib.Algebra.Homology.Embedding.TruncGE,3.23,2.95,0.28,9.6
870,Mathlib.Order.Interval.Set.Final,1.40,1.28,0.12,9.6
871,Mathlib.Tactic.Continuity,1.11,1.01,0.10,9.6
872,Mathlib.RepresentationTheory.Homological.GroupCohomology.LowDegree,11.97,10.92,1.05,9.6
873,Mathlib.Algebra.Polynomial.Eval.Algebra,1.49,1.36,0.13,9.6
874,Mathlib.Combinatorics.SimpleGraph.Triangle.Basic,3.10,2.83,0.27,9.6
875,Mathlib.Topology.MetricSpace.TransferInstance,1.66,1.51,0.15,9.6
876,Mathlib.Algebra.Category.Grp.Images,1.95,1.78,0.17,9.6
877,Mathlib.Algebra.GroupWithZero.Idempotent,1.19,1.08,0.10,9.6
878,Mathlib.CategoryTheory.Enriched.Limits.HasConicalProducts,1.38,1.26,0.12,9.6
879,Mathlib.NumberTheory.LSeries.Basic,3.06,2.80,0.27,9.6
880,Mathlib.RingTheory.Polynomial.Cyclotomic.Expand,2.68,2.44,0.23,9.6
881,Mathlib.Topology.LocalAtTarget,2.05,1.87,0.18,9.6
882,Mathlib.AlgebraicTopology.SimplicialSet.NerveAdjunction,11.96,10.91,1.04,9.6
883,Mathlib.MeasureTheory.Group.Convolution,2.90,2.65,0.25,9.6
884,Mathlib.Topology.Algebra.Nonarchimedean.TotallyDisconnected,1.84,1.68,0.16,9.6
885,Mathlib.CategoryTheory.Monoidal.Internal.FunctorCategory,7.52,6.86,0.66,9.6
886,Mathlib.RingTheory.Regular.Depth,3.78,3.45,0.33,9.6
887,Mathlib.Data.Sigma.Interval,1.98,1.81,0.17,9.6
888,Mathlib.Order.CompleteLattice.MulticoequalizerDiagram,1.63,1.49,0.14,9.6
889,Mathlib.ModelTheory.Skolem,1.64,1.50,0.14,9.6
890,Mathlib.Analysis.Normed.Affine.Convex,3.40,3.10,0.30,9.6
891,Mathlib.RingTheory.TensorProduct.Basic,11.48,10.48,1.00,9.5
892,Mathlib.Data.Fintype.List,1.55,1.42,0.14,9.5
893,Mathlib.LinearAlgebra.CliffordAlgebra.Basic,5.75,5.25,0.50,9.5
894,Mathlib.Geometry.Euclidean.Angle.Unoriented.Basic,3.08,2.81,0.27,9.5
895,Mathlib.Topology.Algebra.Order.Module,1.53,1.40,0.13,9.5
896,Mathlib.LinearAlgebra.TensorProduct.Subalgebra,10.04,9.16,0.87,9.5
897,Mathlib.Topology.MetricSpace.Pseudo.Defs,3.64,3.32,0.32,9.5
898,Mathlib.Algebra.Category.Grp.LeftExactFunctor,2.65,2.42,0.23,9.5
899,Mathlib.Combinatorics.SetFamily.HarrisKleitman,1.63,1.49,0.14,9.5
900,Mathlib.RingTheory.IsTensorProduct,10.79,9.86,0.93,9.5
901,Mathlib.Topology.Clopen,1.50,1.37,0.13,9.5
902,Mathlib.Order.Filter.AtTopBot.Map,1.32,1.21,0.11,9.5
903,Mathlib.CategoryTheory.Sites.Coherent.Equivalence,2.08,1.91,0.18,9.4
904,Mathlib.GroupTheory.MonoidLocalization.MonoidWithZero,1.85,1.70,0.16,9.4
905,Mathlib.Order.Lattice,2.62,2.40,0.23,9.4
906,Mathlib.AlgebraicTopology.SimplexCategory.GeneratorsRelations.NormalForms,5.92,5.41,0.51,9.4
907,Mathlib.Topology.Order.OrderClosed,3.27,2.99,0.28,9.4
908,Mathlib.RingTheory.RingHomProperties,2.89,2.64,0.25,9.4
909,Mathlib.Data.Ordmap.Ordset,2.40,2.20,0.21,9.4
910,Mathlib.CategoryTheory.Limits.Final.Type,1.51,1.38,0.13,9.4
911,Mathlib.CategoryTheory.Abelian.DiagramLemmas.Four,3.55,3.25,0.31,9.4
912,Mathlib.GroupTheory.IndexNormal,1.61,1.47,0.14,9.4
913,Mathlib.LinearAlgebra.AffineSpace.Pointwise,2.26,2.07,0.19,9.4
914,Mathlib.Algebra.MonoidAlgebra.Basic,5.08,4.65,0.44,9.4
915,Mathlib.Probability.ProbabilityMassFunction.Monad,2.85,2.60,0.24,9.4
916,Mathlib.LinearAlgebra.TensorProduct.RightExactness,6.27,5.73,0.54,9.4
917,Mathlib.NumberTheory.ArithmeticFunction.Defs,3.97,3.63,0.34,9.4
918,Mathlib.Data.ZMod.IntUnitsPower,1.82,1.67,0.16,9.4
919,Mathlib.MeasureTheory.Constructions.Polish.Basic,3.33,3.04,0.29,9.4
920,Mathlib.CategoryTheory.Triangulated.Functor,12.09,11.05,1.04,9.4
921,Mathlib.CategoryTheory.Abelian.Injective.Extend,2.06,1.88,0.18,9.4
922,Mathlib.Tactic.Basic,1.43,1.30,0.12,9.4
923,Mathlib.RingTheory.PowerBasis,3.86,3.53,0.33,9.4
924,Mathlib.Data.Stream.Defs,1.10,1.00,0.09,9.4
925,Mathlib.Analysis.Normed.Group.Constructions,2.74,2.50,0.23,9.3
926,Mathlib.Analysis.SpecialFunctions.ContinuousFunctionalCalculus.ExpLog.Basic,5.25,4.80,0.45,9.3
927,Mathlib.Analysis.Meromorphic.NormalForm,4.06,3.71,0.35,9.3
928,Mathlib.RingTheory.Coalgebra.Equiv,4.28,3.92,0.37,9.3
929,Mathlib.Algebra.Module.Submodule.Order,1.29,1.18,0.11,9.3
930,Mathlib.Algebra.Group.Invertible.Basic,1.42,1.30,0.12,9.3
931,Mathlib.Analysis.Fourier.FiniteAbelian.PontryaginDuality,4.15,3.80,0.35,9.3
932,Mathlib.Analysis.InnerProductSpace.Defs,5.11,4.67,0.43,9.3
933,Mathlib.CategoryTheory.Galois.EssSurj,3.47,3.17,0.30,9.3
934,Mathlib.MeasureTheory.Function.SimpleFunc,5.88,5.38,0.50,9.3
935,Mathlib.RingTheory.Regular.RegularSequence,5.74,5.25,0.49,9.3
936,Mathlib.RingTheory.Spectrum.Maximal.Basic,1.62,1.49,0.14,9.3
937,Mathlib.Data.List.Triplewise,1.85,1.69,0.16,9.3
938,Mathlib.RingTheory.Polynomial.Pochhammer,2.52,2.31,0.21,9.3
939,Mathlib.Algebra.Order.BigOperators.GroupWithZero.List,1.29,1.19,0.11,9.3
940,Mathlib.CategoryTheory.Limits.Skeleton,1.30,1.19,0.11,9.3
941,Mathlib.Tactic.ENatToNat,1.64,1.50,0.14,9.3
942,Mathlib.Topology.Sheaves.SheafCondition.UniqueGluing,2.19,2.01,0.19,9.3
943,Mathlib.Combinatorics.Enumerative.Partition,1.39,1.27,0.12,9.3
944,Mathlib.Analysis.Normed.Module.Connected,2.97,2.72,0.25,9.3
945,Mathlib.Topology.MetricSpace.GromovHausdorff,6.78,6.21,0.58,9.3
946,Mathlib.Algebra.Homology.Refinements,1.62,1.48,0.14,9.3
947,Mathlib.Topology.ContinuousMap.Basic,2.75,2.52,0.23,9.3
948,Mathlib.Data.Finsupp.MonomialOrder.DegLex,2.64,2.42,0.22,9.3
949,Mathlib.RingTheory.HahnSeries.Multiplication,7.87,7.20,0.67,9.2
950,Mathlib.RepresentationTheory.Induced,16.35,14.97,1.38,9.2
951,Mathlib.Topology.Algebra.Category.ProfiniteGrp.Basic,6.27,5.74,0.53,9.2
952,Mathlib.Topology.Instances.TrivSqZeroExt,2.31,2.11,0.19,9.2
953,Mathlib.Algebra.Group.Subgroup.Map,3.67,3.36,0.31,9.2
954,Mathlib.Topology.Algebra.StarSubalgebra,3.19,2.92,0.27,9.2
955,Mathlib.Data.Set.Defs,1.72,1.57,0.15,9.2
956,Mathlib.Algebra.Group.UniqueProds.VectorSpace,1.60,1.47,0.14,9.2
957,Mathlib.GroupTheory.Perm.Option,1.52,1.39,0.13,9.2
958,Mathlib.LinearAlgebra.Matrix.Notation,3.59,3.29,0.30,9.2
959,Mathlib.Topology.Algebra.Module.Compact,1.73,1.59,0.15,9.2
960,Mathlib.RingTheory.HahnSeries.HahnEmbedding,2.99,2.74,0.25,9.2
961,Mathlib.ModelTheory.Arithmetic.Presburger.Semilinear.Basic,3.85,3.53,0.32,9.2
962,Mathlib.Analysis.CStarAlgebra.ContinuousFunctionalCalculus.Commute,4.79,4.39,0.40,9.2
963,Mathlib.Tactic.Choose,1.64,1.50,0.14,9.2
964,Mathlib.Combinatorics.Quiver.Prefunctor,1.31,1.20,0.11,9.2
965,Mathlib.Algebra.MvPolynomial.Counit,1.73,1.58,0.15,9.2
966,Mathlib.Tactic.Linter.Lint,2.61,2.39,0.22,9.2
967,Mathlib.Logic.Small.Defs,1.11,1.01,0.09,9.2
968,Mathlib.Algebra.Group.Pointwise.Set.Finite,1.84,1.68,0.15,9.2
969,Mathlib.RingTheory.PicardGroup,8.47,7.76,0.71,9.2
970,Mathlib.Tactic.FunProp.FunctionData,1.41,1.29,0.12,9.1
971,Mathlib.Analysis.InnerProductSpace.LinearPMap,5.91,5.42,0.50,9.1
972,Mathlib.Analysis.Calculus.LocalExtr.Rolle,2.20,2.01,0.18,9.1
973,Mathlib.SetTheory.Nimber.Field,5.95,5.45,0.50,9.1
974,Mathlib.AlgebraicTopology.FundamentalGroupoid.InducedMaps,2.95,2.71,0.25,9.1
975,Mathlib.Order.Atoms.Finite,1.51,1.38,0.13,9.1
976,Mathlib.Data.Nat.Choose.Vandermonde,1.61,1.48,0.14,9.1
977,Mathlib.CategoryTheory.Limits.IsConnected,1.61,1.48,0.14,9.1
978,Mathlib.Order.Circular.ZMod,1.44,1.32,0.12,9.1
979,Mathlib.Analysis.CStarAlgebra.ContinuousFunctionalCalculus.Basic,12.30,11.27,1.03,9.1
980,Mathlib.Algebra.Group.ULift,1.63,1.49,0.14,9.1
981,Mathlib.Combinatorics.Colex,2.71,2.48,0.23,9.1
982,Mathlib.NumberTheory.Padics.ProperSpace,2.05,1.88,0.17,9.1
983,Mathlib.RingTheory.AdjoinRoot,11.17,10.24,0.93,9.1
984,Mathlib.Topology.MetricSpace.Closeds,2.83,2.60,0.24,9.1
985,Mathlib.NumberTheory.ModularForms.SlashActions,3.38,3.10,0.28,9.1
986,Mathlib.LinearAlgebra.Matrix.IsDiag,1.91,1.75,0.16,9.1
987,Mathlib.Tactic.SetLike,1.10,1.01,0.09,9.1
988,Mathlib.Tactic.Find,1.29,1.18,0.11,9.1
989,Mathlib.Algebra.Regular.Opposite,1.23,1.12,0.10,9.1
990,Mathlib.Data.List.NatAntidiagonal,1.30,1.19,0.11,9.1
991,Mathlib.Topology.Algebra.ConstMulAction,4.19,3.84,0.35,9.1
992,Mathlib.Geometry.Euclidean.Basic,2.87,2.63,0.24,9.1
993,Mathlib.RingTheory.MvPowerSeries.PiTopology,2.54,2.33,0.21,9.1
994,Mathlib.Data.DFinsupp.Ext,1.42,1.30,0.12,9.0
995,Mathlib.Analysis.InnerProductSpace.Orthogonal,4.20,3.85,0.35,9.0
996,Mathlib.Algebra.Homology.LocalCohomology,2.51,2.30,0.21,9.0
997,Mathlib.CategoryTheory.Localization.Construction,2.41,2.21,0.20,9.0
998,Mathlib.Topology.Category.Profinite.Nobeling.Basic,3.65,3.34,0.30,9.0
999,Mathlib.CategoryTheory.ComposableArrows.Two,1.51,1.38,0.12,9.0
1000,Mathlib.CategoryTheory.GuitartExact.Basic,3.70,3.39,0.31,9.0
1001,Mathlib.RingTheory.Artinian.Algebra,2.24,2.05,0.19,9.0
1002,Mathlib.Tactic.NormNum.OfScientific,1.66,1.52,0.14,9.0
1003,Mathlib.Algebra.Group.Action.Sigma,1.32,1.21,0.11,9.0
1004,Mathlib.CategoryTheory.Limits.Types.Multiequalizer,1.52,1.40,0.13,9.0
1005,Mathlib.LinearAlgebra.QuadraticForm.TensorProduct.Isometries,6.23,5.71,0.52,9.0
1006,Mathlib.CategoryTheory.Dialectica.Monoidal,4.55,4.18,0.38,9.0
1007,Mathlib.NumberTheory.TsumDivsorsAntidiagonal,2.82,2.59,0.23,9.0
1008,Mathlib.Algebra.Lie.Engel,3.85,3.53,0.32,9.0
1009,Mathlib.CategoryTheory.RepresentedBy,1.53,1.40,0.13,9.0
1010,Mathlib.Topology.Algebra.Group.CompactOpen,2.87,2.63,0.24,9.0
1011,Mathlib.Algebra.FiveLemma,3.43,3.14,0.28,9.0
1012,Mathlib.Analysis.Analytic.ConvergenceRadius,9.19,8.43,0.76,9.0
1013,Mathlib.GroupTheory.GroupAction.Iwasawa,1.70,1.56,0.14,9.0
1014,Mathlib.Data.Sigma.Basic,1.33,1.22,0.11,9.0
1015,Mathlib.Algebra.Field.ZMod,1.61,1.47,0.13,9.0
1016,Mathlib.CategoryTheory.Subpresheaf.OfSection,1.51,1.39,0.12,9.0
1017,Mathlib.MeasureTheory.Measure.Complex,2.77,2.54,0.23,8.9
1018,Mathlib.CategoryTheory.Generator.HomologicalComplex,1.63,1.50,0.13,8.9
1019,Mathlib.NumberTheory.Padics.Complex,3.76,3.45,0.31,8.9
1020,Mathlib.Topology.Algebra.Module.LinearMap,10.89,10.00,0.89,8.9
1021,Mathlib.Topology.Compactness.CompactlyGeneratedSpace,2.41,2.21,0.20,8.9
1022,Mathlib.CategoryTheory.Comma.Over.Basic,13.70,12.58,1.12,8.9
1023,Mathlib.CategoryTheory.Limits.Constructions.Equalizers,2.14,1.97,0.17,8.9
1024,Mathlib.RingTheory.Extension.Presentation.Submersive,4.04,3.71,0.33,8.9
1025,Mathlib.NumberTheory.ModularForms.CongruenceSubgroups,4.09,3.75,0.33,8.9
1026,Mathlib.RingTheory.MvPolynomial.Ideal,2.04,1.88,0.17,8.9
1027,Mathlib.Order.UpperLower.Principal,1.69,1.55,0.14,8.9
1028,Mathlib.Order.PrimeSeparator,1.82,1.68,0.15,8.9
1029,Mathlib.Combinatorics.SimpleGraph.Extremal.TuranDensity,2.19,2.01,0.18,8.9
1030,Mathlib.CategoryTheory.Limits.Constructions.EpiMono,1.52,1.40,0.12,8.9
1031,Mathlib.Data.DFinsupp.NeLocus,1.63,1.50,0.13,8.9
1032,Mathlib.FieldTheory.Finite.Trace,2.20,2.02,0.18,8.9
1033,Mathlib.CategoryTheory.Limits.Preserves.Shapes.Biproducts,2.31,2.12,0.19,8.9
1034,Mathlib.CategoryTheory.Limits.Indization.Products,1.53,1.41,0.12,8.9
1035,Mathlib.Algebra.Homology.DerivedCategory.ExactFunctor,2.28,2.10,0.19,8.9
1036,Mathlib.LinearAlgebra.FiniteSpan,1.60,1.47,0.13,8.9
1037,Mathlib.ModelTheory.FinitelyGenerated,1.72,1.58,0.14,8.9
1038,Mathlib.MeasureTheory.Constructions.SubmoduleQuotient,1.39,1.27,0.11,8.9
1039,Mathlib.Tactic.Lift,1.75,1.60,0.14,8.9
1040,Mathlib.Topology.Algebra.InfiniteSum.Basic,4.47,4.11,0.36,8.9
1041,Mathlib.FieldTheory.NormalizedTrace,4.35,4.00,0.35,8.9
1042,Mathlib.Algebra.Polynomial.Basis,1.52,1.40,0.12,8.9
1043,Mathlib.Algebra.Module.LocalizedModule.AtPrime,1.51,1.39,0.12,8.8
1044,Mathlib.LinearAlgebra.Countable,1.49,1.37,0.12,8.8
1045,Mathlib.Analysis.Normed.Order.Hom.Basic,1.82,1.68,0.15,8.8
1046,Mathlib.MeasureTheory.Function.UniformIntegrable,4.39,4.03,0.36,8.8
1047,Mathlib.Analysis.Calculus.TangentCone,1.82,1.68,0.15,8.8
1048,Mathlib.LinearAlgebra.FreeModule.Int,3.55,3.26,0.29,8.8
1049,Mathlib.Combinatorics.Quiver.SingleObj,1.17,1.08,0.09,8.8
1050,Mathlib.Logic.Basic,3.21,2.95,0.26,8.8
1051,Mathlib.FieldTheory.Minpoly.Field,3.05,2.80,0.25,8.8
1052,Mathlib.Topology.Category.TopCat.Opens,2.93,2.69,0.24,8.8
1053,Mathlib.RingTheory.RingHom.Integral,2.85,2.62,0.23,8.8
1054,Mathlib.Computability.TuringMachine,3.26,3.00,0.26,8.8
1055,Mathlib.CategoryTheory.Sites.Coherent.LocallySurjective,2.20,2.02,0.18,8.8
1056,Mathlib.CategoryTheory.Limits.Constructions.WeaklyInitial,1.42,1.31,0.11,8.8
1057,Mathlib.Analysis.Convex.TotallyBounded,1.93,1.77,0.16,8.8
1058,Mathlib.Algebra.Polynomial.Degree.Monomial,1.62,1.49,0.13,8.8
1059,Mathlib.CategoryTheory.Enriched.Limits.HasConicalTerminal,1.38,1.26,0.11,8.8
1060,Mathlib.Analysis.CStarAlgebra.Matrix,14.26,13.11,1.15,8.8
1061,Mathlib.RingTheory.Length,2.95,2.72,0.24,8.8
1062,Mathlib.Order.Filter.AtTopBot.CompleteLattice,1.29,1.19,0.10,8.8
1063,Mathlib.Analysis.Convex.StoneSeparation,2.76,2.54,0.22,8.8
1064,Mathlib.Topology.Separation.Connected,1.52,1.39,0.12,8.8
1065,Mathlib.Topology.Maps.Proper.UniversallyClosed,1.50,1.38,0.12,8.7
1066,Mathlib.GroupTheory.Perm.ConjAct,1.62,1.49,0.13,8.7
1067,Mathlib.Algebra.GroupWithZero.Action.Prod,1.41,1.29,0.11,8.7
1068,Mathlib.Algebra.Homology.DerivedCategory.HomologySequence,2.13,1.96,0.17,8.7
1069,Mathlib.Topology.MetricSpace.Defs,1.83,1.68,0.15,8.7
1070,Mathlib.Data.Real.Cardinality,1.83,1.68,0.15,8.7
1071,Mathlib.Algebra.Category.MonCat.Limits,3.59,3.30,0.29,8.7
1072,Mathlib.AlgebraicTopology.SimplicialSet.Coskeletal,2.99,2.75,0.24,8.7
1073,Mathlib.Analysis.Convex.Segment,4.24,3.90,0.34,8.7
1074,Mathlib.AlgebraicGeometry.AffineScheme,10.29,9.46,0.82,8.7
1075,Mathlib.Algebra.DualNumber,5.88,5.41,0.47,8.7
1076,Mathlib.AlgebraicGeometry.Morphisms.Descent,3.06,2.81,0.24,8.7
1077,Mathlib.CategoryTheory.Monoidal.Center,3.86,3.55,0.31,8.7
1078,Mathlib.CategoryTheory.Monoidal.Cartesian.Cat,1.83,1.69,0.15,8.7
1079,Mathlib.Dynamics.Ergodic.MeasurePreserving,2.38,2.19,0.19,8.7
1080,Mathlib.Data.Setoid.Partition,1.84,1.69,0.15,8.7
1081,Mathlib.LinearAlgebra.Basis.Bilinear,1.84,1.69,0.15,8.7
1082,Mathlib.Tactic.ByCases,1.43,1.31,0.11,8.7
1083,Mathlib.Combinatorics.SimpleGraph.Hasse,1.60,1.47,0.13,8.7
1084,Mathlib.Algebra.Polynomial.Cardinal,1.61,1.49,0.13,8.7
1085,Mathlib.CategoryTheory.Abelian.SerreClass.Bousfield,1.61,1.49,0.13,8.7
1086,Mathlib.Tactic.ProxyType,2.09,1.92,0.17,8.7
1087,Mathlib.Topology.Algebra.NonUnitalStarAlgebra,3.61,3.32,0.29,8.7
1088,Mathlib.CategoryTheory.Bicategory.Functor.Pseudofunctor,6.55,6.03,0.52,8.7
1089,Mathlib.Topology.Category.LightProfinite.Limits,2.06,1.89,0.16,8.7
1090,Mathlib.Algebra.BigOperators.Finprod,6.02,5.54,0.48,8.7
1091,Mathlib.Data.ENNReal.Inv,4.74,4.36,0.38,8.7
1092,Mathlib.Logic.Function.FiberPartition,1.19,1.10,0.09,8.7
1093,Mathlib.NumberTheory.ClassNumber.Finite,4.89,4.50,0.39,8.7
1094,Mathlib.Algebra.Group.Subgroup.Ker,3.77,3.47,0.30,8.7
1095,Mathlib.CategoryTheory.Localization.CalculusOfFractions.ComposableArrows,1.41,1.29,0.11,8.7
1096,Mathlib.Order.Category.PartOrdEmb,2.65,2.44,0.21,8.7
1097,Mathlib.Algebra.Homology.LeftResolution.Transport,1.85,1.70,0.15,8.7
1098,Mathlib.CategoryTheory.Category.Pointed,1.51,1.39,0.12,8.7
1099,Mathlib.NumberTheory.ClassNumber.FunctionField,2.76,2.54,0.22,8.6
1100,Mathlib.RingTheory.Adjoin.Polynomial,1.94,1.78,0.15,8.6
1101,Mathlib.MeasureTheory.Measure.Decomposition.Exhaustion,2.31,2.13,0.18,8.6
1102,Mathlib.Algebra.Module.TransferInstance,1.83,1.69,0.15,8.6
1103,Mathlib.CategoryTheory.Abelian.Images,2.31,2.13,0.18,8.6
1104,Mathlib.CategoryTheory.Limits.ConcreteCategory.Basic,1.71,1.57,0.14,8.6
1105,Mathlib.Logic.Equiv.Finset,1.51,1.39,0.12,8.6
1106,Mathlib.AlgebraicTopology.ModelCategory.Over,1.75,1.61,0.14,8.6
1107,Mathlib.Topology.Algebra.Group.Defs,1.57,1.45,0.12,8.6
1108,Mathlib.Algebra.Homology.Bifunctor,5.72,5.26,0.45,8.6
1109,Mathlib.Algebra.Lie.Semisimple.Lemmas,2.95,2.72,0.23,8.6
1110,Mathlib.FieldTheory.Minpoly.Basic,2.43,2.24,0.19,8.6
1111,Mathlib.Data.Set.Notation,1.31,1.21,0.10,8.6
1112,Mathlib.Analysis.Normed.Operator.Compact,3.94,3.62,0.31,8.6
1113,Mathlib.Algebra.Polynomial.Module.TensorProduct,2.73,2.51,0.22,8.6
1114,Mathlib.Algebra.SkewMonoidAlgebra.Lift,2.70,2.49,0.21,8.6
1115,Mathlib.CategoryTheory.Limits.Opposites,2.71,2.50,0.21,8.6
1116,Mathlib.NumberTheory.Ostrowski,4.85,4.46,0.38,8.6
1117,Mathlib.Tactic.Clear_,0.81,0.74,0.06,8.6
1118,Mathlib.Combinatorics.SetFamily.Intersecting,1.62,1.49,0.13,8.6
1119,Mathlib.Topology.Algebra.Ring.Ideal,1.73,1.59,0.14,8.6
1120,Mathlib.Data.EReal.Operations,4.80,4.42,0.38,8.6
1121,Mathlib.Algebra.Order.Monoid.Unbundled.Units,1.29,1.19,0.10,8.6
1122,Mathlib.GroupTheory.GroupAction.SubMulAction.OfFixingSubgroup,11.08,10.21,0.88,8.6
1123,Mathlib.Algebra.MonoidAlgebra.Ideal,1.72,1.58,0.14,8.6
1124,Mathlib.Topology.Algebra.Module.StrongDual,1.81,1.67,0.14,8.6
1125,Mathlib.Topology.GDelta.UniformSpace,1.85,1.70,0.15,8.6
1126,Mathlib.Analysis.Calculus.FDeriv.WithLp,3.76,3.47,0.30,8.6
1127,Mathlib.Topology.ContinuousMap.LocallyConstant,1.85,1.71,0.15,8.6
1128,Mathlib.Topology.Category.Locale,2.04,1.88,0.16,8.6
1129,Mathlib.MeasureTheory.VectorMeasure.Decomposition.Jordan,2.94,2.71,0.23,8.6
1130,Mathlib.Analysis.VonNeumannAlgebra.Basic,4.61,4.25,0.36,8.6
1131,Mathlib.Probability.Kernel.Disintegration.MeasurableStieltjes,2.64,2.44,0.21,8.5
1132,Mathlib.RingTheory.Norm.Transitivity,3.93,3.62,0.31,8.5
1133,Mathlib.FieldTheory.Fixed,3.80,3.50,0.30,8.5
1134,Mathlib.FieldTheory.Differential.Liouville,4.26,3.93,0.33,8.5
1135,Mathlib.CategoryTheory.Sites.Coherent.CoherentTopology,1.75,1.61,0.14,8.5
1136,Mathlib.LinearAlgebra.RootSystem.Finite.Nondegenerate,3.98,3.67,0.31,8.5
1137,Mathlib.Algebra.Ring.NegOnePow,1.72,1.59,0.14,8.5
1138,Mathlib.Algebra.BigOperators.WithTop,1.62,1.50,0.13,8.5
1139,Mathlib.CategoryTheory.MorphismProperty.RetractArgument,1.74,1.60,0.14,8.5
1140,Mathlib.Topology.Category.LightProfinite.Sequence,2.15,1.98,0.17,8.5
1141,Mathlib.Topology.FiberPartition,1.83,1.69,0.14,8.5
1142,Mathlib.Algebra.GroupWithZero.Units.Lemmas,1.29,1.19,0.10,8.5
1143,Mathlib.NumberTheory.Padics.Hensel,8.87,8.18,0.69,8.5
1144,Mathlib.Topology.Algebra.Semigroup,1.63,1.50,0.13,8.5
1145,Mathlib.Topology.UniformSpace.DiscreteUniformity,1.52,1.41,0.12,8.5
1146,Mathlib.LinearAlgebra.Charpoly.Basic,2.73,2.52,0.21,8.5
1147,Mathlib.RingTheory.WittVector.InitTail,3.68,3.39,0.29,8.5
1148,Mathlib.Data.Fintype.Order,1.60,1.48,0.12,8.5
1149,Mathlib.Order.Partition.Basic,1.50,1.39,0.12,8.4
1150,Mathlib.Tactic.TypeCheck,0.82,0.76,0.06,8.4
1151,Mathlib.CategoryTheory.Localization.Trifunctor,5.10,4.70,0.40,8.4
1152,Mathlib.CategoryTheory.Bicategory.Free,5.19,4.79,0.40,8.4
1153,Mathlib.Order.Category.Preord,1.75,1.62,0.14,8.4
1154,Mathlib.Analysis.NormedSpace.ENormedSpace,1.82,1.68,0.14,8.4
1155,Mathlib.SetTheory.Cardinal.Defs,1.50,1.38,0.12,8.4
1156,Mathlib.Topology.Sheaves.Stalks,5.85,5.40,0.45,8.4
1157,Mathlib.Algebra.Star.RingQuot,1.63,1.50,0.13,8.4
1158,Mathlib.Algebra.Polynomial.Degree.Support,1.75,1.61,0.14,8.4
1159,Mathlib.NumberTheory.RamificationInertia.Basic,11.90,10.98,0.92,8.4
1160,Mathlib.Data.Fin.Parity,1.50,1.39,0.12,8.4
1161,Mathlib.CategoryTheory.Monoidal.CommMon_,5.33,4.92,0.41,8.4
1162,Mathlib.Topology.MetricSpace.PiNat,3.93,3.63,0.30,8.3
1163,Mathlib.Analysis.Calculus.FDeriv.Measurable,6.54,6.04,0.50,8.3
1164,Mathlib.LinearAlgebra.RootSystem.GeckConstruction.Semisimple,11.82,10.91,0.91,8.3
1165,Mathlib.Data.Tree.Traversable,1.09,1.01,0.08,8.3
1166,Mathlib.Order.Interval.Finset.Nat,2.11,1.94,0.16,8.3
1167,Mathlib.Algebra.Module.Presentation.Free,1.81,1.67,0.14,8.3
1168,Mathlib.Data.Finset.SMulAntidiagonal,1.72,1.58,0.13,8.3
1169,Mathlib.CategoryTheory.Bicategory.NaturalTransformation.Oplax,8.26,7.62,0.63,8.3
1170,Mathlib.Algebra.Group.Int.Even,1.61,1.49,0.12,8.3
1171,Mathlib.Algebra.Polynomial.Module.FiniteDimensional,2.06,1.90,0.16,8.3
1172,Mathlib.LinearAlgebra.Finsupp.LinearCombination,3.90,3.60,0.30,8.3
1173,Mathlib.AlgebraicTopology.SimplicialObject.Coskeletal,1.72,1.59,0.13,8.3
1174,Mathlib.Data.Nat.Log,2.04,1.89,0.16,8.3
1175,Mathlib.Topology.Category.Profinite.AsLimit,2.15,1.99,0.16,8.3
1176,Mathlib.Algebra.Module.LocalizedModule.IsLocalization,2.14,1.97,0.16,8.3
1177,Mathlib.Algebra.Homology.BifunctorFlip,2.50,2.31,0.19,8.3
1178,Mathlib.RingTheory.LaurentSeries,9.59,8.85,0.73,8.3
1179,Mathlib.AlgebraicGeometry.ProjectiveSpectrum.Topology,3.02,2.78,0.23,8.3
1180,Mathlib.Analysis.Calculus.TangentCone.Real,2.43,2.24,0.19,8.3
1181,Mathlib.GroupTheory.MonoidLocalization.Lemmas,1.54,1.42,0.12,8.3
1182,Mathlib.GroupTheory.DoubleCoset,2.51,2.32,0.19,8.3
1183,Mathlib.CategoryTheory.Abelian.Projective.Resolution,3.06,2.82,0.23,8.3
1184,Mathlib.LinearAlgebra.Dimension.Finrank,1.70,1.57,0.13,8.3
1185,Mathlib.Algebra.Order.Ring.Canonical,1.49,1.38,0.11,8.3
1186,Mathlib.CategoryTheory.Sites.Monoidal,2.50,2.31,0.19,8.3
1187,Mathlib.Probability.Kernel.Composition.CompNotation,2.04,1.89,0.16,8.3
1188,Mathlib.LinearAlgebra.Pi,4.41,4.07,0.34,8.3
1189,Mathlib.Tactic.Simproc.ExistsAndEq,1.85,1.71,0.14,8.3
1190,Mathlib.Topology.FiberBundle.Trivialization,3.27,3.02,0.25,8.3
1191,Mathlib.CategoryTheory.Monoidal.Cartesian.Basic,6.46,5.96,0.49,8.3
1192,Mathlib.CategoryTheory.Localization.DerivabilityStructure.PointwiseRightDerived,1.82,1.68,0.14,8.3
1193,Mathlib.LinearAlgebra.Dimension.RankNullity,3.17,2.93,0.24,8.3
1194,Mathlib.CategoryTheory.Sites.MayerVietorisSquare,2.91,2.69,0.22,8.3
1195,Mathlib.CategoryTheory.Localization.BousfieldTransfiniteComposition,1.82,1.68,0.14,8.3
1196,Mathlib.RingTheory.IntegralClosure.IsIntegralClosure.Basic,4.62,4.26,0.35,8.3
1197,Mathlib.Tactic.ScopedNS,1.52,1.41,0.12,8.3
1198,Mathlib.Algebra.Group.WithOne.Basic,1.72,1.59,0.13,8.2
1199,Mathlib.Analysis.Convex.Slope,2.69,2.49,0.21,8.2
1200,Mathlib.Data.Matrix.Reflection,1.95,1.80,0.15,8.2
1201,Mathlib.AlgebraicTopology.SimplicialNerve,3.64,3.37,0.28,8.2
1202,Mathlib.Data.Int.NatAbs,1.21,1.12,0.09,8.2
1203,Mathlib.RingTheory.SimpleModule.Basic,6.22,5.75,0.47,8.2
1204,Mathlib.Topology.ClopenBox,1.59,1.47,0.12,8.2
1205,Mathlib.Data.Nat.SuccPred,1.42,1.31,0.11,8.2
1206,Mathlib.CategoryTheory.Monoidal.Braided.Transport,1.59,1.47,0.12,8.2
1207,Mathlib.Topology.UniformSpace.CompleteSeparated,1.52,1.40,0.11,8.2
1208,Mathlib.Analysis.Subadditive,1.81,1.67,0.14,8.2
1209,Mathlib.GroupTheory.PGroup,2.40,2.22,0.18,8.2
1210,Mathlib.Algebra.Polynomial.Degree.SmallDegree,2.04,1.89,0.16,8.2
1211,Mathlib.Analysis.Normed.Group.Quotient,5.05,4.67,0.38,8.2
1212,Mathlib.RepresentationTheory.Homological.Resolution,5.47,5.05,0.41,8.2
1213,Mathlib.Analysis.Asymptotics.TVS,8.80,8.13,0.67,8.2
1214,Mathlib.Topology.Algebra.Group.ClosedSubgroup,1.81,1.67,0.14,8.2
1215,Mathlib.GroupTheory.GroupAction.MultipleTransitivity,5.21,4.82,0.39,8.2
1216,Mathlib.Logic.ExistsUnique,1.05,0.97,0.08,8.2
1217,Mathlib.LinearAlgebra.Matrix.MvPolynomial,1.81,1.68,0.14,8.2
1218,Mathlib.LinearAlgebra.Matrix.Circulant,1.84,1.70,0.14,8.2
1219,Mathlib.Topology.Category.TopCat.Limits.Products,3.88,3.59,0.29,8.2
1220,Mathlib.Order.Filter.Partial,1.62,1.50,0.12,8.2
1221,Mathlib.LinearAlgebra.Dimension.FreeAndStrongRankCondition,2.93,2.71,0.22,8.1
1222,Mathlib.LinearAlgebra.LinearIndependent.Defs,4.15,3.84,0.31,8.1
1223,Mathlib.Topology.Algebra.AsymptoticCone,3.63,3.36,0.27,8.1
1224,Mathlib.AlgebraicTopology.SimplexCategory.Rev,1.80,1.67,0.14,8.1
1225,Mathlib.RingTheory.Ideal.Oka,1.72,1.59,0.13,8.1
1226,Mathlib.CategoryTheory.Adjunction.Parametrized,1.94,1.79,0.15,8.1
1227,Mathlib.CategoryTheory.Localization.DerivabilityStructure.OfFunctorialResolutions,1.71,1.58,0.13,8.1
1228,Mathlib.RingTheory.Polynomial.Tower,1.82,1.68,0.14,8.1
1229,Mathlib.Algebra.Algebra.Tower,2.72,2.52,0.20,8.1
1230,Mathlib.Topology.Instances.NNReal.Lemmas,2.21,2.05,0.17,8.1
1231,Mathlib.Algebra.Group.ForwardDiff,2.93,2.71,0.22,8.1
1232,Mathlib.Algebra.Ring.InjSurj,2.95,2.73,0.22,8.0
1233,Mathlib.Logic.Function.Iterate,1.17,1.08,0.09,8.0
1234,Mathlib.Topology.Algebra.Module.ClosedSubmodule,3.15,2.91,0.23,8.0
1235,Mathlib.Topology.Category.Profinite.Limits,2.06,1.90,0.15,8.0
1236,Mathlib.MeasureTheory.MeasurableSpace.Defs,2.04,1.89,0.15,8.0
1237,Mathlib.Algebra.Algebra.TransferInstance,1.63,1.51,0.12,8.0
1238,Mathlib.Algebra.Group.Subgroup.Pointwise,3.03,2.81,0.22,8.0
1239,Mathlib.AlgebraicGeometry.IdealSheaf.Functorial,2.86,2.64,0.21,8.0
1240,Mathlib.Tactic.MinImports,2.56,2.37,0.19,8.0
1241,Mathlib.Algebra.ArithmeticGeometric,1.81,1.67,0.13,8.0
1242,Mathlib.Topology.Spectral.Basic,1.40,1.30,0.10,8.0
1243,Mathlib.Algebra.Algebra.Equiv,4.72,4.37,0.35,8.0
1244,Mathlib.Analysis.Quaternion,4.52,4.18,0.33,8.0
1245,Mathlib.RingTheory.IntegralClosure.IsIntegral.Defs,1.63,1.51,0.12,8.0
1246,Mathlib.Algebra.Colimit.TensorProduct,1.82,1.69,0.14,8.0
1247,Mathlib.Analysis.BoxIntegral.Box.Basic,2.61,2.42,0.19,8.0
1248,Mathlib.Topology.Algebra.WithZeroTopology,1.92,1.78,0.14,8.0
1249,Mathlib.Data.Int.Init,1.70,1.58,0.13,8.0
1250,Mathlib.CategoryTheory.Comma.Presheaf.Basic,4.38,4.06,0.32,8.0
1251,Mathlib.Topology.UniformSpace.Basic,2.91,2.70,0.21,8.0
1252,Mathlib.Topology.UrysohnsBounded,2.07,1.92,0.15,8.0
1253,Mathlib.CategoryTheory.Localization.Monoidal.Functor,3.06,2.84,0.23,8.0
1254,Mathlib.Data.List.Induction,1.53,1.42,0.11,8.0
1255,Mathlib.Algebra.Divisibility.Basic,1.51,1.40,0.11,8.0
1256,Mathlib.Data.Fin.Fin2,1.62,1.50,0.12,7.9
1257,Mathlib.Analysis.LocallyConvex.Separation,5.06,4.68,0.37,7.9
1258,Mathlib.Topology.MetricSpace.Congruence,1.74,1.61,0.13,7.9
1259,Mathlib.Topology.Separation.Hausdorff,2.18,2.02,0.16,7.9
1260,Mathlib.LinearAlgebra.Dimension.Torsion.Finite,2.15,2.00,0.16,7.9
1261,Mathlib.Order.Category.OmegaCompletePartialOrder,1.61,1.49,0.12,7.9
1262,Mathlib.Logic.Godel.GodelBetaFunction,1.73,1.60,0.13,7.9
1263,Mathlib.NumberTheory.Cyclotomic.Basic,9.23,8.55,0.68,7.9
1264,Mathlib.Analysis.LocallyConvex.Montel,3.60,3.34,0.26,7.9
1265,Mathlib.LinearAlgebra.Dimension.DivisionRing,3.03,2.81,0.22,7.9
1266,Mathlib.Analysis.NormedSpace.MStructure,1.60,1.48,0.12,7.9
1267,Mathlib.Algebra.Category.ModuleCat.Differentials.Basic,3.19,2.96,0.23,7.9
1268,Mathlib.Topology.Algebra.Localization,1.61,1.50,0.12,7.9
1269,Mathlib.Data.Complex.Cardinality,1.84,1.70,0.13,7.9
1270,Mathlib.Analysis.SpecialFunctions.Bernstein,5.30,4.92,0.39,7.9
1271,Mathlib.CategoryTheory.Sites.Over,2.95,2.73,0.22,7.9
1272,Mathlib.MeasureTheory.Measure.NullMeasurable,2.47,2.29,0.18,7.9
1273,Mathlib.Order.ConditionallyCompleteLattice.Finset,1.84,1.71,0.13,7.9
1274,Mathlib.AlgebraicTopology.SimplicialSet.StdSimplex,3.49,3.23,0.25,7.9
1275,Mathlib.Algebra.SkewMonoidAlgebra.Single,2.02,1.87,0.15,7.9
1276,Mathlib.Algebra.FreeMonoid.Count,1.40,1.30,0.10,7.9
1277,Mathlib.CategoryTheory.EffectiveEpi.Coproduct,1.58,1.47,0.11,7.8
1278,Mathlib.LinearAlgebra.Basis.Flag,1.81,1.68,0.13,7.8
1279,Mathlib.CategoryTheory.Presentable.IsCardinalFiltered,2.46,2.28,0.18,7.8
1280,Mathlib.Control.Combinators,0.81,0.75,0.06,7.8
1281,Mathlib.CategoryTheory.MorphismProperty.Concrete,1.62,1.51,0.12,7.8
1282,Mathlib.Topology.LocallyFinsupp,3.28,3.04,0.24,7.8
1283,Mathlib.Topology.IndicatorConstPointwise,1.72,1.60,0.12,7.8
1284,Mathlib.AlgebraicTopology.SingularSet,2.33,2.16,0.17,7.8
1285,Mathlib.RingTheory.RingHom.Locally,5.86,5.43,0.42,7.8
1286,Mathlib.LinearAlgebra.CliffordAlgebra.Star,2.15,2.00,0.16,7.8
1287,Mathlib.Algebra.Ring.AddAut,1.28,1.19,0.09,7.8
1288,Mathlib.Topology.Category.TopCat.EpiMono,1.49,1.38,0.11,7.8
1289,Mathlib.Algebra.BigOperators.Group.List.Defs,1.19,1.10,0.09,7.8
1290,Mathlib.Topology.MetricSpace.CantorScheme,2.06,1.91,0.15,7.8
1291,Mathlib.Algebra.GeomSum,1.38,1.28,0.10,7.8
1292,Mathlib.AlgebraicTopology.SimplexCategory.Basic,4.25,3.94,0.31,7.8
1293,Mathlib.RingTheory.RootsOfUnity.Lemmas,2.31,2.14,0.17,7.8
1294,Mathlib.CategoryTheory.Presentable.EssentiallyLarge,1.72,1.59,0.12,7.8
1295,Mathlib.Algebra.GroupWithZero.Opposite,1.32,1.22,0.09,7.8
1296,Mathlib.CategoryTheory.GradedObject.Single,1.72,1.59,0.12,7.8
1297,Mathlib.CategoryTheory.Limits.Preserves.Shapes.Terminal,1.62,1.50,0.12,7.8
1298,Mathlib.Combinatorics.SimpleGraph.Triangle.Counting,2.72,2.52,0.20,7.8
1299,Mathlib.CategoryTheory.Monoidal.ExternalProduct.Basic,2.96,2.74,0.21,7.8
1300,Mathlib.Topology.Category.CompHaus.Frm,2.04,1.89,0.15,7.8
1301,Mathlib.CategoryTheory.Limits.Shapes.DisjointCoproduct,1.49,1.38,0.11,7.8
1302,Mathlib.Data.Real.Hyperreal,1.80,1.68,0.13,7.8
1303,Mathlib.Topology.Algebra.Group.Compact,1.60,1.48,0.11,7.8
1304,Mathlib.FieldTheory.Galois.NormalBasis,4.39,4.08,0.32,7.8
1305,Mathlib.CategoryTheory.GradedObject.Associator,2.03,1.88,0.15,7.7
1306,Mathlib.Analysis.Normed.Operator.ContinuousLinearMap,3.37,3.12,0.24,7.7
1307,Mathlib.Data.NNRat.Lemmas,1.49,1.38,0.11,7.7
1308,Mathlib.Algebra.NonAssoc.LieAdmissible.Defs,2.04,1.90,0.15,7.7
1309,Mathlib.LinearAlgebra.DirectSum.Basis,1.61,1.50,0.12,7.7
1310,Mathlib.GroupTheory.CommutingProbability,2.62,2.43,0.19,7.7
1311,Mathlib.Dynamics.Ergodic.Function,2.05,1.90,0.15,7.7
1312,Mathlib.FieldTheory.Finite.Extension,2.48,2.30,0.18,7.7
1313,Mathlib.CategoryTheory.Preadditive.EndoFunctor,2.04,1.89,0.15,7.7
1314,Mathlib.Topology.Algebra.Polynomial,2.72,2.52,0.19,7.7
1315,Mathlib.Tactic.Linarith,1.39,1.29,0.10,7.7
1316,Mathlib.Combinatorics.Hall.Finite,1.72,1.59,0.12,7.7
1317,Mathlib.Topology.Category.Profinite.Basic,2.79,2.59,0.20,7.7
1318,Mathlib.Algebra.Category.ModuleCat.Limits,3.73,3.46,0.27,7.7
1319,Mathlib.Topology.Compactness.Paracompact,1.83,1.70,0.13,7.7
1320,Mathlib.Algebra.Order.Archimedean.IndicatorCard,1.61,1.49,0.11,7.7
1321,Mathlib.Data.Ordmap.Ordnode,2.15,2.00,0.15,7.7
1322,Mathlib.CategoryTheory.Limits.FunctorToTypes,1.29,1.20,0.09,7.7
1323,Mathlib.Analysis.Normed.Order.Hom.Ultra,1.62,1.51,0.12,7.7
1324,Mathlib.LinearAlgebra.Matrix.Permanent,1.71,1.58,0.12,7.7
1325,Mathlib.Analysis.Distribution.DerivNotation,2.15,2.00,0.15,7.7
1326,Mathlib.Logic.Equiv.Multiset,1.40,1.30,0.10,7.7
1327,Mathlib.CategoryTheory.Limits.Shapes.Images,4.05,3.76,0.29,7.7
1328,Mathlib.Topology.IsClosedRestrict,1.70,1.57,0.12,7.7
1329,Mathlib.Topology.Instances.Nat,1.71,1.59,0.12,7.7
1330,Mathlib.AlgebraicTopology.SimplicialSet.CategoryWithFibrations,1.61,1.50,0.11,7.7
1331,Mathlib.Tactic.Contrapose,1.29,1.20,0.09,7.7
1332,Mathlib.Tactic.IntervalCases,2.96,2.75,0.21,7.7
1333,Mathlib.Algebra.AffineMonoid.Basic,1.39,1.29,0.10,7.7
1334,Mathlib.CategoryTheory.Sites.Localization,1.50,1.40,0.11,7.7
1335,Mathlib.Algebra.Star.Conjneg,1.62,1.50,0.12,7.7
1336,Mathlib.Logic.Equiv.Array,1.29,1.20,0.09,7.7
1337,Mathlib.SetTheory.Cardinal.Subfield,1.80,1.67,0.13,7.7
1338,Mathlib.Analysis.InnerProductSpace.TensorProduct,13.60,12.63,0.97,7.6
1339,Mathlib.MeasureTheory.Integral.Lebesgue.Markov,2.14,1.99,0.15,7.6
1340,Mathlib.GroupTheory.Commutator.Finite,1.59,1.48,0.11,7.6
1341,Mathlib.CategoryTheory.Abelian.Injective.Resolution,3.16,2.93,0.22,7.6
1342,Mathlib.Data.ZMod.Basic,3.55,3.30,0.25,7.6
1343,Mathlib.Order.Category.FinBoolAlg,2.41,2.24,0.17,7.6
1344,Mathlib.Algebra.Category.ModuleCat.Presheaf.Generator,2.35,2.18,0.17,7.6
1345,Mathlib.GroupTheory.QuotientGroup.Finite,1.71,1.59,0.12,7.6
1346,Mathlib.CategoryTheory.Limits.Constructions.Pullbacks,1.39,1.29,0.10,7.6
1347,Mathlib.CategoryTheory.Limits.Types.Equalizers,1.39,1.29,0.10,7.6
1348,Mathlib.Topology.Separation.CompletelyRegular,3.88,3.61,0.27,7.6
1349,Mathlib.Analysis.Calculus.FDeriv.Analytic,13.41,12.46,0.95,7.6
1350,Mathlib.Analysis.Calculus.IteratedDeriv.Defs,3.57,3.32,0.25,7.6
1351,Mathlib.Analysis.Real.Spectrum,2.23,2.07,0.16,7.6
1352,Mathlib.Algebra.Homology.DerivedCategory.ShortExact,2.07,1.93,0.15,7.6
1353,Mathlib.Topology.LocallyFinite,1.60,1.49,0.11,7.6
1354,Mathlib.NumberTheory.LSeries.Linearity,2.47,2.30,0.17,7.6
1355,Mathlib.Data.Multiset.ZeroCons,1.82,1.69,0.13,7.6
1356,Mathlib.AlgebraicGeometry.EllipticCurve.Weierstrass,2.82,2.62,0.20,7.6
1357,Mathlib.CategoryTheory.Limits.FilteredColimitCommutesProduct,2.36,2.20,0.17,7.6
1358,Mathlib.RingTheory.MvPolynomial.FreeCommRing,2.01,1.87,0.14,7.6
1359,Mathlib.Algebra.Polynomial.Homogenize,3.82,3.55,0.27,7.6
1360,Mathlib.Data.Finset.Sym,1.82,1.70,0.13,7.5
1361,Mathlib.Algebra.Algebra.Subalgebra.Tower,1.91,1.78,0.13,7.5
1362,Mathlib.Algebra.Order.Floor.Extended,2.81,2.61,0.20,7.5
1363,Mathlib.Tactic.CategoryTheory.Coherence.PureCoherence,1.43,1.33,0.10,7.5
1364,Mathlib.Order.UpperLower.Closure,2.01,1.87,0.14,7.5
1365,Mathlib.Condensed.Basic,2.17,2.02,0.15,7.5
1366,Mathlib.RingTheory.Adjoin.Basic,2.04,1.90,0.14,7.5
1367,Mathlib.Topology.Sheaves.LocallySurjective,1.81,1.69,0.13,7.5
1368,Mathlib.Topology.OpenPartialHomeomorph,4.14,3.85,0.29,7.5
1369,Mathlib.AlgebraicGeometry.EllipticCurve.Reduction,4.72,4.39,0.33,7.5
1370,Mathlib.CategoryTheory.Idempotents.HomologicalComplex,3.17,2.95,0.22,7.5
1371,Mathlib.NumberTheory.DirichletCharacter.Basic,2.35,2.18,0.16,7.5
1372,Mathlib.Util.Tactic,0.82,0.76,0.06,7.5
1373,Mathlib.Algebra.Star.StarAlgHom,5.57,5.18,0.39,7.5
1374,Mathlib.Data.ENNReal.BigOperators,2.35,2.19,0.16,7.5
1375,Mathlib.Algebra.Homology.Homotopy,7.39,6.88,0.52,7.5
1376,Mathlib.Algebra.Field.Shrink,1.40,1.31,0.10,7.5
1377,Mathlib.Analysis.Normed.Group.Submodule,1.71,1.59,0.12,7.5
1378,Mathlib.AlgebraicTopology.ModelCategory.BrownLemma,1.95,1.81,0.14,7.5
1379,Mathlib.Topology.Category.CompactlyGenerated,2.04,1.89,0.14,7.5
1380,Mathlib.Algebra.Homology.HomotopyCofiber,4.73,4.40,0.33,7.5
1381,Mathlib.RingTheory.Spectrum.Prime.RingHom,3.48,3.24,0.24,7.5
1382,Mathlib.Topology.Category.CompHaus.Limits,2.05,1.91,0.14,7.5
1383,Mathlib.RingTheory.Ideal.Basic,2.04,1.90,0.14,7.5
1384,Mathlib.Algebra.Category.Ring.Topology,3.09,2.87,0.21,7.5
1385,Mathlib.CategoryTheory.Bicategory.Functor.Oplax,3.95,3.67,0.27,7.5
1386,Mathlib.RingTheory.Ideal.GoingUp,3.36,3.13,0.23,7.5
1387,Mathlib.Analysis.Normed.Group.ControlledClosure,2.95,2.74,0.21,7.5
1388,Mathlib.Topology.MetricSpace.Thickening,3.02,2.81,0.21,7.5
1389,Mathlib.Algebra.Order.Rearrangement,3.24,3.01,0.23,7.5
1390,Mathlib.Probability.Moments.CovarianceBilin,5.04,4.69,0.35,7.5
1391,Mathlib.Algebra.Homology.ShortComplex.Homology,4.76,4.43,0.33,7.5
1392,Mathlib.CategoryTheory.Skeletal,2.26,2.10,0.16,7.5
1393,Mathlib.Tactic.FunProp.Elab,1.51,1.41,0.10,7.5
1394,Mathlib.Analysis.Normed.Field.WithAbs,3.27,3.04,0.23,7.5
1395,Mathlib.Topology.Order.IsNormal,3.06,2.84,0.21,7.5
1396,Mathlib.Topology.Category.CompHausLike.Cartesian,1.72,1.60,0.12,7.5
1397,Mathlib.Probability.Kernel.Composition.MapComap,3.04,2.83,0.21,7.4
1398,Mathlib.CategoryTheory.Limits.Shapes.Pullback.Assoc,4.35,4.04,0.30,7.4
1399,Mathlib.CategoryTheory.MorphismProperty.FunctorCategory,1.81,1.68,0.12,7.4
1400,Mathlib.Algebra.Star.Subalgebra,6.79,6.32,0.47,7.4
1401,Mathlib.Analysis.Normed.Affine.AsymptoticCone,2.65,2.46,0.18,7.4
1402,Mathlib.Analysis.Matrix,2.26,2.10,0.16,7.4
1403,Mathlib.MeasureTheory.Order.Lattice,2.24,2.09,0.16,7.4
1404,Mathlib.Algebra.Homology.DerivedCategory.Ext.EnoughProjectives,2.62,2.44,0.18,7.4
1405,Mathlib.MeasureTheory.Order.Group.Lattice,1.91,1.78,0.13,7.4
1406,Mathlib.Algebra.CharP.Subring,1.74,1.62,0.12,7.4
1407,Mathlib.Analysis.SpecialFunctions.Exp,2.93,2.73,0.20,7.4
1408,Mathlib.Algebra.Order.Star.Conjneg,1.61,1.50,0.11,7.4
1409,Mathlib.Analysis.NormedSpace.ConformalLinearMap,1.81,1.69,0.12,7.4
1410,Mathlib.Topology.Compactness.DeltaGeneratedSpace,2.38,2.22,0.16,7.4
1411,Mathlib.RingTheory.DedekindDomain.Factorization,12.43,11.57,0.85,7.4
1412,Mathlib.Data.Set.Finite.Lattice,2.36,2.20,0.16,7.4
1413,Mathlib.Algebra.GroupWithZero.Action.Pointwise.Set,2.20,2.05,0.15,7.4
1414,Mathlib.Algebra.Category.ModuleCat.Sheaf.PullbackFree,3.04,2.83,0.21,7.4
1415,Mathlib.FieldTheory.Finiteness,1.92,1.79,0.13,7.4
1416,Mathlib.Data.Int.SuccPred,1.39,1.29,0.09,7.4
1417,Mathlib.Geometry.RingedSpace.PresheafedSpace.HasColimits,5.83,5.43,0.40,7.4
1418,Mathlib.CategoryTheory.Limits.Shapes.Opposites.Equalizers,3.15,2.94,0.22,7.4
1419,Mathlib.NumberTheory.Padics.PadicNorm,2.13,1.99,0.15,7.4
1420,Mathlib.Topology.Category.Stonean.Adjunctions,2.06,1.92,0.14,7.4
1421,Mathlib.Algebra.Order.Chebyshev,2.27,2.11,0.16,7.3
1422,Mathlib.Algebra.GroupWithZero.Action.Defs,1.81,1.69,0.12,7.3
1423,Mathlib.Analysis.Normed.Group.Subgroup,1.80,1.68,0.12,7.3
1424,Mathlib.LinearAlgebra.Matrix.SpecialLinearGroup,5.02,4.67,0.34,7.3
1425,Mathlib.NumberTheory.DiophantineApproximation.ContinuedFractions,2.02,1.88,0.14,7.3
1426,Mathlib.Topology.Algebra.Module.Determinant,2.05,1.91,0.14,7.3
1427,Mathlib.Algebra.CharP.LinearMaps,2.74,2.55,0.19,7.3
1428,Mathlib.Algebra.Module.LinearMap.Polynomial,5.48,5.10,0.37,7.3
1429,Mathlib.Algebra.Group.Submonoid.BigOperators,1.82,1.69,0.12,7.3
1430,Mathlib.CategoryTheory.Functor.TypeValuedFlat,1.51,1.41,0.10,7.3
1431,Mathlib.RingTheory.EisensteinCriterion,1.72,1.60,0.12,7.3
1432,Mathlib.Order.Monotone.Defs,1.63,1.52,0.11,7.3
1433,Mathlib.Order.Filter.AtTopBot.Monoid,1.69,1.57,0.11,7.3
1434,Mathlib.RingTheory.Ideal.Span,1.94,1.81,0.13,7.3
1435,Mathlib.LinearAlgebra.Basis.Basic,2.25,2.10,0.15,7.3
1436,Mathlib.Topology.Instances.Int,1.82,1.70,0.12,7.3
1437,Mathlib.Topology.Homotopy.HomotopyGroup,8.15,7.60,0.55,7.3
1438,Mathlib.Order.Preorder.Finsupp,1.50,1.40,0.10,7.3
1439,Mathlib.RepresentationTheory.Homological.GroupHomology.FiniteCyclic,5.67,5.29,0.38,7.3
1440,Mathlib.CategoryTheory.Functor.Basic,1.49,1.39,0.10,7.3
1441,Mathlib.Order.Monotone.Basic,1.83,1.70,0.12,7.3
1442,Mathlib.Algebra.Order.Sub.Defs,1.49,1.39,0.10,7.3
1443,Mathlib.MeasureTheory.Function.AEMeasurableSequence,2.05,1.91,0.14,7.3
1444,Mathlib.NumberTheory.LSeries.HurwitzZetaEven,4.71,4.39,0.32,7.3
1445,Mathlib.Data.Nat.Factorial.Basic,2.14,2.00,0.15,7.3
1446,Mathlib.MeasureTheory.Function.Floor,2.14,2.00,0.15,7.3
1447,Mathlib.Data.Finite.Sum,1.28,1.20,0.09,7.3
1448,Mathlib.Algebra.Lie.IdealOperations,3.03,2.82,0.21,7.3
1449,Mathlib.MeasureTheory.Integral.Lebesgue.Norm,1.94,1.80,0.13,7.3
1450,Mathlib.Algebra.Group.Action.Sum,1.32,1.23,0.09,7.3
1451,Mathlib.Tactic.CategoryTheory.ToApp,1.64,1.53,0.11,7.3
1452,Mathlib.Topology.Sheaves.LocalPredicate,2.44,2.28,0.17,7.2
1453,Mathlib.Topology.Algebra.Indicator,1.38,1.29,0.09,7.2
1454,Mathlib.Data.Rat.Cast.Order,3.16,2.95,0.21,7.2
1455,Mathlib.CategoryTheory.Adjunction.Restrict,1.71,1.59,0.11,7.2
1456,Mathlib.RepresentationTheory.GroupCohomology.Basic,2.04,1.90,0.14,7.2
1457,Mathlib.NumberTheory.DiophantineApproximation.Basic,3.88,3.62,0.26,7.2
1458,Mathlib.Topology.MetricSpace.MetricSeparated,1.70,1.58,0.11,7.2
1459,Mathlib.CategoryTheory.ObjectProperty.ColimitsOfShape,1.93,1.80,0.13,7.2
1460,Mathlib.CategoryTheory.Adjunction.Evaluation,2.93,2.73,0.20,7.2
1461,Mathlib.Topology.Instances.ZMultiples,1.83,1.71,0.12,7.2
1462,Mathlib.Analysis.ConstantSpeed,2.25,2.10,0.15,7.2
1463,Mathlib.LinearAlgebra.RootSystem.Reduced,3.82,3.56,0.26,7.2
1464,Mathlib.CategoryTheory.Subobject.Types,1.70,1.59,0.11,7.2
1465,Mathlib.Algebra.Ring.Basic,1.60,1.49,0.11,7.2
1466,Mathlib.CategoryTheory.MorphismProperty.Ind,2.02,1.88,0.14,7.2
1467,Mathlib.Analysis.Real.Hyperreal,3.02,2.82,0.20,7.2
1468,Mathlib.Topology.Compactness.Compact,3.11,2.90,0.21,7.2
1469,Mathlib.Topology.Algebra.Module.CharacterSpace,2.84,2.65,0.19,7.2
1470,Mathlib.Topology.Algebra.Valued.ValuedField,3.68,3.43,0.25,7.2
1471,Mathlib.Topology.Algebra.MetricSpace.Lipschitz,1.71,1.59,0.11,7.2
1472,Mathlib.RingTheory.Bialgebra.Basic,2.75,2.57,0.18,7.2
1473,Mathlib.AlgebraicGeometry.ProjectiveSpectrum.Basic,8.15,7.60,0.54,7.2
1474,Mathlib.Analysis.Fourier.FiniteAbelian.Orthogonality,2.83,2.64,0.19,7.2
1475,Mathlib.Combinatorics.HalesJewett,2.04,1.90,0.14,7.2
1476,Mathlib.Topology.Algebra.Monoid,4.89,4.56,0.33,7.1
1477,Mathlib.Topology.MetricSpace.IsometricSMul,5.27,4.92,0.35,7.1
1478,Mathlib.RingTheory.Complex,2.00,1.86,0.13,7.1
1479,Mathlib.Algebra.Category.FGModuleCat.EssentiallySmall,2.33,2.17,0.15,7.1
1480,Mathlib.RingTheory.NormTrace,2.19,2.05,0.15,7.1
1481,Mathlib.Algebra.Order.Monoid.Unbundled.Pow,2.03,1.89,0.14,7.1
1482,Mathlib.Analysis.NormedSpace.HahnBanach.Separation,2.04,1.91,0.14,7.1
1483,Mathlib.Topology.Instances.ENat,1.93,1.80,0.13,7.1
1484,Mathlib.Topology.Algebra.RestrictedProduct,1.58,1.48,0.10,7.1
1485,Mathlib.Topology.Algebra.SeparationQuotient.Hom,1.84,1.71,0.12,7.1
1486,Mathlib.Algebra.Field.Subfield.Defs,2.39,2.23,0.16,7.1
1487,Mathlib.MeasureTheory.Function.StronglyMeasurable.AEStronglyMeasurable,4.13,3.85,0.27,7.1
1488,Mathlib.NumberTheory.ArithmeticFunction,1.52,1.42,0.10,7.1
1489,Mathlib.Data.Fintype.Parity,1.31,1.22,0.09,7.1
1490,Mathlib.Analysis.Convex.Cone.Dual,4.46,4.17,0.30,7.1
1491,Mathlib.NumberTheory.SmoothNumbers,2.14,2.00,0.14,7.1
1492,Mathlib.Algebra.Polynomial.Eval.Defs,2.90,2.71,0.19,7.1
1493,Mathlib.Analysis.InnerProductSpace.l2Space,7.47,6.98,0.50,7.1
1494,Mathlib.RingTheory.Polynomial.Opposites,2.05,1.92,0.14,7.1
1495,Mathlib.Tactic.Ring.NamePolyVars,1.71,1.59,0.11,7.1
1496,Mathlib.Algebra.Central.Defs,1.60,1.50,0.11,7.1
1497,Mathlib.Topology.NhdsKer,1.69,1.58,0.11,7.1
1498,Mathlib.Analysis.Normed.Group.Indicator,1.73,1.61,0.11,7.1
1499,Mathlib.CategoryTheory.Monoidal.Cartesian.Over,5.92,5.53,0.39,7.1
1500,Mathlib.Util.Notation3,5.10,4.76,0.34,7.1
1501,Mathlib.Topology.Sober,1.70,1.58,0.11,7.1
1502,Mathlib.Topology.UniformSpace.CompareReals,1.80,1.68,0.12,7.1
1503,Mathlib.LinearAlgebra.Goursat,4.23,3.95,0.28,7.1
1504,Mathlib.RingTheory.WittVector.Isocrystal,7.02,6.56,0.46,7.1
1505,Mathlib.Tactic.Module,6.40,5.98,0.42,7.1
1506,Mathlib.RingTheory.Polynomial.SeparableDegree,2.05,1.91,0.14,7.1
1507,Mathlib.Algebra.Homology.CommSq,4.54,4.24,0.30,7.1
1508,Mathlib.MeasureTheory.Function.EssSup,2.48,2.31,0.16,7.1
1509,Mathlib.Analysis.PSeriesComplex,2.37,2.21,0.16,7.0
1510,Mathlib.Dynamics.Ergodic.Ergodic,2.14,2.00,0.14,7.0
1511,Mathlib.Combinatorics.Additive.Dissociation,2.83,2.64,0.19,7.0
1512,Mathlib.AlgebraicTopology.SimplicialObject.Op,1.92,1.79,0.13,7.0
1513,Mathlib.RingTheory.SimpleModule.InjectiveProjective,1.70,1.59,0.11,7.0
1514,Mathlib.LinearAlgebra.Matrix.Charpoly.Univ,2.24,2.09,0.15,7.0
1515,Mathlib.LinearAlgebra.Charpoly.ToMatrix,2.48,2.32,0.16,7.0
1516,Mathlib.RingTheory.Coprime.Ideal,2.19,2.05,0.14,7.0
1517,Mathlib.CategoryTheory.Limits.FunctorCategory.Shapes.Products,1.48,1.38,0.10,7.0
1518,Mathlib.CategoryTheory.Functor.EpiMono,1.94,1.81,0.13,7.0
1519,Mathlib.Data.Nat.Factorial.SuperFactorial,1.48,1.38,0.10,7.0
1520,Mathlib.Computability.TMToPartrec,3.30,3.08,0.22,7.0
1521,Mathlib.Analysis.Analytic.WithLp,2.23,2.08,0.15,7.0
1522,Mathlib.Analysis.Normed.Module.Ball.Pointwise,3.67,3.43,0.24,7.0
1523,Mathlib.Topology.Category.Stonean.Basic,2.21,2.07,0.15,7.0
1524,Mathlib.Algebra.Category.ModuleCat.Presheaf,7.32,6.84,0.48,7.0
1525,Mathlib.Tactic.Widget.CommDiag,1.39,1.30,0.09,7.0
1526,Mathlib.CategoryTheory.Category.Cat.Colimit,1.59,1.49,0.10,7.0
1527,Mathlib.CategoryTheory.Limits.Lattice,1.91,1.79,0.12,7.0
1528,Mathlib.Analysis.Normed.Group.Tannery,2.27,2.12,0.15,7.0
1529,Mathlib.Algebra.Lie.Extension,11.94,11.16,0.78,7.0
1530,Mathlib.Condensed.Functors,2.04,1.90,0.13,7.0
1531,Mathlib.Topology.MetricSpace.Antilipschitz,1.93,1.80,0.13,7.0
1532,Mathlib.Logic.Function.ULift,0.81,0.76,0.05,7.0
1533,Mathlib.LinearAlgebra.Matrix.Module,2.58,2.41,0.17,7.0
1534,Mathlib.Topology.Algebra.Module.Star,2.33,2.18,0.15,7.0
1535,Mathlib.RingTheory.SimpleRing.Field,1.60,1.49,0.10,7.0
1536,Mathlib.Tactic.Attr.Core,0.81,0.76,0.05,7.0
1537,Mathlib.GroupTheory.Complement,5.45,5.10,0.35,7.0
1538,Mathlib.Tactic.Rify,1.51,1.41,0.10,7.0
1539,Mathlib.Topology.Algebra.ProperAction.ProperlyDiscontinuous,2.55,2.39,0.17,7.0
1540,Mathlib.CategoryTheory.Limits.Shapes.StrongEpi,1.49,1.40,0.10,7.0
1541,Mathlib.CategoryTheory.Subobject.ArtinianObject,1.69,1.58,0.11,7.0
1542,Mathlib.Order.SuccPred.InitialSeg,1.37,1.28,0.09,6.9
1543,Mathlib.Combinatorics.SimpleGraph.Diam,1.70,1.59,0.11,6.9
1544,Mathlib.Tactic.Push,2.25,2.11,0.15,6.9
1545,Mathlib.Topology.Algebra.Module.PerfectSpace,2.10,1.97,0.14,6.9
1546,Mathlib.Tactic.NormNum.Core,2.03,1.90,0.13,6.9
1547,Mathlib.Data.Fintype.Lattice,1.39,1.30,0.09,6.9
1548,Mathlib.LinearAlgebra.TensorProduct.Graded.Internal,16.89,15.80,1.09,6.9
1549,Mathlib.CategoryTheory.Sites.Hypercover.ZeroFamily,1.59,1.49,0.10,6.9
1550,Mathlib.CategoryTheory.Sites.PreservesLocallyBijective,1.81,1.69,0.12,6.9
1551,Mathlib.Data.UInt,2.28,2.13,0.15,6.9
1552,Mathlib.CategoryTheory.Limits.Preserves.Creates.Finite,2.28,2.13,0.15,6.9
1553,Mathlib.GroupTheory.Finiteness,3.13,2.93,0.20,6.9
1554,Mathlib.Algebra.Module.Presentation.Cokernel,2.22,2.08,0.14,6.9
1555,Mathlib.Data.Real.EReal,1.40,1.31,0.09,6.9
1556,Mathlib.Analysis.Calculus.ContDiff.FTaylorSeries,15.10,14.13,0.97,6.9
1557,Mathlib.Analysis.Complex.Conformal,4.39,4.11,0.28,6.9
1558,Mathlib.LinearAlgebra.FreeModule.PID,4.89,4.57,0.31,6.9
1559,Mathlib.Algebra.Tropical.Lattice,3.35,3.13,0.21,6.9
1560,Mathlib.Geometry.Manifold.Sheaf.Basic,2.04,1.91,0.13,6.9
1561,Mathlib.Algebra.Lie.EngelSubalgebra,2.57,2.40,0.17,6.9
1562,Mathlib.Algebra.Lie.UniversalEnveloping,2.45,2.29,0.16,6.9
1563,Mathlib.Topology.MetricSpace.Dilation,2.42,2.26,0.16,6.9
1564,Mathlib.Analysis.Calculus.ContDiff.CPolynomial,2.35,2.20,0.15,6.9
1565,Mathlib.Combinatorics.SimpleGraph.FiveWheelLike,6.89,6.45,0.44,6.9
1566,Mathlib.RepresentationTheory.Homological.GroupCohomology.Functoriality,10.27,9.61,0.66,6.9
1567,Mathlib.Topology.Order.Real,1.59,1.49,0.10,6.9
1568,Mathlib.SetTheory.PGame.Algebra,4.91,4.60,0.31,6.8
1569,Mathlib.Analysis.InnerProductSpace.Adjoint,24.14,22.59,1.55,6.8
1570,Mathlib.LinearAlgebra.Matrix.Kronecker,4.68,4.38,0.30,6.8
1571,Mathlib.CategoryTheory.Adjunction.FullyFaithful,2.03,1.90,0.13,6.8
1572,Mathlib.Topology.Algebra.Algebra.Equiv,2.56,2.40,0.16,6.8
1573,Mathlib.LinearAlgebra.Transvection,2.12,1.99,0.14,6.8
1574,Mathlib.Analysis.Convex.GaugeRescale,3.12,2.92,0.20,6.8
1575,Mathlib.RingTheory.Localization.NormTrace,2.44,2.28,0.16,6.8
1576,Mathlib.RingTheory.Ideal.Maximal,1.89,1.77,0.12,6.8
1577,Mathlib.Data.String.Defs,0.81,0.76,0.05,6.8
1578,Mathlib.Data.Finsupp.Weight,1.82,1.70,0.12,6.8
1579,Mathlib.MeasureTheory.Measure.Regular,3.26,3.05,0.21,6.8
1580,Mathlib.LinearAlgebra.BilinearForm.Hom,3.44,3.23,0.22,6.8
1581,Mathlib.CategoryTheory.Localization.Composition,1.37,1.28,0.09,6.8
1582,Mathlib.MeasureTheory.Category.MeasCat,2.34,2.19,0.15,6.8
1583,Mathlib.Topology.Category.LightProfinite.Cartesian,2.04,1.91,0.13,6.8
1584,Mathlib.Data.Complex.Norm,1.71,1.60,0.11,6.8
1585,Mathlib.Algebra.Ring.Subsemiring.Pointwise,1.92,1.80,0.12,6.8
1586,Mathlib.Topology.Algebra.UniformField,2.12,1.99,0.14,6.8
1587,Mathlib.CategoryTheory.Abelian.GrothendieckAxioms.Basic,2.35,2.20,0.15,6.8
1588,Mathlib.ModelTheory.Fraisse,2.03,1.90,0.13,6.8
1589,Mathlib.Analysis.LocallyConvex.WeakSpace,4.10,3.84,0.26,6.8
1590,Mathlib.CategoryTheory.MorphismProperty.TransfiniteComposition,3.37,3.16,0.21,6.8
1591,Mathlib.Topology.Separation.GDelta,1.61,1.51,0.10,6.8
1592,Mathlib.CategoryTheory.SmallObject.TransfiniteIteration,2.35,2.20,0.15,6.8
1593,Mathlib.Algebra.Group.Action.Option,1.25,1.17,0.08,6.8
1594,Mathlib.Topology.Category.TopCat.Limits.Konig,1.59,1.49,0.10,6.8
1595,Mathlib.Data.Finsupp.PointwiseSMul,1.59,1.49,0.10,6.8
1596,Mathlib.Combinatorics.SimpleGraph.DegreeSum,1.81,1.70,0.11,6.8
1597,Mathlib.Geometry.Manifold.Riemannian.Basic,8.10,7.58,0.51,6.8
1598,Mathlib.MeasureTheory.Measure.Typeclasses,1.83,1.72,0.12,6.8
1599,Mathlib.Data.List.InsertNth,1.17,1.10,0.07,6.8
1600,Mathlib.Algebra.Group.Subgroup.Lattice,4.13,3.87,0.26,6.8
1601,Mathlib.RingTheory.DedekindDomain.AdicValuation,7.91,7.41,0.50,6.7
1602,Mathlib.Algebra.Homology.Embedding.IsSupported,1.93,1.81,0.12,6.7
1603,Mathlib.Order.Grade,1.93,1.81,0.12,6.7
1604,Mathlib.Analysis.LocallyConvex.StrongTopology,2.27,2.13,0.14,6.7
1605,Mathlib.RingTheory.RootsOfUnity.PrimitiveRoots,3.97,3.72,0.25,6.7
1606,Mathlib.LinearAlgebra.Matrix.ProjectiveSpecialLinearGroup,1.81,1.70,0.11,6.7
1607,Mathlib.Algebra.Homology.HomotopyCategory.Acyclic,1.83,1.71,0.11,6.7
1608,Mathlib.FieldTheory.Galois.IsGaloisGroup,4.48,4.20,0.28,6.7
1609,Mathlib.Combinatorics.Matroid.Loop,2.85,2.67,0.18,6.7
1610,Mathlib.Algebra.Module.Submodule.Equiv,3.11,2.91,0.20,6.7
1611,Mathlib.Analysis.Analytic.RadiusLiminf,2.46,2.30,0.15,6.7
1612,Mathlib.CategoryTheory.Preadditive.LiftToFinset,1.60,1.50,0.10,6.7
1613,Mathlib.RingTheory.GradedAlgebra.HomogeneousLocalization,9.29,8.71,0.58,6.7
1614,Mathlib.CategoryTheory.Limits.Preserves.Shapes.Over,1.73,1.62,0.11,6.7
1615,Mathlib.RingTheory.RootsOfUnity.CyclotomicUnits,2.37,2.22,0.15,6.7
1616,Mathlib.CategoryTheory.Monad.Kleisli,1.71,1.60,0.11,6.7
1617,Mathlib.RingTheory.Coalgebra.Basic,4.64,4.35,0.29,6.7
1618,Mathlib.Topology.Homotopy.Path,5.89,5.53,0.37,6.7
1619,Mathlib.Algebra.Algebra.NonUnitalSubalgebra,8.09,7.59,0.51,6.7
1620,Mathlib.Algebra.Module.Injective,3.98,3.73,0.25,6.7
1621,Mathlib.Topology.Order.MonotoneContinuity,2.00,1.88,0.12,6.6
1622,Mathlib.Tactic.Relation.Rfl,0.80,0.75,0.05,6.6
1623,Mathlib.Algebra.Ring.Shrink,1.38,1.30,0.09,6.6
1624,Mathlib.Data.Nat.Multiplicity,1.91,1.79,0.12,6.6
1625,Mathlib.CategoryTheory.Limits.Indization.FilteredColimits,2.14,2.01,0.13,6.6
1626,Mathlib.CategoryTheory.Center.Preadditive,1.37,1.28,0.09,6.6
1627,Mathlib.Topology.Sets.Order,1.48,1.39,0.09,6.6
1628,Mathlib.Dynamics.TopologicalEntropy.Semiconj,2.25,2.11,0.14,6.6
1629,Mathlib.CategoryTheory.Limits.Shapes.Pullback.Connected,1.71,1.60,0.11,6.6
1630,Mathlib.AlgebraicGeometry.Morphisms.ClosedImmersion,4.57,4.29,0.28,6.6
1631,Mathlib.Data.Nat.PartENat,2.21,2.07,0.14,6.6
1632,Mathlib.Topology.Algebra.IsUniformGroup.Basic,4.18,3.92,0.26,6.6
1633,Mathlib.Data.Finite.Vector,1.34,1.26,0.08,6.6
1634,Mathlib.Topology.Order.ScottTopology,1.82,1.71,0.11,6.6
1635,Mathlib.Topology.Closure,1.92,1.80,0.12,6.6
1636,Mathlib.RingTheory.Extension,1.81,1.70,0.11,6.6
1637,Mathlib.Combinatorics.SimpleGraph.Subgraph,3.96,3.72,0.24,6.6
1638,Mathlib.LinearAlgebra.Matrix.Determinant.Misc,1.89,1.77,0.12,6.6
1639,Mathlib.Algebra.Star.NonUnitalSubsemiring,1.49,1.40,0.09,6.6
1640,Mathlib.Algebra.Jordan.Basic,3.58,3.36,0.22,6.6
1641,Mathlib.Topology.Category.Profinite.Nobeling.Span,2.66,2.49,0.16,6.6
1642,Mathlib.LinearAlgebra.RootSystem.Hom,9.06,8.51,0.56,6.6
1643,Mathlib.CategoryTheory.Monad.Basic,3.26,3.06,0.20,6.6
1644,Mathlib.Combinatorics.Additive.ApproximateSubgroup,4.17,3.91,0.26,6.6
1645,Mathlib.CategoryTheory.Sites.Limits,2.48,2.33,0.15,6.6
1646,Mathlib.LinearAlgebra.Coevaluation,3.02,2.83,0.19,6.6
1647,Mathlib.Topology.Separation.DisjointCover,1.71,1.60,0.10,6.6
1648,Mathlib.Topology.Instances.RatLemmas,2.05,1.92,0.13,6.6
1649,Mathlib.CategoryTheory.Limits.Preserves.Shapes.Zero,1.72,1.62,0.11,6.6
1650,Mathlib.LinearAlgebra.BilinearMap,8.42,7.90,0.52,6.6
1651,Mathlib.Algebra.Order.Interval.Basic,3.88,3.65,0.24,6.6
1652,Mathlib.CategoryTheory.CommSq,1.82,1.71,0.11,6.5
1653,Mathlib.Topology.Convenient.GeneratedBy,2.03,1.91,0.12,6.5
1654,Mathlib.NumberTheory.ArithmeticFunction.Misc,2.65,2.49,0.16,6.5
1655,Mathlib.Algebra.Homology.Embedding.TruncLEHomology,2.02,1.90,0.12,6.5
1656,Mathlib.RingTheory.Smooth.StandardSmooth,2.23,2.10,0.14,6.5
1657,Mathlib.Topology.Algebra.Order.ArchimedeanDiscrete,2.01,1.88,0.12,6.5
1658,Mathlib.SetTheory.Ordinal.FixedPointApproximants,1.70,1.59,0.10,6.5
1659,Mathlib.CategoryTheory.Category.Cat.Op,1.39,1.30,0.08,6.5
1660,Mathlib.FieldTheory.KummerExtension,6.63,6.22,0.41,6.5
1661,Mathlib.MeasureTheory.Measure.ContinuousPreimage,2.37,2.22,0.15,6.5
1662,Mathlib.CategoryTheory.Limits.Shapes.FiniteMultiequalizer,2.06,1.93,0.13,6.5
1663,Mathlib.Algebra.Opposites,1.62,1.52,0.10,6.5
1664,Mathlib.NumberTheory.ModularForms.Petersson,3.63,3.41,0.22,6.5
1665,Mathlib.Order.Filter.Cocardinal,3.70,3.47,0.23,6.5
1666,Mathlib.GroupTheory.Submonoid.Inverses,2.13,2.00,0.13,6.5
1667,Mathlib.Analysis.Complex.UpperHalfPlane.Exp,2.57,2.41,0.16,6.5
1668,Mathlib.RingTheory.HopfAlgebra.TensorProduct,2.93,2.75,0.18,6.5
1669,Mathlib.Combinatorics.SimpleGraph.Metric,1.93,1.81,0.12,6.5
1670,Mathlib.FieldTheory.Extension,5.35,5.03,0.33,6.5
1671,Mathlib.RepresentationTheory.GroupCohomology.Resolution,2.03,1.91,0.12,6.5
1672,Mathlib.Algebra.Algebra.Subalgebra.MulOpposite,2.02,1.89,0.12,6.5
1673,Mathlib.CategoryTheory.Sites.Continuous,2.44,2.29,0.15,6.5
1674,Mathlib.RingTheory.OrzechProperty,1.82,1.71,0.11,6.5
1675,Mathlib.LinearAlgebra.Basis.SMul,2.23,2.10,0.14,6.5
1676,Mathlib.GroupTheory.SemidirectProduct,3.97,3.73,0.24,6.5
1677,Mathlib.Analysis.LocallyConvex.Barrelled,2.69,2.53,0.16,6.5
1678,Mathlib.RingTheory.PowerSeries.Binomial,2.02,1.90,0.12,6.5
1679,Mathlib.NumberTheory.Cyclotomic.CyclotomicCharacter,4.17,3.92,0.25,6.5
1680,Mathlib.Data.DFinsupp.Module,1.86,1.74,0.11,6.5
1681,Mathlib.Algebra.BigOperators.Ring.Finset,2.12,1.99,0.13,6.5
1682,Mathlib.Data.List.Infix,1.60,1.50,0.10,6.5
1683,Mathlib.RingTheory.FiniteType,4.97,4.67,0.30,6.5
1684,Mathlib.Algebra.CharP.Frobenius,2.01,1.89,0.12,6.5
1685,Mathlib.Algebra.Homology.ShortComplex.QuasiIso,1.70,1.59,0.10,6.5
1686,Mathlib.GroupTheory.Index,5.23,4.92,0.32,6.4
1687,Mathlib.Logic.Equiv.List,1.50,1.41,0.09,6.4
1688,Mathlib.CategoryTheory.Bicategory.Product,6.70,6.30,0.41,6.4
1689,Mathlib.RingTheory.Polynomial.RationalRoot,2.36,2.22,0.14,6.4
1690,Mathlib.Data.Nat.Choose.Factorization,1.92,1.80,0.12,6.4
1691,Mathlib.Tactic.Coe,0.93,0.87,0.06,6.4
1692,Mathlib.CategoryTheory.LocallyCartesianClosed.ChosenPullbacksAlong,7.73,7.26,0.47,6.4
1693,Mathlib.Algebra.RingQuot,3.25,3.05,0.20,6.4
1694,Mathlib.Analysis.Normed.Algebra.UnitizationL1,3.64,3.42,0.22,6.4
1695,Mathlib.Geometry.Group.Growth.LinearLowerBound,2.04,1.91,0.12,6.4
1696,Mathlib.Analysis.SpecialFunctions.Trigonometric.EulerSineProd,4.13,3.88,0.25,6.4
1697,Mathlib.Topology.Instances.Real.Lemmas,2.24,2.10,0.14,6.4
1698,Mathlib.RingTheory.Smooth.StandardSmoothCotangent,3.96,3.72,0.24,6.4
1699,Mathlib.LinearAlgebra.Dual.Defs,3.98,3.74,0.24,6.4
1700,Mathlib.CategoryTheory.Sites.Hypercover.Homotopy,3.07,2.88,0.19,6.4
1701,Mathlib.Analysis.Convex.Visible,4.71,4.43,0.28,6.4
1702,Mathlib.LinearAlgebra.DirectSum.Finite,1.59,1.50,0.10,6.4
1703,Mathlib.RingTheory.Derivation.DifferentialRing,2.26,2.12,0.14,6.4
1704,Mathlib.CategoryTheory.Subpresheaf.Subobject,1.93,1.81,0.12,6.4
1705,Mathlib.CategoryTheory.Subpresheaf.Basic,2.36,2.22,0.14,6.4
1706,Mathlib.Data.ZMod.Units,1.81,1.71,0.11,6.4
1707,Mathlib.Algebra.Order.Monoid.Lex,1.60,1.50,0.10,6.4
1708,Mathlib.Topology.CWComplex.Classical.Basic,6.93,6.52,0.42,6.4
1709,Mathlib.NumberTheory.PellMatiyasevic,3.30,3.10,0.20,6.4
1710,Mathlib.Data.ENNReal.Action,1.79,1.68,0.11,6.4
1711,Mathlib.Topology.Connected.TotallyDisconnected,1.70,1.60,0.10,6.4
1712,Mathlib.LinearAlgebra.Finsupp.Supported,2.23,2.09,0.13,6.4
1713,Mathlib.Algebra.FreeAbelianGroup.Finsupp,1.59,1.50,0.09,6.4
1714,Mathlib.CategoryTheory.Sites.Pullback,2.44,2.30,0.15,6.4
1715,Mathlib.Topology.Specialization,1.59,1.50,0.09,6.4
1716,Mathlib.Analysis.Convex.BetweenList,3.90,3.67,0.23,6.3
1717,Mathlib.CategoryTheory.ExtremalEpi,1.56,1.47,0.09,6.3
1718,Mathlib.Tactic.SimpRw,1.02,0.96,0.06,6.3
1719,Mathlib.GroupTheory.GroupAction.Blocks,5.38,5.06,0.32,6.3
1720,Mathlib.Data.Fintype.Option,1.39,1.31,0.08,6.3
1721,Mathlib.CategoryTheory.Preadditive.Projective.Basic,1.80,1.69,0.11,6.3
1722,Mathlib.RingTheory.HahnSeries.Lex,4.20,3.95,0.25,6.3
1723,Mathlib.CategoryTheory.Monoidal.Closed.FunctorCategory.Basic,2.47,2.32,0.15,6.3
1724,Mathlib.Combinatorics.Nullstellensatz,2.44,2.29,0.15,6.3
1725,Mathlib.Topology.Connected.Clopen,1.92,1.80,0.11,6.3
1726,Mathlib.Data.List.Map2,1.40,1.31,0.08,6.3
1727,Mathlib.Algebra.Category.ModuleCat.Presheaf.EpiMono,1.82,1.71,0.11,6.3
1728,Mathlib.CategoryTheory.Limits.Shapes.NormalMono.Basic,2.25,2.12,0.13,6.3
1729,Mathlib.Analysis.Normed.Ring.Ultra,1.89,1.77,0.11,6.3
1730,Mathlib.RingTheory.Ideal.Quotient.ChineseRemainder,3.35,3.15,0.20,6.3
1731,Mathlib.RingTheory.WittVector.Domain,2.16,2.03,0.13,6.3
1732,Mathlib.Topology.UniformSpace.UniformConvergenceTopology,3.64,3.42,0.22,6.3
1733,Mathlib.CategoryTheory.SmallObject.Construction,3.77,3.55,0.22,6.3
1734,Mathlib.Order.Filter.AtTopBot.Archimedean,1.99,1.87,0.12,6.3
1735,Mathlib.Topology.Spectral.Prespectral,1.92,1.81,0.11,6.3
1736,Mathlib.RingTheory.Valuation.ValExtension,1.70,1.60,0.10,6.3
1737,Mathlib.RingTheory.Finiteness.Basic,2.95,2.78,0.17,6.3
1738,Mathlib.Analysis.NormedSpace.HomeomorphBall,1.81,1.70,0.11,6.3
1739,Mathlib.GroupTheory.Rank,1.69,1.59,0.10,6.3
1740,Mathlib.RingTheory.Polynomial.Eisenstein.Distinguished,2.13,2.00,0.13,6.3
1741,Mathlib.RingTheory.KrullDimension.NonZeroDivisors,2.15,2.02,0.13,6.3
1742,Mathlib.Topology.Algebra.SeparationQuotient.Section,2.03,1.91,0.12,6.3
1743,Mathlib.CategoryTheory.Shift.Linear,1.49,1.40,0.09,6.3
1744,Mathlib.Algebra.Category.Grp.Injective,1.79,1.69,0.11,6.3
1745,Mathlib.CategoryTheory.SmallObject.WellOrderInductionData,3.13,2.95,0.18,6.3
1746,Mathlib.Topology.Algebra.InfiniteSum.ConditionalInt,2.20,2.07,0.13,6.3
1747,Mathlib.CategoryTheory.Limits.Shapes.SequentialProduct,4.34,4.09,0.26,6.3
1748,Mathlib.NumberTheory.LSeries.HurwitzZetaValues,3.65,3.43,0.22,6.3
1749,Mathlib.Algebra.Algebra.Pi,2.02,1.90,0.12,6.3
1750,Mathlib.Algebra.Algebra.Subalgebra.Directed,2.02,1.90,0.12,6.3
1751,Mathlib.CategoryTheory.Sites.DenseSubsite.Basic,3.45,3.25,0.20,6.3
1752,Mathlib.FieldTheory.AbelRuffini,3.57,3.36,0.21,6.3
1753,Mathlib.Analysis.Normed.Field.UnitBall,3.89,3.66,0.23,6.3
1754,Mathlib.Combinatorics.Matroid.Minor.Delete,1.92,1.81,0.11,6.2
1755,Mathlib.Algebra.Module.Submodule.RestrictScalars,1.91,1.79,0.11,6.2
1756,Mathlib.SetTheory.Cardinal.Pigeonhole,1.58,1.49,0.09,6.2
1757,Mathlib.MeasureTheory.Covering.Besicovitch,5.41,5.09,0.32,6.2
1758,Mathlib.CategoryTheory.Sites.Closed,1.69,1.59,0.10,6.2
1759,Mathlib.Analysis.CStarAlgebra.Classes,8.11,7.63,0.48,6.2
1760,Mathlib.Algebra.CharP.MixedCharZero,2.03,1.91,0.12,6.2
1761,Mathlib.SetTheory.ZFC.Ordinal,1.91,1.80,0.11,6.2
1762,Mathlib.Topology.Algebra.UniformConvergence,3.34,3.15,0.20,6.2
1763,Mathlib.Algebra.Homology.LeftResolution.Basic,3.14,2.96,0.18,6.2
1764,Mathlib.Analysis.CStarAlgebra.ContinuousFunctionalCalculus.Range,5.82,5.48,0.34,6.2
1765,Mathlib.CategoryTheory.Adjunction.AdjointFunctorTheorems,1.47,1.38,0.09,6.2
1766,Mathlib.Analysis.Calculus.TangentCone.DimOne,2.12,1.99,0.12,6.2
1767,Mathlib.LinearAlgebra.RootSystem.GeckConstruction.Lemmas,10.47,9.86,0.61,6.2
1768,Mathlib.Tactic.ToLevel,0.80,0.76,0.05,6.2
1769,Mathlib.Topology.Order.UpperLowerSetTopology,1.79,1.69,0.10,6.2
1770,Mathlib.Data.List.Permutation,1.71,1.61,0.10,6.2
1771,Mathlib.Analysis.Normed.Ring.WithAbs,2.02,1.90,0.12,6.2
1772,Mathlib.CategoryTheory.ConcreteCategory.EpiMono,1.50,1.42,0.09,6.2
1773,Mathlib.Topology.Compactification.OnePoint.Basic,2.22,2.09,0.13,6.2
1774,Mathlib.Algebra.GroupWithZero.Units.Basic,1.93,1.82,0.11,6.2
1775,Mathlib.AlgebraicTopology.DoldKan.EquivalencePseudoabelian,2.33,2.19,0.14,6.2
1776,Mathlib.NumberTheory.LocalField.Basic,2.86,2.69,0.17,6.2
1777,Mathlib.RingTheory.LocalRing.Quotient,3.22,3.04,0.19,6.2
1778,Mathlib.CategoryTheory.Galois.Basic,2.42,2.28,0.14,6.2
1779,Mathlib.CategoryTheory.ObjectProperty.LimitsClosure,2.03,1.91,0.12,6.2
1780,Mathlib.CategoryTheory.Sites.Spaces,1.58,1.49,0.09,6.2
1781,Mathlib.Analysis.Convex.Caratheodory,2.12,1.99,0.12,6.2
1782,Mathlib.CategoryTheory.Functor.KanExtension.Preserves,3.60,3.39,0.21,6.2
1783,Mathlib.Topology.MetricSpace.HausdorffAlexandroff,2.03,1.91,0.12,6.2
1784,Mathlib.Topology.Metrizable.Basic,1.71,1.61,0.10,6.2
1785,Mathlib.Topology.Compactness.PseudometrizableLindelof,1.60,1.51,0.09,6.2
1786,Mathlib.Analysis.NormedSpace.RieszLemma,1.79,1.69,0.10,6.2
1787,Mathlib.Algebra.Ring.Hom.InjSurj,1.16,1.09,0.07,6.2
1788,Mathlib.RingTheory.AdicCompletion.Topology,2.31,2.18,0.13,6.2
1789,Mathlib.CategoryTheory.Monoidal.Types.Basic,1.59,1.50,0.09,6.1
1790,Mathlib.NumberTheory.Multiplicity,2.95,2.78,0.17,6.1
1791,Mathlib.Geometry.Euclidean.Angle.Unoriented.CrossProduct,2.45,2.31,0.14,6.1
1792,Mathlib.CategoryTheory.SmallObject.IsCardinalForSmallObjectArgument,3.75,3.53,0.22,6.1
1793,Mathlib.Algebra.Homology.Embedding.AreComplementary,2.14,2.02,0.12,6.1
1794,Mathlib.Condensed.CartesianClosed,2.02,1.91,0.12,6.1
1795,Mathlib.GroupTheory.ArchimedeanDensely,5.09,4.79,0.29,6.1
1796,Mathlib.CategoryTheory.Limits.Indization.Equalizers,1.61,1.52,0.09,6.1
1797,Mathlib.Analysis.LocallyConvex.AbsConvexOpen,2.89,2.73,0.17,6.1
1798,Mathlib.CategoryTheory.Localization.SmallShiftedHom,2.51,2.37,0.15,6.1
1799,Mathlib.Topology.Category.CompHaus.Projective,2.04,1.93,0.12,6.1
1800,Mathlib.Data.ENat.Basic,2.96,2.79,0.17,6.1
1801,Mathlib.Analysis.Normed.Unbundled.IsPowMulFaithful,2.44,2.30,0.14,6.1
1802,Mathlib.MeasureTheory.Covering.Vitali,3.00,2.83,0.17,6.1
1803,Mathlib.MeasureTheory.SetAlgebra,1.60,1.50,0.09,6.1
1804,Mathlib.CategoryTheory.SmallObject.Iteration.Basic,3.56,3.35,0.21,6.1
1805,Mathlib.CategoryTheory.Monoidal.CommGrp_,4.65,4.38,0.27,6.1
1806,Mathlib.RingTheory.Algebraic.LinearIndependent,2.24,2.11,0.13,6.1
1807,Mathlib.Combinatorics.Matroid.Sum,4.52,4.26,0.26,6.1
1808,Mathlib.Topology.ContinuousMap.Interval,2.19,2.07,0.13,6.1
1809,Mathlib.SetTheory.Cardinal.HasCardinalLT,1.69,1.59,0.10,6.1
1810,Mathlib.Data.Sign.Defs,2.46,2.32,0.14,6.1
1811,Mathlib.CategoryTheory.Monoidal.Internal.Types.Basic,2.02,1.91,0.12,6.1
1812,Mathlib.CategoryTheory.Triangulated.Opposite.Basic,2.65,2.50,0.15,6.1
1813,Mathlib.Combinatorics.SimpleGraph.Matching,7.64,7.20,0.44,6.1
1814,Mathlib.Topology.Algebra.Module.Multilinear.Basic,5.31,5.00,0.30,6.1
1815,Mathlib.RingTheory.Valuation.RamificationGroup,1.92,1.81,0.11,6.1
1816,Mathlib.RingTheory.Finiteness.Nilpotent,2.03,1.91,0.12,6.1
1817,Mathlib.Algebra.Group.Submonoid.MulOpposite,1.71,1.61,0.10,6.1
1818,Mathlib.Tactic.ClearExcept,0.80,0.76,0.05,6.1
1819,Mathlib.RingTheory.FinitePresentation,3.09,2.92,0.18,6.1
1820,Mathlib.AlgebraicTopology.ModelCategory.Cylinder,2.58,2.43,0.15,6.1
1821,Mathlib.RingTheory.Lasker,2.03,1.92,0.12,6.1
1822,Mathlib.RingTheory.RingHom.Bijective,2.03,1.92,0.12,6.1
1823,Mathlib.AlgebraicTopology.DoldKan.Homotopies,2.00,1.88,0.11,6.1
1824,Mathlib.Algebra.Algebra.Subalgebra.IsSimpleOrder,2.02,1.90,0.11,6.0
1825,Mathlib.CategoryTheory.Limits.Shapes.Multiequalizer,5.77,5.44,0.33,6.0
1826,Mathlib.CategoryTheory.Limits.MorphismProperty,2.46,2.32,0.14,6.0
1827,Mathlib.Analysis.NormedSpace.Alternating.Uncurry.Fin,1.91,1.80,0.11,6.0
1828,Mathlib.NumberTheory.SumPrimeReciprocals,2.37,2.24,0.13,6.0
1829,Mathlib.Algebra.Lie.Basic,6.96,6.56,0.40,6.0
1830,Mathlib.LinearAlgebra.AffineSpace.Combination,4.16,3.93,0.24,6.0
1831,Mathlib.LinearAlgebra.Quotient.Card,1.50,1.41,0.09,6.0
1832,Mathlib.Logic.Relator,0.92,0.86,0.05,6.0
1833,Mathlib.RingTheory.Valuation.ValuationRing,3.58,3.37,0.20,6.0
1834,Mathlib.Combinatorics.SimpleGraph.Walks.Operations,2.42,2.28,0.14,6.0
1835,Mathlib.Topology.DiscreteQuotient,2.01,1.90,0.11,6.0
1836,Mathlib.Analysis.SpecialFunctions.ImproperIntegrals,3.69,3.48,0.21,6.0
1837,Mathlib.Data.ENNReal.Operations,3.30,3.12,0.19,6.0
1838,Mathlib.CategoryTheory.Quotient.Linear,1.78,1.68,0.10,6.0
1839,Mathlib.Algebra.Polynomial.RuleOfSigns,12.68,11.96,0.72,6.0
1840,Mathlib.Topology.MetricSpace.Pseudo.Pi,1.80,1.70,0.10,6.0
1841,Mathlib.NumberTheory.NumberField.Cyclotomic.Basic,11.69,11.03,0.66,6.0
1842,Mathlib.Order.Filter.NAry,1.49,1.40,0.08,6.0
1843,Mathlib.CategoryTheory.Limits.Shapes.Pullback.Iso,1.79,1.69,0.10,6.0
1844,Mathlib.RingTheory.NormalClosure,17.44,16.46,0.99,6.0
1845,Mathlib.MeasureTheory.MeasurableSpace.PreorderRestrict,1.37,1.29,0.08,6.0
1846,Mathlib.LinearAlgebra.LinearIndependent.Basic,4.49,4.24,0.25,6.0
1847,Mathlib.Combinatorics.SimpleGraph.Acyclic,3.27,3.08,0.18,6.0
1848,Mathlib.CategoryTheory.Sites.Descent.DescentData,4.71,4.44,0.27,6.0
1849,Mathlib.Analysis.Convex.Jensen,3.54,3.34,0.20,6.0
1850,Mathlib.Topology.Compactness.LocallyCompact,1.58,1.49,0.09,6.0
1851,Mathlib.LinearAlgebra.Eigenspace.Matrix,2.65,2.50,0.15,6.0
1852,Mathlib.RingTheory.UniqueFactorizationDomain.Ideal,1.67,1.58,0.09,6.0
1853,Mathlib.Algebra.Category.ModuleCat.Sheaf.Limits,2.47,2.33,0.14,6.0
1854,Mathlib.Algebra.Ring.Opposite,2.23,2.10,0.12,5.9
1855,Mathlib.RingTheory.HahnSeries.Valuation,1.80,1.70,0.10,5.9
1856,Mathlib.Algebra.Category.AlgCat.Basic,2.85,2.69,0.16,5.9
1857,Mathlib.Algebra.Algebra.Hom.Rat,1.50,1.41,0.08,5.9
1858,Mathlib.Algebra.CharP.Defs,1.70,1.60,0.09,5.9
1859,Mathlib.CategoryTheory.Limits.Over,1.59,1.50,0.09,5.9
1860,Mathlib.Combinatorics.Hall.Basic,1.80,1.70,0.10,5.9
1861,Mathlib.Algebra.Order.GroupWithZero.Unbundled.Defs,1.73,1.64,0.10,5.9
1862,Mathlib.CategoryTheory.Galois.Equivalence,2.13,2.01,0.12,5.9
1863,Mathlib.Algebra.Homology.HomotopyCategory.HomologicalFunctor,1.92,1.81,0.11,5.9
1864,Mathlib.Analysis.SpecialFunctions.Trigonometric.Angle,4.60,4.34,0.26,5.9
1865,Mathlib.LinearAlgebra.Dimension.Basic,2.54,2.40,0.14,5.9
1866,Mathlib.Tactic.Check,0.91,0.86,0.05,5.9
1867,Mathlib.RingTheory.Kaehler.TensorProduct,12.38,11.69,0.69,5.9
1868,Mathlib.CategoryTheory.Abelian.Subobject,1.69,1.59,0.09,5.9
1869,Mathlib.Analysis.Analytic.Linear,4.61,4.36,0.26,5.9
1870,Mathlib.Topology.Algebra.InfiniteSum.Order,3.12,2.95,0.17,5.9
1871,Mathlib.Algebra.Module.LocalizedModule.Submodule,6.20,5.85,0.35,5.9
1872,Mathlib.MeasureTheory.Function.StronglyMeasurable.ENNReal,1.92,1.82,0.11,5.9
1873,Mathlib.AlgebraicGeometry.Morphisms.SurjectiveOnStalks,5.55,5.25,0.31,5.9
1874,Mathlib.Util.ElabWithoutMVars,0.83,0.78,0.05,5.9
1875,Mathlib.Analysis.SpecialFunctions.Pow.Continuity,4.37,4.13,0.24,5.9
1876,Mathlib.Analysis.Normed.Module.Shrink,1.82,1.72,0.10,5.9
1877,Mathlib.RingTheory.WittVector.Compare,2.58,2.43,0.14,5.9
1878,Mathlib.Tactic.CategoryTheory.Reassoc,1.37,1.29,0.08,5.9
1879,Mathlib.CategoryTheory.GradedObject.Unitor,3.81,3.59,0.21,5.9
1880,Mathlib.MeasureTheory.Measure.Dirac,2.44,2.30,0.13,5.9
1881,Mathlib.Analysis.InnerProductSpace.Completion,3.77,3.56,0.21,5.9
1882,Mathlib.RingTheory.RingHom.Injective,1.79,1.69,0.10,5.9
1883,Mathlib.NumberTheory.ClassNumber.AdmissibleAbs,1.70,1.60,0.09,5.9
1884,Mathlib.CategoryTheory.Presentable.Dense,1.93,1.83,0.11,5.9
1885,Mathlib.AlgebraicGeometry.IdealSheaf,2.24,2.12,0.12,5.9
1886,Mathlib.CategoryTheory.Monoidal.Cartesian.Mod_,1.48,1.40,0.08,5.9
1887,Mathlib.CategoryTheory.Abelian.RightDerived,3.35,3.16,0.19,5.9
1888,Mathlib.Analysis.Normed.Affine.AddTorsorBases,2.77,2.62,0.15,5.8
1889,Mathlib.CategoryTheory.Monoidal.Cartesian.Grp_,4.72,4.46,0.26,5.8
1890,Mathlib.RingTheory.Ideal.Nonunits,1.54,1.46,0.08,5.8
1891,Mathlib.Topology.UniformSpace.Equiv,2.08,1.97,0.11,5.8
1892,Mathlib.Data.Matrix.Invertible,3.32,3.13,0.18,5.8
1893,Mathlib.Topology.Homotopy.Lifting,3.59,3.39,0.20,5.8
1894,Mathlib.Topology.Compactness.Lindelof,2.09,1.97,0.11,5.8
1895,Mathlib.Condensed.TopComparison,2.32,2.19,0.13,5.8
1896,Mathlib.LinearAlgebra.TensorPower.Symmetric,2.21,2.09,0.12,5.8
1897,Mathlib.Tactic.Common,4.07,3.85,0.22,5.8
1898,Mathlib.Combinatorics.Young.YoungDiagram,2.02,1.91,0.11,5.8
1899,Mathlib.Topology.Algebra.ContinuousAffineMap,5.47,5.17,0.30,5.8
1900,Mathlib.RingTheory.GradedAlgebra.Homogeneous.Subsemiring,2.09,1.98,0.11,5.8
1901,Mathlib.LinearAlgebra.LinearDisjoint,3.96,3.74,0.22,5.8
1902,Mathlib.Analysis.Convex.Body,3.93,3.72,0.22,5.8
1903,Mathlib.Order.Category.NonemptyFinLinOrd,2.33,2.20,0.13,5.8
1904,Mathlib.Order.Interval.Finset.Box,2.00,1.90,0.11,5.8
1905,Mathlib.Analysis.Normed.Order.UpperLower,2.44,2.31,0.13,5.8
1906,Mathlib.CategoryTheory.Sites.Sheafification,2.10,1.98,0.11,5.8
1907,Mathlib.LinearAlgebra.Finsupp.Span,3.25,3.07,0.18,5.8
1908,Mathlib.RingTheory.Polynomial.Wronskian,2.01,1.90,0.11,5.8
1909,Mathlib.LinearAlgebra.Semisimple,9.02,8.53,0.49,5.8
1910,Mathlib.Topology.Algebra.Valued.ValuationTopology,2.65,2.50,0.15,5.8
1911,Mathlib.AlgebraicTopology.ModelCategory.JoyalTrick,1.81,1.71,0.10,5.8
1912,Mathlib.MeasureTheory.Function.StronglyMeasurable.Inner,2.30,2.18,0.13,5.8
1913,Mathlib.CategoryTheory.Limits.Shapes.WidePullbacks,5.01,4.74,0.27,5.8
1914,Mathlib.Algebra.Homology.Embedding.RestrictionHomology,2.34,2.21,0.13,5.8
1915,Mathlib.CategoryTheory.Presentable.Basic,1.87,1.76,0.10,5.8
1916,Mathlib.LinearAlgebra.Basis.Defs,3.97,3.76,0.22,5.8
1917,Mathlib.Combinatorics.SimpleGraph.Walks.Subwalks,1.89,1.78,0.10,5.8
1918,Mathlib.AlgebraicTopology.CechNerve,7.59,7.18,0.41,5.8
1919,Mathlib.Algebra.GroupWithZero.Prod,1.34,1.27,0.07,5.8
1920,Mathlib.Algebra.Module.Presentation.Tautological,2.00,1.89,0.11,5.8
1921,Mathlib.LinearAlgebra.CliffordAlgebra.CategoryTheory,2.04,1.93,0.11,5.8
1922,Mathlib.CategoryTheory.Limits.Preserves.Shapes.Pullbacks,2.54,2.40,0.14,5.8
1923,Mathlib.LinearAlgebra.AffineSpace.Midpoint,2.43,2.30,0.13,5.7
1924,Mathlib.Order.Interval.Set.LinearOrder,3.53,3.34,0.19,5.7
1925,Mathlib.Algebra.Group.Subgroup.Finite,2.10,1.99,0.11,5.7
1926,Mathlib.MeasureTheory.Integral.Lebesgue.Sub,2.32,2.19,0.13,5.7
1927,Mathlib.RingTheory.WittVector.Frobenius,3.30,3.12,0.18,5.7
1928,Mathlib.Data.Finset.PiInduction,1.49,1.41,0.08,5.7
1929,Mathlib.Algebra.Polynomial.Derivation,2.93,2.77,0.16,5.7
1930,Mathlib.Algebra.Category.ModuleCat.Images,2.19,2.08,0.12,5.7
1931,Mathlib.Algebra.GroupWithZero.Subgroup,1.79,1.69,0.10,5.7
1932,Mathlib.Algebra.Order.Antidiag.Nat,2.35,2.22,0.13,5.7
1933,Mathlib.Tactic.Tauto,2.03,1.92,0.11,5.7
1934,Mathlib.Algebra.Category.FGModuleCat.Colimits,2.11,1.99,0.11,5.7
1935,Mathlib.Algebra.Algebra.RestrictScalars,1.81,1.71,0.10,5.7
1936,Mathlib.Logic.Equiv.Prod,2.02,1.91,0.11,5.7
1937,Mathlib.Data.Fintype.BigOperators,1.93,1.82,0.10,5.7
1938,Mathlib.Data.Finset.Powerset,1.89,1.79,0.10,5.7
1939,Mathlib.LinearAlgebra.Projection,6.28,5.94,0.34,5.7
1940,Mathlib.CategoryTheory.Monoidal.Cartesian.Mon_,3.97,3.75,0.21,5.7
1941,Mathlib.RingTheory.RingHom.Surjective,2.34,2.21,0.13,5.7
1942,Mathlib.CategoryTheory.Sites.SheafOfTypes,2.21,2.09,0.12,5.7
1943,Mathlib.Order.SuccPred.LinearLocallyFinite,2.36,2.23,0.13,5.7
1944,Mathlib.CategoryTheory.SmallObject.TransfiniteCompositionLifting,3.27,3.09,0.18,5.7
1945,Mathlib.AlgebraicGeometry.Pullbacks,9.24,8.74,0.50,5.7
1946,Mathlib.CategoryTheory.Limits.Shapes.FiniteLimits,1.58,1.50,0.08,5.7
1947,Mathlib.Topology.Order.OrderClosedExtr,1.70,1.60,0.09,5.7
1948,Mathlib.LinearAlgebra.Matrix.Hadamard,2.03,1.92,0.11,5.7
1949,Mathlib.Analysis.Normed.Field.Ultra,2.09,1.98,0.11,5.7
1950,Mathlib.Topology.Algebra.Order.Archimedean,1.81,1.71,0.10,5.7
1951,Mathlib.MeasureTheory.VectorMeasure.Decomposition.JordanSub,2.03,1.93,0.11,5.7
1952,Mathlib.Algebra.MonoidAlgebra.Division,1.79,1.70,0.10,5.7
1953,Mathlib.Algebra.Group.Pointwise.Set.BigOperators,1.90,1.80,0.10,5.7
1954,Mathlib.Analysis.InnerProductSpace.Convex,2.13,2.02,0.11,5.7
1955,Mathlib.SetTheory.Surreal.Multiplication,2.10,1.98,0.11,5.6
1956,Mathlib.Algebra.Homology.ShortComplex.LeftHomology,5.48,5.19,0.29,5.6
1957,Mathlib.Algebra.Category.ModuleCat.Free,2.43,2.30,0.13,5.6
1958,Mathlib.RingTheory.MvPowerSeries.Evaluation,2.75,2.61,0.15,5.6
1959,Mathlib.NumberTheory.Harmonic.ZetaAsymp,3.86,3.65,0.21,5.6
1960,Mathlib.Topology.Connected.Basic,2.01,1.90,0.11,5.6
1961,Mathlib.Data.DFinsupp.Defs,3.94,3.73,0.21,5.6
1962,Mathlib.CategoryTheory.Preadditive.OfBiproducts,1.78,1.69,0.09,5.6
1963,Mathlib.Combinatorics.SimpleGraph.ConcreteColorings,2.44,2.31,0.13,5.6
1964,Mathlib.MeasureTheory.Constructions.BorelSpace.Real,2.97,2.81,0.16,5.6
1965,Mathlib.RingTheory.Unramified.LocalRing,3.69,3.49,0.20,5.6
1966,Mathlib.Algebra.Order.UpperLower,2.19,2.07,0.12,5.6
1967,Mathlib.GroupTheory.SpecificGroups.Alternating.KleinFour,1.98,1.88,0.10,5.6
1968,Mathlib.Topology.NatEmbedding,1.49,1.41,0.08,5.6
1969,Mathlib.Topology.Separation.Basic,3.08,2.91,0.16,5.6
1970,Mathlib.Tactic.RenameBVar,0.91,0.86,0.05,5.6
1971,Mathlib.Algebra.Group.Action.Defs,2.32,2.20,0.12,5.6
1972,Mathlib.CategoryTheory.Bicategory.Monad.Basic,1.91,1.81,0.10,5.6
1973,Mathlib.Algebra.Module.Submodule.Bilinear,2.00,1.90,0.11,5.6
1974,Mathlib.Algebra.Algebra.Spectrum.Quasispectrum,4.82,4.57,0.25,5.6
1975,Mathlib.CategoryTheory.Sites.CoverPreserving,1.80,1.70,0.09,5.6
1976,Mathlib.Data.Nat.Factorization.PrimePow,1.59,1.50,0.08,5.6
1977,Mathlib.Algebra.Algebra.ZMod,1.70,1.61,0.09,5.6
1978,Mathlib.Algebra.Category.ModuleCat.Topology.Homology,3.65,3.46,0.19,5.6
1979,Mathlib.CategoryTheory.Abelian.LeftDerived,3.37,3.19,0.18,5.6
1980,Mathlib.Analysis.Normed.Module.Ray,2.22,2.10,0.12,5.6
1981,Mathlib.LinearAlgebra.Matrix.InvariantBasisNumber,1.88,1.78,0.10,5.6
1982,Mathlib.Algebra.Star.NonUnitalSubalgebra,15.73,14.90,0.83,5.6
1983,Mathlib.Geometry.Manifold.VectorField.Pullback,6.44,6.10,0.34,5.6
1984,Mathlib.CategoryTheory.Shift.Twist,1.80,1.71,0.09,5.6
1985,Mathlib.Algebra.DirectSum.Finsupp,1.69,1.60,0.09,5.6
1986,Mathlib.Analysis.InnerProductSpace.GramSchmidtOrtho,3.74,3.55,0.20,5.6
1987,Mathlib.Algebra.Module.SnakeLemma,3.44,3.26,0.18,5.6
1988,Mathlib.MeasureTheory.OuterMeasure.OfAddContent,2.02,1.91,0.11,5.6
1989,Mathlib.Topology.Algebra.Module.Simple,1.79,1.69,0.09,5.6
1990,Mathlib.CategoryTheory.LiftingProperties.Over,1.37,1.30,0.07,5.6
1991,Mathlib.Geometry.Convex.Cone.Pointed,2.55,2.41,0.13,5.6
1992,Mathlib.CategoryTheory.Limits.ConcreteCategory.WithAlgebraicStructures,1.90,1.80,0.10,5.5
1993,Mathlib.Data.Nat.Digits.Lemmas,1.89,1.79,0.10,5.5
1994,Mathlib.CategoryTheory.Shift.ShiftedHomOpposite,2.19,2.08,0.11,5.5
1995,Mathlib.Topology.MetricSpace.ProperSpace.Real,1.60,1.52,0.08,5.5
1996,Mathlib.LinearAlgebra.Dimension.Torsion.Basic,2.02,1.92,0.11,5.5
1997,Mathlib.Algebra.Module.Bimodule,2.21,2.10,0.12,5.5
1998,Mathlib.Analysis.SpecialFunctions.NonIntegrable,3.26,3.09,0.17,5.5
1999,Mathlib.RingTheory.Bialgebra.TensorProduct,5.65,5.36,0.30,5.5
2000,Mathlib.NumberTheory.ArithmeticFunction.Zeta,2.10,1.99,0.11,5.5
2001,Mathlib.LinearAlgebra.PerfectPairing.Basic,7.22,6.85,0.38,5.5
2002,Mathlib.Geometry.Convex.Cone.Dual,3.08,2.92,0.16,5.5
2003,Mathlib.CategoryTheory.MorphismProperty.OverAdjunction,5.16,4.89,0.27,5.5
2004,Mathlib.Algebra.Lie.Quotient,2.91,2.76,0.15,5.5
2005,Mathlib.CategoryTheory.Sites.Subcanonical,1.99,1.89,0.10,5.5
2006,Mathlib.AlgebraicTopology.ModelCategory.PathObject,2.55,2.41,0.13,5.5
2007,Mathlib.Combinatorics.Matroid.Circuit,2.74,2.60,0.14,5.5
2008,Mathlib.Topology.MetricSpace.Pseudo.Constructions,2.13,2.02,0.11,5.5
2009,Mathlib.Algebra.Category.ModuleCat.AB,2.13,2.02,0.11,5.5
2010,Mathlib.Tactic.GCongr.ForwardAttr,2.43,2.31,0.13,5.5
2011,Mathlib.RingTheory.Valuation.Extension,3.97,3.76,0.21,5.5
2012,Mathlib.Algebra.Group.Commute.Units,1.61,1.53,0.08,5.5
2013,Mathlib.RingTheory.FreeCommRing,2.55,2.42,0.13,5.5
2014,Mathlib.Analysis.Normed.Ring.Int,1.80,1.71,0.09,5.5
2015,Mathlib.Topology.EMetricSpace.Paracompact,2.80,2.66,0.15,5.5
2016,Mathlib.Algebra.QuadraticDiscriminant,2.02,1.91,0.10,5.5
2017,Mathlib.Tactic.Trace,0.81,0.77,0.04,5.5
2018,Mathlib.AlgebraicTopology.SimplicialSet.HornColimits,1.92,1.82,0.10,5.5
2019,Mathlib.Algebra.Homology.SingleHomology,2.21,2.10,0.12,5.5
2020,Mathlib.Algebra.GroupWithZero.Range,1.81,1.72,0.09,5.5
2021,Mathlib.Analysis.Complex.Asymptotics,2.02,1.92,0.10,5.5
2022,Mathlib.MeasureTheory.Integral.IntervalIntegral.Slope,3.79,3.60,0.20,5.5
2023,Mathlib.CategoryTheory.DifferentialObject,3.18,3.01,0.17,5.5
2024,Mathlib.CategoryTheory.Monad.Products,2.52,2.39,0.13,5.5
2025,Mathlib.Analysis.InnerProductSpace.Affine,2.01,1.90,0.10,5.5
2026,Mathlib.Tactic.Push.Attr,1.04,0.99,0.05,5.5
2027,Mathlib.GroupTheory.Perm.Fin,4.09,3.88,0.21,5.5
2028,Mathlib.Algebra.Module.Submodule.Lattice,2.74,2.60,0.14,5.5
2029,Mathlib.CategoryTheory.Monoidal.Limits.Basic,1.55,1.47,0.08,5.5
2030,Mathlib.AlgebraicTopology.FundamentalGroupoid.Basic,6.15,5.83,0.32,5.5
2031,Mathlib.Probability.Kernel.IonescuTulcea.Maps,2.21,2.09,0.11,5.5
2032,Mathlib.Topology.Algebra.InfiniteSum.Nonarchimedean,2.00,1.89,0.10,5.4
2033,Mathlib.Algebra.Polynomial.Degree.TrailingDegree,2.23,2.11,0.12,5.4
2034,Mathlib.Tactic.AdaptationNote,0.91,0.86,0.05,5.4
2035,Mathlib.Analysis.Complex.Circle,2.87,2.72,0.15,5.4
2036,Mathlib.CategoryTheory.Limits.Shapes.WideEqualizers,3.20,3.04,0.17,5.4
2037,Mathlib.Algebra.Polynomial.Eval.SMul,1.69,1.60,0.09,5.4
2038,Mathlib.Topology.Metrizable.Uniformity,2.45,2.32,0.13,5.4
2039,Mathlib.Analysis.SpecialFunctions.Integrals.Basic,4.27,4.05,0.22,5.4
2040,Mathlib.Algebra.GroupWithZero.Invertible,1.22,1.16,0.06,5.4
2041,Mathlib.Data.Array.Defs,0.82,0.77,0.04,5.4
2042,Mathlib.Geometry.RingedSpace.Basic,2.31,2.19,0.12,5.4
2043,Mathlib.Algebra.Order.Ring.Archimedean,3.52,3.34,0.18,5.4
2044,Mathlib.Analysis.RCLike.Basic,8.50,8.06,0.44,5.4
2045,Mathlib.MeasureTheory.Function.LpSeminorm.TriangleInequality,2.67,2.53,0.14,5.4
2046,Mathlib.CategoryTheory.Filtered.Basic,2.51,2.38,0.13,5.4
2047,Mathlib.RingTheory.Derivation.Lie,2.24,2.13,0.12,5.4
2048,Mathlib.Analysis.Convex.Between,6.30,5.97,0.32,5.4
2049,Mathlib.Algebra.Category.ModuleCat.Sheaf.Generators,2.77,2.63,0.14,5.4
2050,Mathlib.Analysis.Convex.Radon,2.40,2.28,0.12,5.4
2051,Mathlib.CategoryTheory.MorphismProperty.Representable,5.33,5.05,0.27,5.4
2052,Mathlib.NumberTheory.JacobiSum.Basic,3.75,3.56,0.19,5.4
2053,Mathlib.CategoryTheory.Subterminal,2.01,1.91,0.10,5.4
2054,Mathlib.Topology.Category.DeltaGenerated,2.05,1.95,0.10,5.4
2055,Mathlib.LinearAlgebra.SModEq.Basic,2.40,2.28,0.12,5.4
2056,Mathlib.Algebra.Category.ModuleCat.Pseudofunctor,2.92,2.77,0.15,5.4
2057,Mathlib.RingTheory.Perfectoid.FontaineTheta,4.40,4.18,0.23,5.4
2058,Mathlib.Data.Matrix.ColumnRowPartitioned,2.21,2.10,0.11,5.4
2059,Mathlib.CategoryTheory.Preadditive.CommGrp_,2.09,1.99,0.11,5.4
2060,Mathlib.AlgebraicTopology.SimplicialSet.Basic,2.12,2.01,0.11,5.4
2061,Mathlib.Topology.EMetricSpace.BoundedVariation,4.04,3.83,0.21,5.4
2062,Mathlib.Algebra.Category.ModuleCat.Subobject,2.45,2.32,0.12,5.4
2063,Mathlib.Analysis.AbsoluteValue.Equivalence,6.68,6.34,0.34,5.4
2064,Mathlib.Algebra.NoZeroSMulDivisors.Prod,1.12,1.06,0.06,5.4
2065,Mathlib.LinearAlgebra.InvariantBasisNumber,2.53,2.40,0.13,5.4
2066,Mathlib.CategoryTheory.Filtered.FinallySmall,1.71,1.62,0.09,5.4
2067,Mathlib.RingTheory.WittVector.WittPolynomial,2.31,2.19,0.12,5.4
2068,Mathlib.CategoryTheory.FiberedCategory.HasFibers,1.71,1.62,0.09,5.4
2069,Mathlib.RingTheory.PowerSeries.Derivative,2.47,2.35,0.13,5.4
2070,Mathlib.Algebra.MvPolynomial.CommRing,2.02,1.92,0.10,5.4
2071,Mathlib.LinearAlgebra.Dual.Lemmas,12.43,11.79,0.63,5.4
2072,Mathlib.GroupTheory.Commensurable,1.81,1.71,0.09,5.4
2073,Mathlib.FieldTheory.AbsoluteGaloisGroup,2.12,2.02,0.11,5.4
2074,Mathlib.CategoryTheory.Monoidal.OfHasFiniteProducts,2.42,2.30,0.12,5.4
2075,Mathlib.AlgebraicTopology.SimplicialCategory.Basic,1.71,1.63,0.09,5.4
2076,Mathlib.SetTheory.Ordinal.Rank,1.48,1.40,0.08,5.3
2077,Mathlib.Algebra.CharP.Lemmas,2.29,2.17,0.12,5.3
2078,Mathlib.LinearAlgebra.BilinearForm.Basic,2.52,2.39,0.13,5.3
2079,Mathlib.Lean.Name,0.81,0.77,0.04,5.3
2080,Mathlib.Topology.Algebra.Affine,2.11,2.00,0.11,5.3
2081,Mathlib.Analysis.Convex.SpecificFunctions.Pow,2.50,2.38,0.13,5.3
2082,Mathlib.CategoryTheory.Abelian.GrothendieckAxioms.Connected,1.99,1.89,0.10,5.3
2083,Mathlib.CategoryTheory.Localization.DerivabilityStructure.Constructor,2.23,2.12,0.11,5.3
2084,Mathlib.Algebra.Quandle,2.55,2.42,0.13,5.3
2085,Mathlib.AlgebraicTopology.SimplicialObject.Split,2.45,2.33,0.12,5.3
2086,Mathlib.NumberTheory.Real.GoldenRatio,3.21,3.04,0.16,5.3
2087,Mathlib.Topology.Separation.Regular,2.20,2.09,0.11,5.3
2088,Mathlib.RingTheory.MvPowerSeries.LinearTopology,2.22,2.11,0.11,5.3
2089,Mathlib.LinearAlgebra.Alternating.Uncurry.Fin,3.25,3.08,0.16,5.3
2090,Mathlib.RingTheory.LocalRing.ResidueField.Basic,2.66,2.52,0.13,5.3
2091,Mathlib.Topology.ContinuousMap.LocallyConvex,1.80,1.71,0.09,5.3
2092,Mathlib.LinearAlgebra.Projectivization.Independence,1.92,1.83,0.10,5.3
2093,Mathlib.RingTheory.Polynomial.Hermite.Basic,2.12,2.02,0.11,5.3
2094,Mathlib.Algebra.Group.Ideal,1.79,1.70,0.09,5.3
2095,Mathlib.AlgebraicTopology.DoldKan.GammaCompN,2.74,2.60,0.14,5.3
2096,Mathlib.Analysis.Calculus.Conformal.NormedSpace,2.23,2.11,0.11,5.3
2097,Mathlib.Algebra.Group.Prod,3.17,3.01,0.16,5.3
2098,Mathlib.Topology.Algebra.Module.Basic,2.41,2.29,0.12,5.3
2099,Mathlib.Analysis.Normed.Group.Rat,1.72,1.63,0.09,5.3
2100,Mathlib.Algebra.QuadraticAlgebra.Defs,3.87,3.68,0.19,5.3
2101,Mathlib.Algebra.FreeMonoid.Basic,2.53,2.41,0.13,5.3
2102,Mathlib.Algebra.Category.ModuleCat.Tannaka,1.78,1.69,0.09,5.3
2103,Mathlib.MeasureTheory.Group.Arithmetic,5.32,5.05,0.27,5.3
2104,Mathlib.Analysis.Calculus.Gradient.Basic,4.46,4.24,0.22,5.3
2105,Mathlib.CategoryTheory.Limits.FunctorCategory.Shapes.Pullbacks,1.68,1.60,0.08,5.3
2106,Mathlib.NumberTheory.Divisors,7.59,7.21,0.38,5.3
2107,Mathlib.Algebra.MvPolynomial.Degrees,2.95,2.80,0.15,5.3
2108,Mathlib.Data.Int.Notation,0.80,0.76,0.04,5.2
2109,Mathlib.CategoryTheory.Shift.CommShift,3.85,3.66,0.19,5.2
2110,Mathlib.Combinatorics.SimpleGraph.Sum,1.80,1.72,0.09,5.2
2111,Mathlib.Algebra.Category.ModuleCat.Presheaf.Abelian,2.49,2.37,0.12,5.2
2112,Mathlib.Algebra.Category.FGModuleCat.Limits,2.11,2.00,0.10,5.2
2113,Mathlib.Order.Filter.AtTopBot.Basic,1.91,1.81,0.09,5.2
2114,Mathlib.CategoryTheory.Preadditive.AdditiveFunctor,2.09,1.99,0.10,5.2
2115,Mathlib.Algebra.Category.ModuleCat.Monoidal.Symmetric,2.31,2.20,0.11,5.2
2116,Mathlib.Topology.Algebra.Order.Floor,2.32,2.20,0.11,5.2
2117,Mathlib.FieldTheory.PurelyInseparable.Exponent,2.86,2.72,0.14,5.2
2118,Mathlib.Topology.MetricSpace.Lipschitz,2.20,2.09,0.11,5.2
2119,Mathlib.NumberTheory.LSeries.ZMod,4.14,3.94,0.21,5.2
2120,Mathlib.Analysis.Convex.Mul,4.28,4.07,0.21,5.2
2121,Mathlib.Data.Finset.NAry,2.35,2.23,0.12,5.2
2122,Mathlib.NumberTheory.RamificationInertia.Unramified,3.26,3.10,0.16,5.2
2123,Mathlib.Condensed.Module,2.35,2.23,0.12,5.2
2124,Mathlib.RingTheory.IsPrimary,1.80,1.71,0.09,5.2
2125,Mathlib.MeasureTheory.Measure.TightNormed,2.97,2.83,0.15,5.2
2126,Mathlib.NumberTheory.NumberField.DedekindZeta,3.16,3.00,0.16,5.2
2127,Mathlib.Analysis.SpecialFunctions.Trigonometric.Basic,4.86,4.62,0.24,5.2
2128,Mathlib.Combinatorics.SimpleGraph.Bipartite,2.21,2.10,0.11,5.2
2129,Mathlib.Dynamics.Flow,2.11,2.01,0.10,5.2
2130,Mathlib.RingTheory.Kaehler.CotangentComplex,1.87,1.78,0.09,5.2
2131,Mathlib.Order.Filter.Germ.OrderedMonoid,1.38,1.31,0.07,5.2
2132,Mathlib.Algebra.Homology.QuasiIso,2.40,2.28,0.12,5.2
2133,Mathlib.MeasureTheory.Integral.CurveIntegral.Poincare,8.73,8.30,0.43,5.2
2134,Mathlib.Analysis.Normed.Group.SemiNormedGrp.Completion,2.42,2.31,0.12,5.2
2135,Mathlib.Topology.CWComplex.Abstract.Basic,2.42,2.31,0.12,5.2
2136,Mathlib.NumberTheory.FLT.Four,2.63,2.50,0.13,5.2
2137,Mathlib.CategoryTheory.MorphismProperty.HasCardinalLT,1.49,1.42,0.07,5.2
2138,Mathlib.Order.Hom.Lattice,2.43,2.31,0.12,5.2
2139,Mathlib.Order.Nat,1.12,1.07,0.06,5.2
2140,Mathlib.Topology.MetricSpace.Perfect,2.00,1.90,0.10,5.2
2141,Mathlib.Util.PPOptions,0.80,0.76,0.04,5.2
2142,Mathlib.CategoryTheory.Idempotents.Biproducts,1.67,1.59,0.08,5.2
2143,Mathlib.Algebra.Module.Presentation.DirectSum,2.10,2.00,0.10,5.2
2144,Mathlib.Topology.Algebra.InfiniteSum.Group,3.19,3.03,0.16,5.1
2145,Mathlib.RingTheory.Polynomial.HilbertPoly,2.31,2.20,0.11,5.1
2146,Mathlib.Analysis.Complex.AbelLimit,4.00,3.81,0.20,5.1
2147,Mathlib.CategoryTheory.Monad.EquivMon,2.64,2.51,0.13,5.1
2148,Mathlib.NumberTheory.NumberField.Discriminant.Basic,7.70,7.32,0.38,5.1
2149,Mathlib.Probability.ProbabilityMassFunction.Binomial,2.11,2.01,0.10,5.1
2150,Mathlib.Order.Monotone.Extension,1.39,1.32,0.07,5.1
2151,Mathlib.CategoryTheory.Localization.DerivabilityStructure.Basic,1.76,1.68,0.09,5.1
2152,Mathlib.RingTheory.Regular.Category,2.01,1.91,0.10,5.1
2153,Mathlib.NumberTheory.Pell,3.45,3.28,0.17,5.1
2154,Mathlib.Analysis.Normed.Unbundled.SpectralNorm,9.79,9.31,0.48,5.1
2155,Mathlib.Analysis.Calculus.ContDiff.Defs,16.11,15.32,0.79,5.1
2156,Mathlib.CategoryTheory.Category.Basic,2.13,2.03,0.10,5.1
2157,Mathlib.Analysis.Analytic.CPolynomialDef,8.52,8.11,0.41,5.1
2158,Mathlib.Analysis.PSeries,4.29,4.08,0.21,5.1
2159,Mathlib.Topology.Metrizable.Urysohn,2.21,2.10,0.11,5.1
2160,Mathlib.GroupTheory.OrderOfElement,9.40,8.94,0.46,5.1
2161,Mathlib.Analysis.CStarAlgebra.CompletelyPositiveMap,5.02,4.77,0.24,5.1
2162,Mathlib.MeasureTheory.Group.Measure,6.69,6.37,0.32,5.1
2163,Mathlib.Algebra.PresentedMonoid.Basic,1.82,1.73,0.09,5.1
2164,Mathlib.Data.Sum.Order,3.15,3.00,0.15,5.1
2165,Mathlib.MeasureTheory.OuterMeasure.AE,2.53,2.41,0.12,5.1
2166,Mathlib.FieldTheory.Cardinality,2.14,2.04,0.10,5.1
2167,Mathlib.Topology.MetricSpace.Algebra,2.53,2.41,0.12,5.1
2168,Mathlib.Algebra.Lie.Subalgebra,4.59,4.37,0.22,5.1
2169,Mathlib.CategoryTheory.Triangulated.Opposite.Functor,6.63,6.31,0.32,5.1
2170,Mathlib.NumberTheory.ModularForms.Cusps,5.65,5.38,0.27,5.1
2171,Mathlib.LinearAlgebra.TensorProduct.Pi,2.91,2.77,0.14,5.0
2172,Mathlib.Algebra.Homology.HomologicalComplexLimits,2.67,2.54,0.13,5.0
2173,Mathlib.Algebra.Homology.HomologicalBicomplex,2.94,2.79,0.14,5.0
2174,Mathlib.MeasureTheory.Function.JacobianOneDim,4.11,3.91,0.20,5.0
2175,Mathlib.Analysis.SpecificLimits.Fibonacci,2.42,2.30,0.12,5.0
2176,Mathlib.CategoryTheory.ChosenFiniteProducts.Cat,1.35,1.29,0.06,5.0
2177,Mathlib.LinearAlgebra.FiniteDimensional.Basic,4.22,4.02,0.20,5.0
2178,Mathlib.Analysis.Analytic.Composition,8.74,8.32,0.42,5.0
2179,Mathlib.RingTheory.MvPowerSeries.Basic,5.50,5.24,0.26,5.0
2180,Mathlib.Algebra.MonoidAlgebra.MapDomain,2.20,2.09,0.10,5.0
2181,Mathlib.Algebra.Ring.Hom.Defs,2.41,2.29,0.11,5.0
2182,Mathlib.CategoryTheory.Presentable.Directed,2.24,2.13,0.11,5.0
2183,Mathlib.Topology.Bornology.BoundedOperation,2.31,2.19,0.11,5.0
2184,Mathlib.Topology.Connected.LocPathConnected,1.89,1.80,0.09,5.0
2185,Mathlib.Analysis.BoxIntegral.Partition.Split,2.10,2.00,0.10,5.0
2186,Mathlib.Algebra.Order.Module.Field,1.91,1.82,0.09,5.0
2187,Mathlib.Analysis.CStarAlgebra.Exponential,2.23,2.12,0.11,5.0
2188,Mathlib.Algebra.GroupWithZero.WithZero,2.54,2.42,0.12,5.0
2189,Mathlib.Algebra.Order.CauSeq.BigOperators,3.32,3.16,0.16,5.0
2190,Mathlib.Topology.Instances.Rat,2.10,2.00,0.10,5.0
2191,Mathlib.Algebra.Category.Grp.Adjunctions,2.00,1.90,0.09,5.0
2192,Mathlib.Combinatorics.SimpleGraph.Ends.Defs,1.81,1.72,0.09,5.0
2193,Mathlib.CategoryTheory.Limits.Shapes.Preorder.WellOrderContinuous,1.69,1.60,0.08,5.0
2194,Mathlib.Geometry.Euclidean.Altitude,3.86,3.67,0.18,5.0
2195,Mathlib.CategoryTheory.Enriched.Basic,3.16,3.01,0.15,5.0
2196,Mathlib.Order.Filter.CardinalInter,2.00,1.91,0.09,5.0
2197,Mathlib.Algebra.Order.Group.Cyclic,1.90,1.81,0.09,5.0
2198,Mathlib.CategoryTheory.Limits.Preserves.Shapes.Kernels,2.32,2.21,0.11,5.0
2199,Mathlib.Algebra.Order.Ring.IsNonarchimedean,1.79,1.71,0.08,5.0
2200,Mathlib.Analysis.InnerProductSpace.Orthonormal,4.18,3.98,0.20,5.0
2201,Mathlib.Analysis.Normed.Group.SemiNormedGrp.Kernels,3.30,3.14,0.16,5.0
2202,Mathlib.NumberTheory.LSeries.Convergence,2.52,2.40,0.12,5.0
2203,Mathlib.Topology.Order.NhdsSet,1.99,1.90,0.09,4.9
2204,Mathlib.Combinatorics.Matroid.Constructions,1.78,1.70,0.08,4.9
2205,Mathlib.CategoryTheory.Functor.CurryingThree,6.76,6.45,0.32,4.9
2206,Mathlib.LinearAlgebra.Matrix.Vec,2.00,1.90,0.09,4.9
2207,Mathlib.RingTheory.PowerSeries.Evaluation,2.44,2.33,0.12,4.9
2208,Mathlib.Algebra.Group.WithOne.Map,1.34,1.27,0.06,4.9
2209,Mathlib.AlgebraicGeometry.Morphisms.Separated,3.83,3.65,0.18,4.9
2210,Mathlib.Algebra.Order.Group.Abs,2.32,2.21,0.11,4.9
2211,Mathlib.NumberTheory.NumberField.CanonicalEmbedding.NormLeOne,6.58,6.27,0.31,4.9
2212,Mathlib.Analysis.Normed.Field.Basic,3.98,3.79,0.19,4.9
2213,Mathlib.ModelTheory.Complexity,2.65,2.53,0.12,4.9
2214,Mathlib.Combinatorics.SimpleGraph.Circulant,1.69,1.61,0.08,4.9
2215,Mathlib.Algebra.Ring.TransferInstance,1.80,1.71,0.08,4.9
2216,Mathlib.Analysis.SpecialFunctions.ContinuousFunctionalCalculus.Rpow.Basic,16.25,15.50,0.76,4.9
2217,Mathlib.RingTheory.AdicCompletion.RingHom,2.42,2.31,0.11,4.9
2218,Mathlib.AlgebraicGeometry.Properties,3.88,3.70,0.18,4.9
2219,Mathlib.Combinatorics.Quiver.ReflQuiver,1.59,1.51,0.07,4.9
2220,Mathlib.CategoryTheory.Localization.Triangulated,2.55,2.43,0.12,4.9
2221,Mathlib.Combinatorics.Digraph.Basic,1.76,1.68,0.08,4.9
2222,Mathlib.RingTheory.Valuation.Quotient,1.80,1.72,0.08,4.9
2223,Mathlib.RingTheory.AdicCompletion.LocalRing,2.45,2.33,0.11,4.9
2224,Mathlib.Tactic.ClearExclamation,0.79,0.76,0.04,4.9
2225,Mathlib.RingTheory.Morita.Basic,1.80,1.72,0.08,4.9
2226,Mathlib.Data.Real.Sqrt,3.05,2.91,0.14,4.9
2227,Mathlib.Analysis.CStarAlgebra.ContinuousFunctionalCalculus.Restrict,7.64,7.29,0.36,4.9
2228,Mathlib.Tactic.NormNum.Ordinal,2.22,2.12,0.10,4.9
2229,Mathlib.AlgebraicTopology.SimplicialSet.Skeleton,1.77,1.69,0.08,4.9
2230,Mathlib.NumberTheory.PythagoreanTriples,3.93,3.75,0.18,4.9
2231,Mathlib.Algebra.Free,3.07,2.93,0.14,4.8
2232,Mathlib.Analysis.Convex.PathConnected,2.64,2.52,0.12,4.8
2233,Mathlib.NumberTheory.BernoulliPolynomials,2.42,2.31,0.11,4.8
2234,Mathlib.RingTheory.GradedAlgebra.Homogeneous.Submodule,2.12,2.02,0.10,4.8
2235,Mathlib.Topology.Piecewise,1.58,1.51,0.07,4.8
2236,Mathlib.Tactic.NthRewrite,0.80,0.76,0.04,4.8
2237,Mathlib.RingTheory.Ideal.AssociatedPrime.Localization,2.97,2.83,0.14,4.8
2238,Mathlib.Analysis.SpecialFunctions.ContinuousFunctionalCalculus.Abs,9.02,8.61,0.42,4.8
2239,Mathlib.Topology.Sheaves.SheafCondition.PairwiseIntersections,4.47,4.26,0.21,4.8
2240,Mathlib.LinearAlgebra.Dimension.Localization,6.33,6.04,0.29,4.8
2241,Mathlib.CategoryTheory.Sites.Coverage,2.52,2.41,0.12,4.8
2242,Mathlib.Algebra.Homology.ShortComplex.PreservesHomology,5.00,4.78,0.23,4.8
2243,Mathlib.CategoryTheory.Limits.Shapes.Pullback.CommSq,4.22,4.03,0.19,4.8
2244,Mathlib.CategoryTheory.Abelian.Opposite,3.25,3.10,0.15,4.8
2245,Mathlib.Data.List.TakeWhile,1.24,1.19,0.06,4.8
2246,Mathlib.Control.Bifunctor,1.40,1.33,0.06,4.8
2247,Mathlib.Util.AssertExistsExt,0.81,0.77,0.04,4.8
2248,Mathlib.Tactic.Eqns,1.01,0.96,0.05,4.8
2249,Mathlib.Data.PFunctor.Multivariate.W,1.58,1.51,0.07,4.8
2250,Mathlib.Analysis.SpecificLimits.ArithmeticGeometric,2.30,2.20,0.10,4.8
2251,Mathlib.Geometry.Euclidean.Sphere.Power,2.74,2.62,0.12,4.8
2252,Mathlib.Algebra.Homology.HomotopyCategory.HomComplexShift,5.40,5.15,0.25,4.8
2253,Mathlib.Algebra.Order.Module.Rat,1.69,1.61,0.08,4.8
2254,Mathlib.Topology.MetricSpace.Gluing,2.64,2.52,0.12,4.8
2255,Mathlib.RingTheory.SurjectiveOnStalks,2.77,2.64,0.13,4.8
2256,Mathlib.Algebra.Module.ULift,1.80,1.72,0.08,4.8
2257,Mathlib.Topology.Instances.EReal.Lemmas,2.91,2.77,0.13,4.8
2258,Mathlib.Analysis.SpecialFunctions.PolarCoord,4.12,3.94,0.19,4.8
2259,Mathlib.NumberTheory.FLT.MasonStothers,2.03,1.94,0.09,4.8
2260,Mathlib.RingTheory.LittleWedderburn,5.14,4.91,0.23,4.7
2261,Mathlib.Algebra.Group.TypeTags.Basic,2.14,2.05,0.10,4.7
2262,Mathlib.Data.List.Nodup,2.12,2.02,0.10,4.7
2263,Mathlib.Algebra.Order.Group.Equiv,1.13,1.08,0.05,4.7
2264,Mathlib.Algebra.GroupWithZero.Action.Faithful,1.13,1.08,0.05,4.7
2265,Mathlib.Algebra.Homology.HomotopyCategory.SingleFunctors,2.85,2.72,0.13,4.7
2266,Mathlib.Analysis.SpecialFunctions.OrdinaryHypergeometric,4.14,3.95,0.19,4.7
2267,Mathlib.Algebra.Algebra.Operations,6.16,5.88,0.28,4.7
2268,Mathlib.Tactic.Attr.Register,0.93,0.89,0.04,4.7
2269,Mathlib.RingTheory.MvPolynomial.Tower,1.82,1.74,0.08,4.7
2270,Mathlib.MeasureTheory.Integral.Lebesgue.Map,2.11,2.01,0.10,4.7
2271,Mathlib.Data.Nat.Sqrt,2.00,1.91,0.09,4.7
2272,Mathlib.Algebra.Homology.HomotopyCategory.HomComplexCohomology,4.75,4.54,0.21,4.7
2273,Mathlib.Data.Complex.ExponentialBounds,2.00,1.91,0.09,4.7
2274,Mathlib.Topology.Homotopy.Product,2.20,2.10,0.10,4.7
2275,Mathlib.ModelTheory.Arithmetic.Presburger.Semilinear.Defs,3.24,3.10,0.15,4.7
2276,Mathlib.Data.Nat.Totient,2.29,2.19,0.10,4.7
2277,Mathlib.Algebra.Order.Group.Action.Synonym,1.22,1.17,0.05,4.7
2278,Mathlib.RingTheory.FiniteLength,2.20,2.10,0.10,4.7
2279,Mathlib.MeasureTheory.Integral.Lebesgue.Countable,2.83,2.70,0.13,4.7
2280,Mathlib.GroupTheory.Perm.Cycle.Basic,3.12,2.98,0.14,4.7
2281,Mathlib.ModelTheory.PartialEquiv,2.72,2.60,0.12,4.7
2282,Mathlib.Algebra.Lie.Derivation.AdjointAction,1.98,1.90,0.09,4.7
2283,Mathlib.CategoryTheory.Bicategory.LocallyDiscrete,1.99,1.90,0.09,4.7
2284,Mathlib.Algebra.Group.Semiconj.Defs,1.23,1.17,0.05,4.7
2285,Mathlib.RingTheory.HahnSeries.Addition,2.95,2.82,0.13,4.7
2286,Mathlib.Topology.VectorBundle.Basic,7.03,6.71,0.31,4.7
2287,Mathlib.CategoryTheory.Limits.Shapes.Pullback.Mono,2.31,2.20,0.10,4.7
2288,Mathlib.MeasureTheory.Integral.IntervalAverage,2.71,2.59,0.12,4.7
2289,Mathlib.Algebra.Lie.DirectSum,2.98,2.85,0.13,4.7
2290,Mathlib.Data.Nat.Bitwise,2.31,2.21,0.10,4.7
2291,Mathlib.Topology.Order.DenselyOrdered,2.72,2.60,0.12,4.7
2292,Mathlib.Algebra.Category.CoalgCat.Monoidal,2.34,2.24,0.10,4.6
2293,Mathlib.CategoryTheory.SmallRepresentatives,2.00,1.92,0.09,4.6
2294,Mathlib.CategoryTheory.Limits.Shapes.Diagonal,9.66,9.23,0.43,4.6
2295,Mathlib.RingTheory.Filtration,3.32,3.17,0.15,4.6
2296,Mathlib.Algebra.Category.ModuleCat.Presheaf.Pullback,2.53,2.42,0.11,4.6
2297,Mathlib.MeasureTheory.Function.ConditionalExpectation.PullOut,4.79,4.58,0.21,4.6
2298,Mathlib.Data.EReal.Basic,3.08,2.94,0.14,4.6
2299,Mathlib.Util.TransImports,0.81,0.78,0.04,4.6
2300,Mathlib.NumberTheory.NumberField.Discriminant.Defs,2.62,2.51,0.12,4.6
2301,Mathlib.FieldTheory.RatFunc.Defs,2.42,2.31,0.11,4.6
2302,Mathlib.Analysis.InnerProductSpace.WeakOperatorTopology,2.44,2.34,0.11,4.6
2303,Mathlib.Topology.MetricSpace.ShrinkingLemma,1.65,1.58,0.07,4.6
2304,Mathlib.LinearAlgebra.Multilinear.Basic,7.48,7.15,0.33,4.6
2305,Mathlib.NumberTheory.EulerProduct.Basic,2.49,2.38,0.11,4.6
2306,Mathlib.MeasureTheory.Integral.MeanInequalities,3.47,3.31,0.15,4.6
2307,Mathlib.Analysis.Calculus.FDeriv.Star,3.49,3.34,0.15,4.6
2308,Mathlib.RingTheory.Trace.Defs,2.97,2.84,0.13,4.6
2309,Mathlib.Geometry.Euclidean.Angle.Unoriented.Projection,2.32,2.21,0.10,4.6
2310,Mathlib.Combinatorics.SimpleGraph.Triangle.Tripartite,3.20,3.06,0.14,4.6
2311,Mathlib.RingTheory.Valuation.ValuativeRel.Trivial,1.98,1.89,0.09,4.6
2312,Mathlib.CategoryTheory.Sites.Grothendieck,2.73,2.62,0.12,4.6
2313,Mathlib.Algebra.Homology.ShortComplex.SnakeLemma,5.54,5.30,0.24,4.6
2314,Mathlib.Analysis.Analytic.Within,2.44,2.33,0.11,4.6
2315,Mathlib.Topology.Irreducible,1.80,1.72,0.08,4.6
2316,Mathlib.Combinatorics.Enumerative.Bell,1.99,1.90,0.09,4.6
2317,Mathlib.Algebra.Homology.ShortComplex.RightHomology,6.03,5.77,0.26,4.6
2318,Mathlib.RingTheory.SimpleRing.Principal,1.58,1.51,0.07,4.6
2319,Mathlib.Data.Real.Archimedean,2.42,2.32,0.11,4.6
2320,Mathlib.LinearAlgebra.Matrix.ToLin,9.86,9.43,0.43,4.6
2321,Mathlib.CategoryTheory.Abelian.GrothendieckAxioms.Sheaf,1.79,1.71,0.08,4.6
2322,Mathlib.FieldTheory.Separable,3.46,3.31,0.15,4.6
2323,Mathlib.Data.Fintype.Pi,1.90,1.82,0.08,4.6
2324,Mathlib.Tactic.Constructor,0.80,0.77,0.04,4.6
2325,Mathlib.MeasureTheory.Constructions.Pi,4.36,4.17,0.19,4.6
2326,Mathlib.Topology.Instances.ENNReal.Lemmas,7.37,7.05,0.32,4.6
2327,Mathlib.Analysis.InnerProductSpace.Trace,2.41,2.31,0.10,4.6
2328,Mathlib.Combinatorics.Quiver.Push,1.10,1.05,0.05,4.5
2329,Mathlib.CategoryTheory.Monoidal.DayConvolution.Closed,3.75,3.58,0.16,4.5
2330,Mathlib.RingTheory.Adjoin.PowerBasis,3.36,3.22,0.15,4.5
2331,Mathlib.GroupTheory.Coset.Defs,1.89,1.81,0.08,4.5
2332,Mathlib.RingTheory.Noetherian.Basic,2.84,2.72,0.12,4.5
2333,Mathlib.Topology.Instances.Complex,2.52,2.41,0.11,4.5
2334,Mathlib.CategoryTheory.Monoidal.Cartesian.FunctorCategory,2.50,2.39,0.11,4.5
2335,Mathlib.GroupTheory.SpecificGroups.Alternating,2.29,2.19,0.10,4.5
2336,Mathlib.Topology.EMetricSpace.Defs,2.96,2.84,0.13,4.5
2337,Mathlib.NumberTheory.NumberField.ProductFormula,3.17,3.04,0.14,4.5
2338,Mathlib.CategoryTheory.Monoidal.Closed.Cartesian,2.20,2.11,0.09,4.5
2339,Mathlib.Algebra.Category.Grp.EpiMono,3.25,3.11,0.14,4.5
2340,Mathlib.Data.Countable.Defs,1.11,1.07,0.05,4.5
2341,Mathlib.Topology.Compactification.OnePoint.Sphere,2.83,2.71,0.12,4.5
2342,Mathlib.SetTheory.Game.Nim,2.32,2.22,0.10,4.5
2343,Mathlib.LinearAlgebra.Trace,4.30,4.11,0.18,4.5
2344,Mathlib.RingTheory.Flat.Basic,5.09,4.87,0.22,4.5
2345,Mathlib.Tactic.ExtendDoc,0.79,0.76,0.03,4.5
2346,Mathlib.RingTheory.Polynomial.Content,2.61,2.50,0.11,4.5
2347,Mathlib.LinearAlgebra.Complex.Determinant,1.89,1.81,0.08,4.5
2348,Mathlib.FieldTheory.IsAlgClosed.Basic,7.17,6.86,0.31,4.5
2349,Mathlib.CategoryTheory.Limits.Shapes.Opposites.Pullbacks,2.97,2.84,0.13,4.5
2350,Mathlib.Tactic.SimpIntro,1.00,0.96,0.04,4.5
2351,Mathlib.LinearAlgebra.TensorAlgebra.ToTensorPower,2.22,2.13,0.10,4.5
2352,Mathlib.CategoryTheory.Limits.Indization.ParallelPair,2.22,2.13,0.10,4.5
2353,Mathlib.CategoryTheory.Limits.Final,5.64,5.40,0.24,4.5
2354,Mathlib.GroupTheory.MonoidLocalization.Cardinality,1.43,1.37,0.06,4.5
2355,Mathlib.LinearAlgebra.PerfectPairing.Matrix,1.90,1.82,0.08,4.5
2356,Mathlib.AlgebraicTopology.SimplexCategory.GeneratorsRelations.EpiMono,2.37,2.27,0.10,4.5
2357,Mathlib.Algebra.Ring.Subring.Pointwise,1.88,1.80,0.08,4.4
2358,Mathlib.Data.Finset.NoncommProd,2.63,2.52,0.11,4.4
2359,Mathlib.Probability.Kernel.SetIntegral,2.21,2.12,0.09,4.4
2360,Mathlib.LinearAlgebra.CrossProduct,3.15,3.02,0.13,4.4
2361,Mathlib.RingTheory.Trace.Basic,5.56,5.32,0.24,4.4
2362,Mathlib.Order.Filter.Extr,1.91,1.83,0.08,4.4
2363,Mathlib.CategoryTheory.Monoidal.Functor.Types,1.91,1.83,0.08,4.4
2364,Mathlib.Analysis.Convex.Basic,3.89,3.72,0.17,4.4
2365,Mathlib.RingTheory.RingHom.Smooth,2.43,2.32,0.10,4.4
2366,Mathlib.Algebra.Lie.Solvable,3.35,3.21,0.14,4.4
2367,Mathlib.LinearAlgebra.RootSystem.Finite.Lemmas,15.90,15.23,0.67,4.4
2368,Mathlib.Topology.Order.LeftRightLim,2.24,2.15,0.10,4.4
2369,Mathlib.Tactic.PPWithUniv,0.90,0.86,0.04,4.4
2370,Mathlib.LinearAlgebra.AffineSpace.AffineSubspace.Basic,5.08,4.87,0.21,4.4
2371,Mathlib.Data.Fintype.EquivFin,1.89,1.81,0.08,4.4
2372,Mathlib.Order.Hom.Bounded,2.29,2.20,0.10,4.4
2373,Mathlib.Algebra.Lie.Derivation.Basic,4.47,4.28,0.19,4.4
2374,Mathlib.Order.BooleanAlgebra.Basic,2.65,2.54,0.11,4.4
2375,Mathlib.LinearAlgebra.Matrix.Charpoly.Minpoly,2.08,2.00,0.09,4.4
2376,Mathlib.Algebra.Module.Submodule.Pointwise,3.46,3.31,0.15,4.4
2377,Mathlib.Topology.UniformSpace.ProdApproximation,1.78,1.70,0.07,4.4
2378,Mathlib.LinearAlgebra.Matrix.Transvection,3.03,2.90,0.13,4.4
2379,Mathlib.Tactic.Linter.HaveLetLinter,0.90,0.86,0.04,4.4
2380,Mathlib.CategoryTheory.Limits.Shapes.RegularMono,2.73,2.61,0.11,4.4
2381,Mathlib.LinearAlgebra.Basis.Submodule,2.61,2.50,0.11,4.4
2382,Mathlib.Algebra.Module.ZLattice.Summable,8.00,7.66,0.34,4.4
2383,Mathlib.CategoryTheory.Filtered.OfColimitCommutesFiniteLimit,1.43,1.37,0.06,4.4
2384,Mathlib.Order.Filter.FilterProduct,1.91,1.83,0.08,4.4
2385,Mathlib.Analysis.Complex.JensenFormula,4.70,4.50,0.20,4.4
2386,Mathlib.MeasureTheory.VectorMeasure.Decomposition.Hahn,3.46,3.32,0.15,4.4
2387,Mathlib.CategoryTheory.Limits.Constructions.Over.Products,7.27,6.96,0.30,4.4
2388,Mathlib.RingTheory.Localization.NumDen,1.96,1.88,0.08,4.4
2389,Mathlib.Algebra.Polynomial.CoeffList,2.54,2.43,0.11,4.4
2390,Mathlib.Analysis.Calculus.Deriv.Slope,3.26,3.12,0.14,4.4
2391,Mathlib.RingTheory.UniqueFactorizationDomain.Basic,1.97,1.88,0.08,4.4
2392,Mathlib.Lean.Elab.Term,0.79,0.76,0.03,4.4
2393,Mathlib.GroupTheory.HNNExtension,5.20,4.99,0.22,4.4
2394,Mathlib.RingTheory.Finiteness.ModuleFinitePresentation,2.30,2.21,0.10,4.4
2395,Mathlib.CategoryTheory.Triangulated.TStructure.TruncLTGE,2.73,2.62,0.11,4.4
2396,Mathlib.CategoryTheory.Limits.Constructions.LimitsOfProductsAndEqualizers,3.24,3.10,0.13,4.4
2397,Mathlib.CategoryTheory.Subobject.Basic,3.26,3.13,0.14,4.3
2398,Mathlib.Data.Finsupp.Defs,2.11,2.02,0.09,4.3
2399,Mathlib.Topology.Algebra.ContinuousAffineEquiv,4.16,3.99,0.17,4.3
2400,Mathlib.Logic.Nontrivial.Defs,0.79,0.76,0.03,4.3
2401,Mathlib.Combinatorics.SimpleGraph.Connectivity.Represents,2.10,2.01,0.09,4.3
2402,Mathlib.CategoryTheory.Monoidal.Internal.Types.CommGrp_,1.69,1.62,0.07,4.3
2403,Mathlib.RingTheory.WittVector.Truncated,2.96,2.84,0.12,4.3
2404,Mathlib.SetTheory.PGame.Order,2.10,2.01,0.09,4.3
2405,Mathlib.Data.Finsupp.Fin,1.45,1.39,0.06,4.3
2406,Mathlib.RingTheory.Polynomial.UniversalFactorizationRing,29.02,27.82,1.20,4.3
2407,Mathlib.CategoryTheory.Join.Pseudofunctor,3.48,3.34,0.14,4.3
2408,Mathlib.Data.List.Cycle,3.05,2.92,0.13,4.3
2409,Mathlib.Topology.VectorBundle.Riemannian,17.94,17.20,0.74,4.3
2410,Mathlib.NumberTheory.LSeries.MellinEqDirichlet,3.46,3.32,0.14,4.3
2411,Mathlib.Logic.Function.Conjugate,1.14,1.09,0.05,4.3
2412,Mathlib.AlgebraicGeometry.Cover.Directed,5.45,5.22,0.22,4.3
2413,Mathlib.Topology.Homeomorph.Lemmas,2.30,2.21,0.09,4.3
2414,Mathlib.Order.Filter.IsBounded,2.30,2.21,0.10,4.3
2415,Mathlib.CategoryTheory.Sites.ConcreteSheafification,3.25,3.11,0.13,4.3
2416,Mathlib.Analysis.Normed.Unbundled.InvariantExtension,3.20,3.07,0.13,4.3
2417,Mathlib.Data.Real.ConjExponents,2.50,2.39,0.10,4.3
2418,Mathlib.Analysis.InnerProductSpace.JointEigenspace,2.84,2.72,0.12,4.3
2419,Mathlib.Data.Real.Basic,2.72,2.61,0.11,4.3
2420,Mathlib.NumberTheory.LSeries.Convolution,2.65,2.54,0.11,4.3
2421,Mathlib.SetTheory.PGame.Basic,2.31,2.22,0.09,4.3
2422,Mathlib.CategoryTheory.Limits.Shapes.End,2.52,2.41,0.10,4.3
2423,Mathlib.Analysis.Normed.Algebra.DualNumber,2.22,2.13,0.09,4.3
2424,Mathlib.Analysis.Calculus.InverseFunctionTheorem.FDeriv,3.15,3.02,0.13,4.3
2425,Mathlib.Topology.MetricSpace.Kuratowski,2.57,2.46,0.10,4.3
2426,Mathlib.Algebra.Group.Units.Equiv,1.56,1.50,0.06,4.3
2427,Mathlib.CategoryTheory.Idempotents.Karoubi,2.20,2.11,0.09,4.3
2428,Mathlib.RingTheory.Derivation.Basic,6.43,6.17,0.26,4.3
2429,Mathlib.RingTheory.AlgebraicIndependent.Adjoin,3.65,3.50,0.15,4.3
2430,Mathlib.Tactic.Monotonicity.Attr,0.81,0.78,0.03,4.3
2431,Mathlib.MeasureTheory.Integral.CompactlySupported,2.65,2.54,0.11,4.3
2432,Mathlib.Algebra.Order.BigOperators.Group.Finset,3.46,3.32,0.14,4.3
2433,Mathlib.CategoryTheory.Abelian.GrothendieckCategory.ModuleEmbedding.Opposite,3.29,3.16,0.13,4.2
2434,Mathlib.RepresentationTheory.Homological.FiniteCyclic,3.81,3.66,0.16,4.2
2435,Mathlib.Data.List.Enum,1.23,1.18,0.05,4.2
2436,Mathlib.Tactic.GRewrite.Core,1.23,1.18,0.05,4.2
2437,Mathlib.Analysis.SpecialFunctions.Gaussian.FourierTransform,6.93,6.64,0.28,4.2
2438,Mathlib.AlgebraicGeometry.EllipticCurve.VariableChange,4.81,4.62,0.19,4.2
2439,Mathlib.RingTheory.MvPolynomial.Homogeneous,3.37,3.24,0.14,4.2
2440,Mathlib.Topology.Sets.Closeds,2.38,2.29,0.10,4.2
2441,Mathlib.CategoryTheory.Category.Quiv,2.01,1.93,0.08,4.2
2442,Mathlib.AlgebraicGeometry.FunctionField,2.81,2.70,0.11,4.2
2443,Mathlib.Algebra.MonoidAlgebra.Support,1.99,1.91,0.08,4.2
2444,Mathlib.RingTheory.Valuation.ValuativeRel.Basic,5.32,5.10,0.21,4.2
2445,Mathlib.FieldTheory.Galois.Infinite,6.02,5.78,0.24,4.2
2446,Mathlib.LinearAlgebra.Matrix.ZPow,2.50,2.40,0.10,4.2
2447,Mathlib.Algebra.Homology.TotalComplexSymmetry,2.75,2.64,0.11,4.2
2448,Mathlib.Analysis.SpecificLimits.RCLike,2.00,1.92,0.08,4.2
2449,Mathlib.Probability.HasLawExists,2.40,2.31,0.10,4.2
2450,Mathlib.AlgebraicGeometry.Morphisms.LocalClosure,2.66,2.55,0.11,4.2
2451,Mathlib.Topology.MetricSpace.HolderNorm,2.76,2.65,0.11,4.2
2452,Mathlib.RingTheory.SimpleRing.Basic,1.43,1.38,0.06,4.1
2453,Mathlib.CategoryTheory.Limits.Shapes.Grothendieck,3.39,3.26,0.14,4.1
2454,Mathlib.Algebra.Category.Grp.IsFinite,1.81,1.74,0.07,4.1
2455,Mathlib.RingTheory.AlgebraTower,2.19,2.10,0.09,4.1
2456,Mathlib.CategoryTheory.Limits.Shapes.NormalMono.Equalizers,2.19,2.10,0.09,4.1
2457,Mathlib.Logic.Equiv.Basic,2.95,2.83,0.12,4.1
2458,Mathlib.Algebra.Lie.Nilpotent,5.93,5.69,0.24,4.1
2459,Mathlib.GroupTheory.GroupAction.MultiplePrimitivity,7.34,7.05,0.29,4.1
2460,Mathlib.MeasureTheory.MeasurableSpace.Card,1.99,1.91,0.08,4.1
2461,Mathlib.CategoryTheory.Sites.Hypercover.One,7.04,6.76,0.28,4.1
2462,Mathlib.Probability.Moments.SubGaussian,5.28,5.07,0.21,4.1
2463,Mathlib.LinearAlgebra.TensorAlgebra.Grading,2.53,2.43,0.10,4.1
2464,Mathlib.LinearAlgebra.TensorProduct.Finiteness,2.20,2.12,0.09,4.1
2465,Mathlib.RingTheory.HahnSeries.Binomial,2.51,2.41,0.10,4.1
2466,Mathlib.Data.Int.Cast.Defs,1.01,0.97,0.04,4.1
2467,Mathlib.CategoryTheory.Localization.Quotient,1.29,1.24,0.05,4.1
2468,Mathlib.Util.AtomM,1.12,1.07,0.04,4.1
2469,Mathlib.Dynamics.Circle.RotationNumber.TranslationNumber,3.35,3.22,0.13,4.1
2470,Mathlib.Data.Nat.Bits,1.32,1.27,0.05,4.1
2471,Mathlib.CategoryTheory.Triangulated.Opposite.Triangle,5.18,4.98,0.20,4.1
2472,Mathlib.CategoryTheory.Bicategory.CatEnriched,3.56,3.42,0.14,4.1
2473,Mathlib.Algebra.DirectSum.Module,4.08,3.92,0.16,4.1
2474,Mathlib.Analysis.Complex.Order,2.63,2.53,0.10,4.1
2475,Mathlib.RingTheory.WittVector.Verschiebung,2.33,2.24,0.09,4.1
2476,Mathlib.Topology.Algebra.Order.Field,2.82,2.71,0.11,4.1
2477,Mathlib.MeasureTheory.Integral.CircleIntegral,5.07,4.87,0.20,4.1
2478,Mathlib.Analysis.InnerProductSpace.Harmonic.Analytic,2.31,2.22,0.09,4.1
2479,Mathlib.RingTheory.TwoSidedIdeal.Kernel,1.51,1.45,0.06,4.1
2480,Mathlib.CategoryTheory.Monoidal.Cartesian.InfSemilattice,1.44,1.38,0.06,4.1
2481,Mathlib.Lean.Environment,0.72,0.69,0.03,4.0
2482,Mathlib.Analysis.SpecificLimits.Basic,3.73,3.58,0.15,4.0
2483,Mathlib.Data.FunLike.Fintype,1.34,1.29,0.05,4.0
2484,Mathlib.RingTheory.Localization.AtPrime.Basic,3.45,3.32,0.13,4.0
2485,Mathlib.Order.Bounds.Defs,0.80,0.77,0.03,4.0
2486,Mathlib.LinearAlgebra.PID,2.19,2.11,0.08,4.0
2487,Mathlib.Data.Set.CoeSort,0.80,0.77,0.03,4.0
2488,Mathlib.CategoryTheory.Preadditive.EilenbergMoore,2.01,1.94,0.08,4.0
2489,Mathlib.Deprecated.Sort,0.80,0.77,0.03,4.0
2490,Mathlib.MeasureTheory.MeasurableSpace.Pi,1.45,1.39,0.06,4.0
2491,Mathlib.RingTheory.Discriminant,3.44,3.31,0.13,4.0
2492,Mathlib.Algebra.Category.Grp.EquivalenceGroupAddGroup,1.79,1.72,0.07,4.0
2493,Mathlib.CategoryTheory.Triangulated.SpectralObject,3.39,3.26,0.13,4.0
2494,Mathlib.Analysis.Normed.Field.Instances,2.31,2.22,0.09,4.0
2495,Mathlib.Analysis.Convex.Uniform,2.64,2.54,0.10,4.0
2496,Mathlib.SetTheory.Surreal.Dyadic,2.00,1.92,0.08,4.0
2497,Mathlib.Algebra.Lie.BaseChange,6.06,5.83,0.23,4.0
2498,Mathlib.NumberTheory.PrimesCongruentOne,2.42,2.33,0.09,4.0
2499,Mathlib.MeasureTheory.Group.Action,3.98,3.83,0.15,4.0
2500,Mathlib.CategoryTheory.Shift.ShiftSequence,2.63,2.53,0.10,4.0
2501,Mathlib.Analysis.Complex.AbsMax,3.23,3.10,0.12,4.0
2502,Mathlib.Algebra.GCDMonoid.IntegrallyClosed,2.11,2.03,0.08,4.0
2503,Mathlib.Analysis.InnerProductSpace.GramMatrix,2.40,2.31,0.09,4.0
2504,Mathlib.Analysis.SpecialFunctions.Gamma.BohrMollerup,3.60,3.46,0.14,4.0
2505,Mathlib.Algebra.Lie.Matrix,2.71,2.61,0.10,4.0
2506,Mathlib.RingTheory.MvPowerSeries.Order,2.92,2.81,0.11,4.0
2507,Mathlib.Topology.Algebra.IsOpenUnits,2.56,2.46,0.10,4.0
2508,Mathlib.Analysis.Convex.DoublyStochasticMatrix,2.85,2.74,0.11,4.0
2509,Mathlib.CategoryTheory.GradedObject.Monoidal,6.66,6.40,0.25,4.0
2510,Mathlib.SetTheory.Ordinal.Notation,4.15,3.99,0.16,4.0
2511,Mathlib.Algebra.DualQuaternion,5.83,5.60,0.22,4.0
2512,Mathlib.Analysis.Convex.Strong,3.24,3.12,0.12,4.0
2513,Mathlib.Topology.MetricSpace.Cauchy,1.67,1.61,0.06,4.0
2514,Mathlib.Topology.UniformSpace.Dini,1.99,1.91,0.08,4.0
2515,Mathlib.RingTheory.Artinian.Instances,2.02,1.94,0.08,4.0
2516,Mathlib.Tactic.ExistsI,0.81,0.78,0.03,4.0
2517,Mathlib.RingTheory.MatrixAlgebra,7.91,7.61,0.30,4.0
2518,Mathlib.GroupTheory.Transfer,3.04,2.92,0.12,4.0
2519,Mathlib.Data.Vector3,1.68,1.61,0.06,4.0
2520,Mathlib.Data.List.PeriodicityLemma,3.12,3.00,0.12,4.0
2521,Mathlib.CategoryTheory.Sites.PreservesSheafification,2.86,2.75,0.11,4.0
2522,Mathlib.Data.Setoid.Partition.Card,1.55,1.49,0.06,4.0
2523,Mathlib.Analysis.SpecialFunctions.Trigonometric.Series,2.60,2.50,0.10,4.0
2524,Mathlib.RingTheory.KrullDimension.Zero,2.21,2.12,0.08,4.0
2525,Mathlib.Geometry.Manifold.Instances.Sphere,8.00,7.70,0.30,3.9
2526,Mathlib.AlgebraicTopology.SimplicialSet.StrictSegal,3.25,3.12,0.12,3.9
2527,Mathlib.Topology.Sets.Opens,2.38,2.29,0.09,3.9
2528,Mathlib.Algebra.Polynomial.Reverse,2.35,2.26,0.09,3.9
2529,Mathlib.CategoryTheory.Limits.Shapes.Biproducts,6.82,6.57,0.26,3.9
2530,Mathlib.ModelTheory.ElementaryMaps,4.18,4.02,0.16,3.9
2531,Mathlib.Geometry.Convex.Cone.TensorProduct,2.75,2.65,0.10,3.9
2532,Mathlib.Combinatorics.Matroid.Rank.ENat,2.73,2.62,0.10,3.9
2533,Mathlib.LinearAlgebra.Matrix.ConjTranspose,2.41,2.32,0.09,3.9
2534,Mathlib.GroupTheory.Perm.Cycle.Type,2.63,2.53,0.10,3.9
2535,Mathlib.Tactic.CancelDenoms.Core,2.20,2.12,0.08,3.9
2536,Mathlib.AlgebraicTopology.AlternatingFaceMapComplex,2.76,2.66,0.10,3.9
2537,Mathlib.Geometry.Manifold.Instances.Icc,3.35,3.23,0.13,3.9
2538,Mathlib.Analysis.SpecialFunctions.JapaneseBracket,2.85,2.74,0.11,3.9
2539,Mathlib.RingTheory.GradedAlgebra.FiniteType,2.21,2.12,0.08,3.9
2540,Mathlib.CategoryTheory.Functor.KanExtension.Pointwise,4.26,4.10,0.16,3.9
2541,Mathlib.Algebra.Homology.Embedding.CochainComplex,2.71,2.61,0.10,3.9
2542,Mathlib.Util.Superscript,1.12,1.08,0.04,3.9
2543,Mathlib.Topology.Instances.Matrix,3.25,3.13,0.12,3.9
2544,Mathlib.Algebra.Polynomial.Derivative,3.15,3.03,0.12,3.9
2545,Mathlib.Dynamics.Ergodic.Action.Regular,2.03,1.95,0.08,3.9
2546,Mathlib.Algebra.Algebra.Spectrum.Pi,1.90,1.82,0.07,3.9
2547,Mathlib.Data.Nat.Squarefree,2.30,2.21,0.09,3.9
2548,Mathlib.Util.MemoFix,0.80,0.77,0.03,3.9
2549,Mathlib.Data.Real.Embedding,3.40,3.27,0.13,3.9
2550,Mathlib.Lean.Expr.Rat,0.80,0.77,0.03,3.9
2551,Mathlib.GroupTheory.Nilpotent,3.02,2.91,0.11,3.9
2552,Mathlib.NumberTheory.LucasLehmer,5.38,5.18,0.20,3.9
2553,Mathlib.RingTheory.GradedAlgebra.Radical,2.30,2.22,0.09,3.9
2554,Mathlib.CategoryTheory.Galois.Full,1.98,1.91,0.07,3.9
2555,Mathlib.Algebra.Category.Ring.Constructions,5.20,5.01,0.19,3.9
2556,Mathlib.Topology.Path,4.57,4.40,0.17,3.9
2557,Mathlib.Analysis.SpecialFunctions.ContinuousFunctionalCalculus.Rpow.Order,3.58,3.45,0.13,3.9
2558,Mathlib.CategoryTheory.Limits.Shapes.Connected,1.35,1.30,0.05,3.9
2559,Mathlib.CategoryTheory.Preadditive.Mat,6.58,6.33,0.24,3.9
2560,Mathlib.MeasureTheory.Measure.Map,2.51,2.42,0.09,3.8
2561,Mathlib.CategoryTheory.Iso,2.21,2.13,0.08,3.8
2562,Mathlib.RingTheory.Localization.Module,3.57,3.44,0.13,3.8
2563,Mathlib.RingTheory.DedekindDomain.IntegralClosure,2.92,2.81,0.11,3.8
2564,Mathlib.LinearAlgebra.TensorAlgebra.Basic,3.71,3.57,0.14,3.8
2565,Mathlib.Algebra.Module.Torsion.Basic,5.58,5.38,0.21,3.8
2566,Mathlib.Lean.Elab.Tactic.Basic,0.81,0.78,0.03,3.8
2567,Mathlib.CategoryTheory.Sites.IsSheafFor,3.50,3.37,0.13,3.8
2568,Mathlib.Algebra.MonoidAlgebra.Lift,1.88,1.81,0.07,3.8
2569,Mathlib.RingTheory.MvPolynomial.Symmetric.Defs,2.37,2.29,0.09,3.8
2570,Mathlib.GroupTheory.Perm.Cycle.PossibleTypes,1.80,1.74,0.07,3.8
2571,Mathlib.RingTheory.Smooth.Pi,3.66,3.53,0.13,3.8
2572,Mathlib.Tactic.CC,1.43,1.38,0.05,3.8
2573,Mathlib.Topology.UniformSpace.CompactConvergence,2.42,2.33,0.09,3.8
2574,Mathlib.NumberTheory.SelbergSieve,1.95,1.88,0.07,3.8
2575,Mathlib.Order.WellQuasiOrder,1.43,1.38,0.05,3.8
2576,Mathlib.Algebra.Homology.ShortComplex.Limits,3.25,3.13,0.12,3.8
2577,Mathlib.CategoryTheory.Sites.Coherent.ExtensiveColimits,1.71,1.64,0.06,3.8
2578,Mathlib.CategoryTheory.Limits.ConeCategory,3.69,3.55,0.13,3.8
2579,Mathlib.CategoryTheory.Category.Cat,1.98,1.91,0.07,3.8
2580,Mathlib.Order.Filter.AtTopBot.Ring,1.43,1.38,0.05,3.8
2581,Mathlib.Topology.Instances.RealVectorSpace,2.01,1.94,0.07,3.8
2582,Mathlib.Topology.Algebra.InfiniteSum.UniformOn,2.59,2.50,0.09,3.8
2583,Mathlib.Data.List.Monad,0.80,0.77,0.03,3.8
2584,Mathlib.Analysis.CStarAlgebra.ContinuousFunctionalCalculus.Isometric,12.34,11.89,0.45,3.8
2585,Mathlib.RingTheory.PowerSeries.NoZeroDivisors,3.19,3.08,0.11,3.7
2586,Mathlib.Algebra.Polynomial.Degree.CardPowDegree,4.64,4.47,0.17,3.7
2587,Mathlib.Algebra.Group.Action.Hom,1.33,1.29,0.05,3.7
2588,Mathlib.MeasureTheory.Measure.Content,2.83,2.73,0.10,3.7
2589,Mathlib.CategoryTheory.Limits.Shapes.ZeroMorphisms,2.72,2.63,0.10,3.7
2590,Mathlib.AlgebraicGeometry.Morphisms.Basic,3.37,3.24,0.12,3.7
2591,Mathlib.Combinatorics.Enumerative.DyckWord,2.95,2.84,0.11,3.7
2592,Mathlib.Topology.Bases,3.98,3.84,0.14,3.7
2593,Mathlib.Analysis.CStarAlgebra.ContinuousFunctionalCalculus.Unitary,2.34,2.26,0.08,3.7
2594,Mathlib.LinearAlgebra.Dual.BaseChange,4.38,4.23,0.16,3.7
2595,Mathlib.CategoryTheory.Monoidal.DayConvolution.Braided,2.51,2.42,0.09,3.7
2596,Mathlib.LinearAlgebra.Multilinear.DFinsupp,3.66,3.53,0.13,3.7
2597,Mathlib.CategoryTheory.Limits.Shapes.Preorder.TransfiniteCompositionOfShape,2.27,2.18,0.08,3.7
2598,Mathlib.Analysis.Normed.Lp.MeasurableSpace,2.10,2.02,0.07,3.7
2599,Mathlib.Probability.Moments.CovarianceBilinDual,7.17,6.91,0.26,3.7
2600,Mathlib.AlgebraicGeometry.Morphisms.FinitePresentation,2.72,2.62,0.10,3.7
2601,Mathlib.Algebra.Order.Module.HahnEmbedding,11.06,10.67,0.39,3.7
2602,Mathlib.CategoryTheory.Sites.LocallyInjective,2.19,2.11,0.08,3.7
2603,Mathlib.Algebra.Category.ModuleCat.Differentials.Presheaf,5.02,4.84,0.18,3.7
2604,Mathlib.NumberTheory.FLT.Three,6.87,6.63,0.25,3.7
2605,Mathlib.Algebra.Homology.LeftResolution.Reduced,4.66,4.49,0.17,3.7
2606,Mathlib.SetTheory.Cardinal.Aleph,2.50,2.41,0.09,3.7
2607,Mathlib.Algebra.Field.Subfield.Basic,2.81,2.71,0.10,3.7
2608,Mathlib.RingTheory.MvPolynomial.Symmetric.FundamentalTheorem,2.73,2.63,0.10,3.7
2609,Mathlib.Geometry.Manifold.ChartedSpace,3.57,3.45,0.13,3.7
2610,Mathlib.Algebra.Algebra.Subalgebra.Lattice,3.74,3.61,0.13,3.7
2611,Mathlib.RingTheory.ZMod,1.75,1.68,0.06,3.7
2612,Mathlib.CategoryTheory.Localization.Monoidal.Basic,4.31,4.16,0.15,3.7
2613,Mathlib.CategoryTheory.Galois.Examples,2.06,1.98,0.07,3.7
2614,Mathlib.CategoryTheory.Monoidal.ExternalProduct.KanExtension,2.54,2.45,0.09,3.7
2615,Mathlib.CategoryTheory.Limits.Shapes.Pullback.Pasting,3.64,3.51,0.13,3.7
2616,Mathlib.Geometry.Euclidean.Inversion.Basic,2.60,2.51,0.09,3.7
2617,Mathlib.RingTheory.Ideal.AssociatedPrime.Finiteness,4.65,4.48,0.16,3.7
2618,Mathlib.CategoryTheory.Preadditive.Basic,3.35,3.23,0.12,3.7
2619,Mathlib.MeasureTheory.Function.SpecialFunctions.RCLike,2.30,2.22,0.08,3.7
2620,Mathlib.Condensed.Light.CartesianClosed,2.13,2.05,0.07,3.7
2621,Mathlib.Probability.Process.FiniteDimensionalLaws,2.41,2.33,0.08,3.6
2622,Mathlib.Analysis.Calculus.FDeriv.Mul,29.40,28.36,1.04,3.6
2623,Mathlib.CategoryTheory.Monoidal.Linear,1.68,1.62,0.06,3.6
2624,Mathlib.Algebra.Homology.ShortComplex.FunctorEquivalence,3.69,3.56,0.13,3.6
2625,Mathlib.Algebra.Order.Group.Synonym,2.05,1.98,0.07,3.6
2626,Mathlib.CategoryTheory.Idempotents.FunctorCategories,2.40,2.31,0.08,3.6
2627,Mathlib.Topology.Algebra.ClosedSubgroup,1.51,1.46,0.05,3.6
2628,Mathlib.Lean.Meta,8.01,7.73,0.28,3.6
2629,Mathlib.AlgebraicGeometry.Morphisms.Constructors,4.18,4.03,0.15,3.6
2630,Mathlib.Order.CompleteLattice.SetLike,1.80,1.74,0.06,3.6
2631,Mathlib.Analysis.Complex.Harmonic.Analytic,4.83,4.67,0.17,3.6
2632,Mathlib.CategoryTheory.Sites.Point.Basic,2.72,2.63,0.10,3.6
2633,Mathlib.Data.Fin.Basic,2.95,2.85,0.10,3.6
2634,Mathlib.Analysis.Convex.Hull,1.98,1.91,0.07,3.6
2635,Mathlib.Probability.Martingale.Centering,2.84,2.75,0.10,3.6
2636,Mathlib.Algebra.Category.Grp.FilteredColimits,2.70,2.61,0.09,3.6
2637,Mathlib.Tactic.ErwQuestion,1.12,1.08,0.04,3.6
2638,Mathlib.MeasureTheory.Integral.Gamma,2.91,2.81,0.10,3.6
2639,Mathlib.Analysis.InnerProductSpace.CanonicalTensor,2.62,2.53,0.09,3.6
2640,Mathlib.Data.Nat.Nth,1.88,1.81,0.06,3.6
2641,Mathlib.Dynamics.Ergodic.Conservative,2.11,2.04,0.07,3.6
2642,Mathlib.Data.Nat.Cast.Synonym,1.13,1.09,0.04,3.6
2643,Mathlib.Logic.Equiv.Functor,1.21,1.17,0.04,3.6
2644,Mathlib.CategoryTheory.Linear.Basic,2.08,2.01,0.07,3.6
2645,Mathlib.Combinatorics.Quiver.Path.Decomposition,1.22,1.17,0.04,3.6
2646,Mathlib.Tactic.FunProp.Core,3.59,3.47,0.12,3.6
2647,Mathlib.LinearAlgebra.Matrix.Adjugate,3.22,3.10,0.11,3.6
2648,Mathlib.Algebra.Category.ModuleCat.Kernels,2.44,2.35,0.08,3.6
2649,Mathlib.RingTheory.Ideal.BigOperators,1.31,1.26,0.04,3.6
2650,Mathlib.CategoryTheory.Monoidal.Bimon_,5.08,4.91,0.17,3.6
2651,Mathlib.NumberTheory.ModularForms.BoundedAtCusp,3.14,3.03,0.11,3.6
2652,Mathlib.Order.Preorder.Finite,1.45,1.40,0.05,3.6
2653,Mathlib.Topology.Category.TopCat.Limits.Basic,2.18,2.11,0.08,3.6
2654,Mathlib.RingTheory.Polynomial.Cyclotomic.Roots,2.65,2.56,0.09,3.6
2655,Mathlib.Analysis.Matrix.Normed,5.52,5.33,0.19,3.5
2656,Mathlib.Algebra.Order.Group.Pointwise.CompleteLattice,5.05,4.88,0.17,3.5
2657,Mathlib.Algebra.Group.Commute.Defs,1.31,1.27,0.04,3.5
2658,Mathlib.AlgebraicGeometry.Morphisms.QuasiSeparated,7.43,7.18,0.25,3.5
2659,Mathlib.Topology.Algebra.Module.LinearPMap,2.60,2.52,0.09,3.5
2660,Mathlib.Algebra.Homology.ShortComplex.Linear,3.84,3.71,0.13,3.5
2661,Mathlib.RingTheory.TensorProduct.MonoidAlgebra,3.37,3.25,0.12,3.5
2662,Mathlib.GroupTheory.NoncommPiCoprod,2.93,2.83,0.10,3.5
2663,Mathlib.Data.Finmap,2.20,2.12,0.08,3.5
2664,Mathlib.CategoryTheory.Sites.LeftExact,3.67,3.54,0.12,3.5
2665,Mathlib.Analysis.InnerProductSpace.Projection.FiniteDimensional,5.52,5.33,0.19,3.5
2666,Mathlib.Data.Fintype.Fin,1.47,1.42,0.05,3.5
2667,Mathlib.GroupTheory.GroupAction.Ring,1.20,1.16,0.04,3.5
2668,Mathlib.Analysis.Normed.Module.Basic,5.32,5.14,0.18,3.5
2669,Mathlib.Analysis.InnerProductSpace.LaxMilgram,3.24,3.13,0.11,3.5
2670,Mathlib.MeasureTheory.Function.ConditionalExpectation.Unique,2.63,2.54,0.09,3.5
2671,Mathlib.LinearAlgebra.TensorProduct.Submodule,3.46,3.34,0.12,3.5
2672,Mathlib.Tactic.NormNum.Basic,3.67,3.55,0.12,3.5
2673,Mathlib.RingTheory.Polynomial.Bernstein,2.70,2.61,0.09,3.5
2674,Mathlib.CategoryTheory.Monoidal.Hopf_,2.52,2.44,0.08,3.5
2675,Mathlib.Topology.Order.HullKernel,1.99,1.92,0.07,3.5
2676,Mathlib.Topology.LocallyConstant.Basic,2.29,2.21,0.08,3.5
2677,Mathlib.CategoryTheory.Triangulated.Basic,5.95,5.75,0.20,3.5
2678,Mathlib.AlgebraicTopology.Quasicategory.Nerve,1.58,1.52,0.05,3.5
2679,Mathlib.RingTheory.Valuation.IntegrallyClosed,1.85,1.78,0.06,3.5
2680,Mathlib.Data.Rat.Denumerable,1.34,1.29,0.05,3.5
2681,Mathlib.Analysis.Fourier.RiemannLebesgueLemma,4.68,4.52,0.16,3.5
2682,Mathlib.Analysis.FunctionalSpaces.SobolevInequality,9.90,9.57,0.33,3.5
2683,Mathlib.Algebra.BigOperators.Pi,2.09,2.02,0.07,3.5
2684,Mathlib.Tactic.Replace,0.81,0.78,0.03,3.5
2685,Mathlib.Combinatorics.SimpleGraph.Copy,2.96,2.86,0.10,3.5
2686,Mathlib.LinearAlgebra.FreeModule.Finite.Basic,1.64,1.59,0.05,3.5
2687,Mathlib.Algebra.Module.Presentation.RestrictScalars,2.21,2.14,0.07,3.5
2688,Mathlib.Algebra.Category.ModuleCat.ChangeOfRings,17.16,16.58,0.57,3.5
2689,Mathlib.CategoryTheory.Bicategory.Grothendieck,4.13,4.00,0.14,3.5
2690,Mathlib.NumberTheory.ModularForms.JacobiTheta.Manifold,2.49,2.40,0.08,3.5
2691,Mathlib.MeasureTheory.VectorMeasure.Decomposition.Lebesgue,3.54,3.42,0.12,3.5
2692,Mathlib.RingTheory.HopfAlgebra.MonoidAlgebra,2.73,2.64,0.09,3.4
2693,Mathlib.Data.FinEnum.Option,1.44,1.39,0.05,3.4
2694,Mathlib.Algebra.Module.Presentation.Basic,3.54,3.43,0.12,3.4
2695,Mathlib.RingTheory.TensorProduct.DirectLimitFG,3.85,3.72,0.13,3.4
2696,Mathlib.Algebra.Category.ModuleCat.Semi,2.83,2.73,0.09,3.4
2697,Mathlib.Data.Set.Enumerate,1.32,1.28,0.04,3.4
2698,Mathlib.LinearAlgebra.Eigenspace.Zero,3.79,3.66,0.13,3.4
2699,Mathlib.CategoryTheory.Limits.FunctorCategory.Basic,4.19,4.05,0.14,3.4
2700,Mathlib.Tactic.FailIfNoProgress,0.90,0.87,0.03,3.4
2701,Mathlib.Lean.Meta.RefinedDiscrTree,0.90,0.87,0.03,3.4
2702,Mathlib.Analysis.Calculus.FDeriv.Basic,7.49,7.24,0.25,3.4
2703,Mathlib.CategoryTheory.WithTerminal,1.21,1.17,0.04,3.4
2704,Mathlib.Algebra.BigOperators.Ring.Nat,1.84,1.78,0.06,3.4
2705,Mathlib.Probability.Process.HittingTime,4.63,4.47,0.15,3.4
2706,Mathlib.NumberTheory.NumberField.CanonicalEmbedding.PolarCoord,4.26,4.12,0.14,3.4
2707,Mathlib.CategoryTheory.Abelian.Yoneda,2.30,2.23,0.08,3.4
2708,Mathlib.LinearAlgebra.Matrix.Defs,1.97,1.91,0.07,3.4
2709,Mathlib.AlgebraicGeometry.EllipticCurve.IsomOfJ,4.09,3.96,0.14,3.4
2710,Mathlib.RingTheory.TensorProduct.Finite,2.43,2.35,0.08,3.4
2711,Mathlib.LinearAlgebra.Reflection,7.46,7.22,0.25,3.4
2712,Mathlib.CategoryTheory.Groupoid.Subgroupoid,2.43,2.35,0.08,3.4
2713,Mathlib.CategoryTheory.Monoidal.Preadditive,2.82,2.73,0.09,3.4
2714,Mathlib.NumberTheory.NumberField.Ideal.KummerDedekind,4.62,4.46,0.15,3.4
2715,Mathlib.NumberTheory.LSeries.HurwitzZeta,2.95,2.85,0.10,3.4
2716,Mathlib.RingTheory.Artinian.Module,4.08,3.95,0.13,3.4
2717,Mathlib.RingTheory.WittVector.FrobeniusFractionField,4.24,4.10,0.14,3.4
2718,Mathlib.Tactic.TryThis,0.79,0.77,0.03,3.4
2719,Mathlib.RingTheory.LocalProperties.Exactness,5.29,5.12,0.17,3.4
2720,Mathlib.Algebra.Module.Presentation.Tensor,2.29,2.22,0.08,3.4
2721,Mathlib.Analysis.SpecialFunctions.CompareExp,2.27,2.19,0.07,3.4
2722,Mathlib.Algebra.Central.Matrix,1.50,1.46,0.05,3.4
2723,Mathlib.Analysis.Normed.Ring.InfiniteSum,2.95,2.85,0.10,3.4
2724,Mathlib.Topology.Gluing,3.25,3.15,0.11,3.4
2725,Mathlib.MeasureTheory.Covering.BesicovitchVectorSpace,4.85,4.69,0.16,3.4
2726,Mathlib.CategoryTheory.Galois.Prorepresentability,3.13,3.03,0.10,3.4
2727,Mathlib.Analysis.Analytic.OfScalars,4.49,4.34,0.15,3.4
2728,Mathlib.Order.Interval.Finset.Defs,3.58,3.46,0.12,3.4
2729,Mathlib.Topology.UniformSpace.Compact,1.57,1.52,0.05,3.4
2730,Mathlib.Analysis.Convex.Join,2.75,2.66,0.09,3.3
2731,Mathlib.RepresentationTheory.GroupCohomology.Functoriality,2.10,2.04,0.07,3.3
2732,Mathlib.Algebra.GroupWithZero.Pointwise.Set.Basic,1.21,1.17,0.04,3.3
2733,Mathlib.Data.Nat.BinaryRec,0.90,0.87,0.03,3.3
2734,Mathlib.Dynamics.Ergodic.Extreme,2.61,2.52,0.08,3.3
2735,Mathlib.Data.Tree.Basic,0.90,0.87,0.03,3.3
2736,Mathlib.CategoryTheory.Limits.Types.Images,1.40,1.35,0.04,3.3
2737,Mathlib.Probability.ConditionalProbability,2.83,2.74,0.09,3.3
2738,Mathlib.CategoryTheory.Shift.Localization,2.62,2.53,0.08,3.3
2739,Mathlib.CategoryTheory.Idempotents.FunctorExtension,3.80,3.68,0.12,3.3
2740,Mathlib.MeasureTheory.Measure.Haar.DistribChar,3.37,3.26,0.11,3.3
2741,Mathlib.MeasureTheory.Measure.Support,2.94,2.85,0.09,3.3
2742,Mathlib.Algebra.Star.Center,1.41,1.36,0.04,3.3
2743,Mathlib.Tactic.Order,2.16,2.09,0.07,3.3
2744,Mathlib.Geometry.Euclidean.Angle.Unoriented.Affine,3.45,3.34,0.11,3.3
2745,Mathlib.RingTheory.Support,3.42,3.31,0.11,3.3
2746,Mathlib.Tactic.SplitIfs,1.10,1.07,0.03,3.3
2747,Mathlib.Data.Rat.Defs,1.54,1.49,0.05,3.3
2748,Mathlib.SetTheory.Ordinal.Veblen,3.05,2.96,0.10,3.3
2749,Mathlib.GroupTheory.Sylow,3.63,3.51,0.11,3.3
2750,Mathlib.Tactic.FunProp.ToBatteries,0.89,0.86,0.03,3.3
2751,Mathlib.RingTheory.Ideal.Norm.AbsNorm,4.62,4.47,0.15,3.3
2752,Mathlib.Algebra.Lie.Ideal,3.64,3.52,0.11,3.3
2753,Mathlib.RingTheory.Radical,2.19,2.12,0.07,3.3
2754,Mathlib.CategoryTheory.Triangulated.Yoneda,2.60,2.52,0.08,3.3
2755,Mathlib.Algebra.Group.Embedding,1.11,1.08,0.03,3.3
2756,Mathlib.Topology.Order.ExtrClosure,1.43,1.39,0.04,3.2
2757,Mathlib.Algebra.Algebra.Spectrum.Basic,3.78,3.66,0.12,3.2
2758,Mathlib.Algebra.AlgebraicCard,1.98,1.91,0.06,3.2
2759,Mathlib.RingTheory.Binomial,3.16,3.06,0.10,3.2
2760,Mathlib.Geometry.Euclidean.Sphere.Basic,3.23,3.13,0.10,3.2
2761,Mathlib.Analysis.Normed.Group.Continuity,2.81,2.72,0.09,3.2
2762,Mathlib.CategoryTheory.Bicategory.Coherence,3.93,3.81,0.12,3.2
2763,Mathlib.Analysis.CStarAlgebra.Module.Constructions,5.63,5.45,0.18,3.2
2764,Mathlib.Control.EquivFunctor,1.12,1.08,0.03,3.2
2765,Mathlib.Order.LiminfLimsup,2.91,2.82,0.09,3.2
2766,Mathlib.Algebra.Exact,5.67,5.50,0.18,3.2
2767,Mathlib.Data.Finite.Prod,1.54,1.49,0.05,3.2
2768,Mathlib.Tactic.Variable,1.70,1.65,0.05,3.2
2769,Mathlib.RingTheory.Ideal.Quotient.Basic,3.05,2.95,0.09,3.2
2770,Mathlib.CategoryTheory.PathCategory.Basic,1.80,1.74,0.06,3.2
2771,Mathlib.CategoryTheory.Preadditive.Yoneda.Basic,2.92,2.83,0.09,3.2
2772,Mathlib.MeasureTheory.Function.SimpleFuncDense,2.38,2.30,0.07,3.2
2773,Mathlib.CategoryTheory.Localization.Monoidal.Braided,3.15,3.05,0.10,3.2
2774,Mathlib.CategoryTheory.Preadditive.LeftExact,1.67,1.62,0.05,3.2
2775,Mathlib.CategoryTheory.Grothendieck,5.08,4.92,0.16,3.2
2776,Mathlib.Algebra.Order.Monoid.Unbundled.WithTop,2.90,2.81,0.09,3.2
2777,Mathlib.CategoryTheory.Limits.IndYoneda,2.61,2.53,0.08,3.2
2778,Mathlib.Probability.Process.Filtration,2.90,2.81,0.09,3.2
2779,Mathlib.Analysis.Calculus.IteratedDeriv.ConvergenceOnBall,2.52,2.44,0.08,3.2
2780,Mathlib.Analysis.Normed.Module.Span,2.75,2.67,0.08,3.2
2781,Mathlib.CategoryTheory.Abelian.NonPreadditive,3.05,2.95,0.09,3.2
2782,Mathlib.Topology.Order.Basic,3.21,3.11,0.10,3.2
2783,Mathlib.Geometry.Convex.Cone.Basic,4.05,3.93,0.13,3.2
2784,Mathlib.RingTheory.LocalProperties.IntegrallyClosed,3.05,2.96,0.09,3.2
2785,Mathlib.AlgebraicTopology.SimplicialSet.Subcomplex,3.02,2.93,0.09,3.2
2786,Mathlib.Analysis.Matrix.Order,9.26,8.97,0.29,3.2
2787,Mathlib.CategoryTheory.Limits.Types.Multicoequalizer,1.66,1.61,0.05,3.2
2788,Mathlib.MeasureTheory.Function.LpSeminorm.Defs,2.24,2.17,0.07,3.2
2789,Mathlib.GroupTheory.PushoutI,4.85,4.70,0.15,3.2
2790,Mathlib.RingTheory.Finiteness.Nakayama,1.89,1.83,0.06,3.2
2791,Mathlib.InformationTheory.KullbackLeibler.KLFun,2.80,2.72,0.09,3.2
2792,Mathlib.Tactic.Translate.ToDual,1.24,1.20,0.04,3.2
2793,Mathlib.Order.Category.FinBddDistLat,2.09,2.03,0.06,3.2
2794,Mathlib.CategoryTheory.Limits.Preserves.Presheaf,2.09,2.03,0.06,3.2
2795,Mathlib.Combinatorics.Quiver.Subquiver,1.11,1.08,0.03,3.2
2796,Mathlib.AlgebraicTopology.ModelCategory.Homotopy,2.23,2.16,0.07,3.2
2797,Mathlib.LinearAlgebra.Contraction,3.64,3.53,0.11,3.1
2798,Mathlib.NumberTheory.Padics.WithVal,4.30,4.17,0.13,3.1
2799,Mathlib.CategoryTheory.Category.KleisliCat,1.22,1.18,0.04,3.1
2800,Mathlib.Algebra.Category.ModuleCat.Presheaf.Sheafify,5.92,5.75,0.18,3.1
2801,Mathlib.NumberTheory.LSeries.HurwitzZetaOdd,3.95,3.83,0.12,3.1
2802,Mathlib.Data.Fintype.Sort,1.32,1.28,0.04,3.1
2803,Mathlib.GroupTheory.Coxeter.Inversion,3.14,3.04,0.10,3.1
2804,Mathlib.Algebra.Lie.Weights.Basic,7.46,7.24,0.23,3.1
2805,Mathlib.Topology.Covering,2.68,2.60,0.08,3.1
2806,Mathlib.CategoryTheory.Functor.Flat,3.58,3.47,0.11,3.1
2807,Mathlib.Algebra.Category.ModuleCat.Presheaf.Monoidal,6.83,6.63,0.21,3.1
2808,Mathlib.CategoryTheory.Localization.CalculusOfFractions,3.45,3.35,0.10,3.1
2809,Mathlib.Algebra.Module.ZLattice.Covolume,6.84,6.64,0.21,3.1
2810,Mathlib.CategoryTheory.Monoidal.Subcategory,2.29,2.22,0.07,3.1
2811,Mathlib.Topology.Bornology.Real,1.63,1.58,0.05,3.1
2812,Mathlib.GroupTheory.GroupAction.Primitive,2.86,2.77,0.09,3.1
2813,Mathlib.Data.Nat.Factorial.Cast,1.23,1.19,0.04,3.1
2814,Mathlib.Tactic.TFAE,2.66,2.58,0.08,3.1
2815,Mathlib.Tactic.Measurability,1.23,1.20,0.04,3.1
2816,Mathlib.Analysis.CStarAlgebra.ContinuousFunctionalCalculus.Order,13.72,13.31,0.41,3.1
2817,Mathlib.Analysis.Convex.Continuous,3.56,3.46,0.11,3.1
2818,Mathlib.FieldTheory.Galois.Notation,1.53,1.49,0.05,3.1
2819,Mathlib.Analysis.LocallyConvex.ContinuousOfBounded,3.27,3.18,0.10,3.1
2820,Mathlib.Algebra.Module.Defs,1.50,1.46,0.04,3.1
2821,Mathlib.CategoryTheory.Limits.Shapes.ZeroObjects,1.54,1.49,0.05,3.1
2822,Mathlib.Algebra.Group.Hom.Basic,1.98,1.92,0.06,3.1
2823,Mathlib.CategoryTheory.Monoidal.DayConvolution.DayFunctor,3.36,3.26,0.10,3.1
2824,Mathlib.RingTheory.Polynomial.Ideal,2.09,2.03,0.06,3.1
2825,Mathlib.AlgebraicTopology.SimplexCategory.Augmented,1.42,1.38,0.04,3.1
2826,Mathlib.NumberTheory.NumberField.Norm,3.04,2.95,0.09,3.1
2827,Mathlib.Algebra.Homology.BifunctorAssociator,14.26,13.83,0.42,3.1
2828,Mathlib.Analysis.Calculus.FDeriv.Pow,6.39,6.20,0.19,3.0
2829,Mathlib.AlgebraicGeometry.LimitsOver,3.08,2.99,0.09,3.0
2830,Mathlib.Analysis.Convex.Combination,7.69,7.46,0.23,3.0
2831,Mathlib.Analysis.SpecialFunctions.Gamma.Basic,3.63,3.52,0.11,3.0
2832,Mathlib.RingTheory.GradedAlgebra.Homogeneous.Ideal,3.54,3.43,0.10,3.0
2833,Mathlib.Order.Chain,1.09,1.06,0.03,3.0
2834,Mathlib.CategoryTheory.Sites.CoverLifting,2.82,2.74,0.08,3.0
2835,Mathlib.RingTheory.Invariant.Basic,4.90,4.76,0.14,3.0
2836,Mathlib.CategoryTheory.Triangulated.Pretriangulated,3.64,3.54,0.11,3.0
2837,Mathlib.Combinatorics.Additive.SmallTripling,7.23,7.02,0.21,3.0
2838,Mathlib.NumberTheory.LSeries.Injectivity,2.94,2.85,0.09,3.0
2839,Mathlib.Tactic.Bound.Attribute,1.54,1.49,0.04,3.0
2840,Mathlib.AlgebraicGeometry.EllipticCurve.Projective.Formula,16.39,15.90,0.48,3.0
2841,Mathlib.GroupTheory.Perm.Centralizer,3.72,3.61,0.11,3.0
2842,Mathlib.CategoryTheory.Bicategory.Basic,4.00,3.88,0.12,3.0
2843,Mathlib.Analysis.Matrix.Spectrum,4.85,4.71,0.14,3.0
2844,Mathlib.Algebra.DirectSum.Ring,4.27,4.15,0.12,3.0
2845,Mathlib.Analysis.Distribution.SchwartzSpace,20.93,20.32,0.61,3.0
2846,Mathlib.RingTheory.TensorProduct.Quotient,2.50,2.42,0.07,3.0
2847,Mathlib.Analysis.SpecialFunctions.Gamma.Deligne,2.95,2.86,0.09,3.0
2848,Mathlib.RingTheory.Polynomial.SmallDegreeVieta,2.30,2.23,0.07,3.0
2849,Mathlib.Analysis.SpecialFunctions.ContinuousFunctionalCalculus.PosPart.Isometric,2.92,2.83,0.08,3.0
2850,Mathlib.FieldTheory.Laurent,2.34,2.27,0.07,3.0
2851,Mathlib.MeasureTheory.Constructions.HaarToSphere,3.85,3.74,0.11,3.0
2852,Mathlib.CategoryTheory.Idempotents.KaroubiKaroubi,2.10,2.04,0.06,3.0
2853,Mathlib.Algebra.Polynomial.Div,3.31,3.21,0.10,3.0
2854,Mathlib.AlgebraicTopology.ModelCategory.RightHomotopy,2.41,2.34,0.07,3.0
2855,Mathlib.CategoryTheory.Action.Concrete,1.93,1.87,0.06,3.0
2856,Mathlib.Algebra.Homology.DifferentialObject,3.28,3.18,0.09,3.0
2857,Mathlib.Algebra.Module.LocalizedModule.Basic,10.59,10.29,0.31,3.0
2858,Mathlib.RingTheory.Ideal.AssociatedPrime.Basic,3.11,3.02,0.09,3.0
2859,Mathlib.Topology.ContinuousMap.ContinuousMapZero,6.39,6.20,0.19,3.0
2860,Mathlib.Tactic.InferParam,0.80,0.77,0.02,3.0
2861,Mathlib.RingTheory.OreLocalization.NonZeroDivisors,1.52,1.48,0.04,3.0
2862,Mathlib.Analysis.Normed.Algebra.Spectrum,7.48,7.26,0.22,3.0
2863,Mathlib.Data.Nat.Prime.Factorial,1.21,1.18,0.03,3.0
2864,Mathlib.Util.WithWeakNamespace,0.80,0.77,0.02,3.0
2865,Mathlib.Dynamics.Ergodic.AddCircle,3.13,3.04,0.09,3.0
2866,Mathlib.Order.BoundedOrder.Monotone,1.22,1.18,0.03,3.0
2867,Mathlib.Analysis.Calculus.FDeriv.Bilinear,4.20,4.08,0.12,3.0
2868,Mathlib.NumberTheory.FunctionField,3.34,3.25,0.10,3.0
2869,Mathlib.Data.Int.GCD,1.64,1.59,0.05,3.0
2870,Mathlib.Geometry.Euclidean.Angle.Unoriented.RightAngle,3.03,2.94,0.09,3.0
2871,Mathlib.Topology.UnitInterval,2.89,2.81,0.08,3.0
2872,Mathlib.Algebra.Lie.Weights.Killing,9.74,9.46,0.28,2.9
2873,Mathlib.CategoryTheory.Monoidal.OfChosenFiniteProducts.Basic,1.29,1.26,0.04,2.9
2874,Mathlib.Topology.VectorBundle.Hom,13.31,12.93,0.38,2.9
2875,Mathlib.GroupTheory.GroupAction.SubMulAction.Combination,2.73,2.66,0.08,2.9
2876,Mathlib.Data.Matrix.Auto,1.51,1.47,0.04,2.9
2877,Mathlib.Analysis.Normed.Unbundled.FiniteExtension,3.55,3.44,0.10,2.9
2878,Mathlib.RingTheory.SimpleModule.Isotypic,5.13,4.98,0.15,2.9
2879,Mathlib.Topology.StoneCech,1.30,1.26,0.04,2.9
2880,Mathlib.Algebra.Lie.SkewAdjoint,3.17,3.08,0.09,2.9
2881,Mathlib.Algebra.AddTorsor.Defs,1.34,1.30,0.04,2.9
2882,Mathlib.AlgebraicTopology.DoldKan.HomotopyEquivalence,1.94,1.88,0.06,2.9
2883,Mathlib.Topology.Algebra.Module.Alternating.Basic,5.54,5.38,0.16,2.9
2884,Mathlib.AlgebraicGeometry.Morphisms.FormallyUnramified,3.04,2.95,0.09,2.9
2885,Mathlib.Data.Bool.AllAny,0.81,0.79,0.02,2.9
2886,Mathlib.Data.Matrix.Basis,3.53,3.43,0.10,2.9
2887,Mathlib.Analysis.Fourier.AddCircleMulti,4.49,4.37,0.13,2.9
2888,Mathlib.Algebra.Polynomial.Roots,3.40,3.31,0.10,2.9
2889,Mathlib.RingTheory.AdicCompletion.Noetherian,1.88,1.83,0.05,2.9
2890,Mathlib.Data.ENat.Pow,1.53,1.49,0.04,2.9
2891,Mathlib.Algebra.Group.TypeTags.Hom,1.53,1.49,0.04,2.9
2892,Mathlib.RingTheory.Algebraic.Basic,4.04,3.93,0.11,2.9
2893,Mathlib.Topology.Neighborhoods,1.75,1.71,0.05,2.9
2894,Mathlib.NumberTheory.ModularForms.EisensteinSeries.UniformConvergence,2.29,2.23,0.06,2.9
2895,Mathlib.Analysis.Polynomial.CauchyBound,2.94,2.86,0.08,2.9
2896,Mathlib.Tactic.UnsetOption,0.79,0.77,0.02,2.9
2897,Mathlib.Data.Nat.NthRoot.Defs,0.79,0.77,0.02,2.9
2898,Mathlib.CategoryTheory.Limits.FintypeCat,1.62,1.57,0.05,2.9
2899,Mathlib.Analysis.CStarAlgebra.ContinuousFunctionalCalculus.Instances,14.16,13.76,0.39,2.9
2900,Mathlib.RingTheory.TensorProduct.Pi,3.28,3.19,0.09,2.9
2901,Mathlib.Topology.Algebra.IsUniformGroup.DiscreteSubgroup,2.05,2.00,0.06,2.9
2902,Mathlib.RingTheory.MvPowerSeries.NoZeroDivisors,3.43,3.33,0.10,2.9
2903,Mathlib.Analysis.Normed.Group.Uniform,4.19,4.07,0.12,2.8
2904,Mathlib.Tactic.Algebraize,2.31,2.25,0.06,2.8
2905,Mathlib.Analysis.SpecialFunctions.Integrals.PosLogEqCircleAverage,3.22,3.13,0.09,2.8
2906,Mathlib.Control.Bitraversable.Basic,1.23,1.20,0.03,2.8
2907,Mathlib.Algebra.Order.Group.Int.Sum,1.56,1.52,0.04,2.8
2908,Mathlib.Algebra.Order.Monoid.Unbundled.MinMax,1.42,1.38,0.04,2.8
2909,Mathlib.Order.Filter.ZeroAndBoundedAtFilter,2.15,2.09,0.06,2.8
2910,Mathlib.CategoryTheory.GradedObject.Bifunctor,2.73,2.66,0.08,2.8
2911,Mathlib.CategoryTheory.Action.Limits,2.78,2.70,0.08,2.8
2912,Mathlib.LinearAlgebra.AffineSpace.Simplex.Basic,4.06,3.94,0.11,2.8
2913,Mathlib.LinearAlgebra.Projectivization.Subspace,2.56,2.49,0.07,2.8
2914,Mathlib.LinearAlgebra.Matrix.NonsingularInverse,3.85,3.74,0.10,2.8
2915,Mathlib.RingTheory.MvPolynomial.Symmetric.NewtonIdentities,6.14,5.97,0.17,2.8
2916,Mathlib.AlgebraicTopology.ExtraDegeneracy,4.23,4.11,0.12,2.8
2917,Mathlib.AlgebraicGeometry.Noetherian,2.94,2.86,0.08,2.8
2918,Mathlib.RingTheory.Localization.Integral,3.13,3.04,0.08,2.8
2919,Mathlib.Algebra.Group.Action.Prod,1.69,1.65,0.05,2.8
2920,Mathlib.Dynamics.TopologicalEntropy.NetEntropy,2.40,2.33,0.06,2.8
2921,Mathlib.RingTheory.Ideal.Quotient.Operations,11.48,11.17,0.31,2.8
2922,Mathlib.Analysis.Calculus.FDeriv.Symmetric,8.09,7.87,0.22,2.8
2923,Mathlib.Order.Category.HeytAlg,1.63,1.58,0.04,2.8
2924,Mathlib.Analysis.InnerProductSpace.Projection.Reflection,3.66,3.56,0.10,2.8
2925,Mathlib.LinearAlgebra.Matrix.SesquilinearForm,9.29,9.04,0.25,2.8
2926,Mathlib.Data.List.Perm.Subperm,1.22,1.19,0.03,2.8
2927,Mathlib.Computability.PartrecCode,5.94,5.78,0.16,2.8
2928,Mathlib.NumberTheory.FLT.Basic,2.49,2.43,0.07,2.8
2929,Mathlib.LinearAlgebra.Matrix.Swap,2.50,2.43,0.07,2.8
2930,Mathlib.Analysis.SumIntegralComparisons,3.51,3.42,0.09,2.8
2931,Mathlib.Algebra.Field.MinimalAxioms,1.12,1.09,0.03,2.7
2932,Mathlib.MeasureTheory.Measure.EverywherePos,3.37,3.27,0.09,2.7
2933,Mathlib.GroupTheory.MonoidLocalization.Away,1.65,1.60,0.04,2.7
2934,Mathlib.Topology.Constructions.SumProd,3.11,3.03,0.08,2.7
2935,Mathlib.Algebra.Lie.LieTheorem,7.62,7.41,0.20,2.7
2936,Mathlib.Tactic.Linter.UnusedTacticExtension,0.79,0.77,0.02,2.7
2937,Mathlib.Analysis.CStarAlgebra.ContinuousFunctionalCalculus.Unique,10.28,10.01,0.27,2.7
2938,Mathlib.Order.Filter.Germ.Basic,3.30,3.21,0.09,2.7
2939,Mathlib.Algebra.Category.BoolRing,1.99,1.94,0.05,2.7
2940,Mathlib.CategoryTheory.LiftingProperties.Adjunction,2.18,2.12,0.06,2.7
2941,Mathlib.Tactic.CategoryTheory.Coherence.Datatypes,1.32,1.28,0.04,2.7
2942,Mathlib.Tactic.ArithMult.Init,1.02,0.99,0.03,2.7
2943,Mathlib.SetTheory.Cardinal.Cofinality,2.08,2.02,0.06,2.7
2944,Mathlib.Analysis.BoxIntegral.UnitPartition,4.28,4.16,0.11,2.7
2945,Mathlib.Algebra.Ring.Associated,1.21,1.18,0.03,2.7
2946,Mathlib.Topology.Spectral.Hom,1.63,1.59,0.04,2.7
2947,Mathlib.RingTheory.Ideal.Quotient.Defs,1.98,1.93,0.05,2.7
2948,Mathlib.Topology.Algebra.Valued.WithZeroMulInt,1.94,1.89,0.05,2.7
2949,Mathlib.RingTheory.Nilpotent.GeometricallyReduced,3.04,2.96,0.08,2.7
2950,Mathlib.RingTheory.Jacobson.Semiprimary,1.98,1.93,0.05,2.7
2951,Mathlib.RingTheory.Flat.FaithfullyFlat.Algebra,2.85,2.78,0.08,2.7
2952,Mathlib.CategoryTheory.Limits.Preserves.Finite,1.71,1.67,0.05,2.7
2953,Mathlib.Algebra.Colimit.Ring,3.66,3.56,0.10,2.7
2954,Mathlib.NumberTheory.NumberField.Cyclotomic.Embeddings,2.71,2.63,0.07,2.7
2955,Mathlib.Algebra.Order.GroupWithZero.Unbundled.Basic,3.81,3.71,0.10,2.7
2956,Mathlib.Algebra.Ring.NonZeroDivisors,1.64,1.60,0.04,2.7
2957,Mathlib.FieldTheory.PolynomialGaloisGroup,3.59,3.50,0.09,2.7
2958,Mathlib.RingTheory.Ideal.Operations,7.49,7.30,0.20,2.7
2959,Mathlib.Analysis.CStarAlgebra.GelfandDuality,6.36,6.20,0.17,2.7
2960,Mathlib.Algebra.GroupWithZero.Pi,1.11,1.08,0.03,2.7
2961,Mathlib.Combinatorics.SimpleGraph.LapMatrix,3.26,3.18,0.08,2.7
2962,Mathlib.MeasureTheory.OuterMeasure.Defs,1.61,1.57,0.04,2.7
2963,Mathlib.Combinatorics.SimpleGraph.Coloring,2.62,2.55,0.07,2.7
2964,Mathlib.Data.Opposite,1.12,1.09,0.03,2.7
2965,Mathlib.NumberTheory.NumberField.Units.Regulator,5.93,5.77,0.15,2.7
2966,Mathlib.RingTheory.Polynomial.Cyclotomic.Basic,3.97,3.87,0.10,2.7
2967,Mathlib.RingTheory.Localization.Cardinality,1.62,1.58,0.04,2.7
2968,Mathlib.CategoryTheory.ObjectProperty.Local,1.51,1.47,0.04,2.7
2969,Mathlib.Data.String.Lemmas,1.00,0.98,0.03,2.7
2970,Mathlib.Tactic.Linter.PPRoundtrip,0.89,0.87,0.02,2.7
2971,Mathlib.Analysis.LocallyConvex.WeakOperatorTopology,5.43,5.29,0.14,2.6
2972,Mathlib.Data.Erased,1.12,1.09,0.03,2.6
2973,Mathlib.Tactic.Abel,3.06,2.99,0.08,2.6
2974,Mathlib.Analysis.Analytic.Basic,15.26,14.86,0.39,2.6
2975,Mathlib.MeasureTheory.Integral.TorusIntegral,3.77,3.67,0.10,2.6
2976,Mathlib.Topology.Category.CompHausLike.SigmaComparison,1.59,1.55,0.04,2.6
2977,Mathlib.Topology.Algebra.Module.Multilinear.Bounded,2.56,2.50,0.07,2.6
2978,Mathlib.MeasureTheory.MeasurableSpace.Embedding,3.11,3.03,0.08,2.6
2979,Mathlib.RingTheory.LocalRing.MaximalIdeal.Defs,1.52,1.48,0.04,2.6
2980,Mathlib.Order.KrullDimension,4.86,4.74,0.12,2.6
2981,Mathlib.Data.Nat.GCD.Prime,1.21,1.18,0.03,2.6
2982,Mathlib.GroupTheory.Exponent,3.43,3.34,0.09,2.6
2983,Mathlib.Util.Delaborators,3.99,3.89,0.10,2.6
2984,Mathlib.RingTheory.EuclideanDomain,1.72,1.68,0.04,2.6
2985,Mathlib.Data.Real.Pi.Wallis,2.27,2.21,0.06,2.6
2986,Mathlib.CategoryTheory.Category.Init,1.02,0.99,0.03,2.6
2987,Mathlib.MeasureTheory.Function.StronglyMeasurable.Basic,4.53,4.42,0.12,2.6
2988,Mathlib.Topology.Algebra.InfiniteSum.Module,2.33,2.27,0.06,2.6
2989,Mathlib.Algebra.Category.ModuleCat.Products,2.21,2.15,0.06,2.6
2990,Mathlib.Probability.Kernel.Composition.CompProd,3.00,2.92,0.08,2.6
2991,Mathlib.CategoryTheory.Limits.Shapes.FiniteProducts,1.43,1.39,0.04,2.6
2992,Mathlib.Data.Fin.VecNotation,1.94,1.89,0.05,2.6
2993,Mathlib.RingTheory.Valuation.PrimeMultiplicity,1.63,1.59,0.04,2.6
2994,Mathlib.CategoryTheory.Generator.Indization,1.68,1.63,0.04,2.6
2995,Mathlib.Algebra.QuadraticAlgebra.NormDeterminant,2.24,2.18,0.06,2.6
2996,Mathlib.Tactic.Widget.Conv,1.00,0.97,0.03,2.6
2997,Mathlib.Lean.Meta.Tactic.Rewrite,0.80,0.78,0.02,2.6
2998,Mathlib.Probability.Distributions.Gaussian.Real,4.57,4.45,0.11,2.6
2999,Mathlib.RingTheory.DividedPowers.SubDPIdeal,3.21,3.13,0.08,2.6
3000,Mathlib.Probability.Distributions.Geometric,1.93,1.88,0.05,2.6
3001,Mathlib.CategoryTheory.Functor.KanExtension.Basic,7.38,7.20,0.18,2.6
3002,Mathlib.Algebra.Homology.ShortComplex.Abelian,2.73,2.66,0.07,2.6
3003,Mathlib.LinearAlgebra.SModEq,1.45,1.41,0.04,2.6
3004,Mathlib.RingTheory.Adjoin.FG,2.05,2.00,0.05,2.6
3005,Mathlib.CategoryTheory.Comma.CardinalArrow,1.61,1.57,0.04,2.5
3006,Mathlib.AlgebraicTopology.SimplexCategory.GeneratorsRelations.Basic,2.09,2.04,0.05,2.5
3007,Mathlib.Algebra.Module.Rat,1.61,1.57,0.04,2.5
3008,Mathlib.AlgebraicTopology.Quasicategory.StrictBicategory,1.61,1.57,0.04,2.5
3009,Mathlib.Util.Qq,1.01,0.98,0.02,2.5
3010,Mathlib.LinearAlgebra.DFinsupp,4.77,4.65,0.12,2.5
3011,Mathlib.Algebra.Ring.Divisibility.Basic,1.50,1.46,0.04,2.5
3012,Mathlib.LinearAlgebra.FreeAlgebra,1.82,1.78,0.05,2.5
3013,Mathlib.MeasureTheory.Group.GeometryOfNumbers,3.65,3.56,0.09,2.5
3014,Mathlib.Analysis.Convex.Piecewise,2.68,2.61,0.07,2.5
3015,Mathlib.LinearAlgebra.BilinearForm.DualLattice,3.79,3.69,0.09,2.5
3016,Mathlib.Tactic.Widget.LibraryRewrite,2.16,2.11,0.05,2.5
3017,Mathlib.AlgebraicTopology.ModelCategory.Basic,2.20,2.15,0.05,2.5
3018,Mathlib.CategoryTheory.MorphismProperty.Limits,3.34,3.26,0.08,2.5
3019,Mathlib.Tactic.NormNum,1.34,1.31,0.03,2.5
3020,Mathlib.Algebra.Group.Commutator,1.02,0.99,0.02,2.5
3021,Mathlib.LinearAlgebra.SesquilinearForm.Basic,7.63,7.44,0.19,2.5
3022,Mathlib.Topology.GDelta.MetrizableSpace,1.92,1.87,0.05,2.5
3023,Mathlib.RingTheory.Ideal.Lattice,1.51,1.48,0.04,2.5
3024,Mathlib.Data.PFunctor.Univariate.M,1.97,1.92,0.05,2.5
3025,Mathlib.MeasureTheory.Constructions.Polish.StronglyMeasurable,2.09,2.04,0.05,2.5
3026,Mathlib.Deprecated.Order,1.11,1.08,0.03,2.5
3027,Mathlib.RingTheory.Etale.Pi,1.93,1.89,0.05,2.5
3028,Mathlib.Topology.UniformSpace.OfCompactT2,3.70,3.61,0.09,2.5
3029,Mathlib.Analysis.Complex.Exponential,4.16,4.06,0.10,2.5
3030,Mathlib.Combinatorics.Young.SemistandardTableau,1.40,1.37,0.03,2.5
3031,Mathlib.Order.Filter.Ring,1.41,1.37,0.03,2.5
3032,Mathlib.Tactic.DeriveTraversable,2.19,2.14,0.05,2.5
3033,Mathlib.Analysis.Calculus.Deriv.Add,4.56,4.45,0.11,2.5
3034,Mathlib.Tactic.Order.Graph.Basic,1.20,1.17,0.03,2.5
3035,Mathlib.Tactic.Linarith.Oracle.SimplexAlgorithm.Datatypes,0.91,0.89,0.02,2.5
3036,Mathlib.Algebra.Algebra.Shrink,1.41,1.38,0.03,2.5
3037,Mathlib.Algebra.Homology.HomotopyCategory.Triangulated,4.62,4.50,0.11,2.5
3038,Mathlib.Topology.Category.TopCommRingCat,1.91,1.87,0.05,2.5
3039,Mathlib.Algebra.Category.CoalgCat.Basic,2.45,2.40,0.06,2.5
3040,Mathlib.Analysis.Convolution,22.54,22.00,0.54,2.5
3041,Mathlib.Geometry.RingedSpace.PresheafedSpace,6.13,5.98,0.15,2.5
3042,Mathlib.Algebra.GroupWithZero.NonZeroDivisors,3.04,2.97,0.07,2.5
3043,Mathlib.Analysis.BoxIntegral.Partition.Basic,2.75,2.69,0.07,2.5
3044,Mathlib.MeasureTheory.Integral.IntervalIntegral.FundThmCalculus,7.14,6.96,0.17,2.5
3045,Mathlib.NumberTheory.NumberField.Discriminant.Different,7.48,7.30,0.18,2.5
3046,Mathlib.CategoryTheory.Monoidal.Action.End,4.93,4.81,0.12,2.5
3047,Mathlib.Algebra.Homology.HomotopyCategory.HomComplex,6.24,6.09,0.15,2.4
3048,Mathlib.MeasureTheory.Function.LpSeminorm.ChebyshevMarkov,2.31,2.25,0.06,2.4
3049,Mathlib.CategoryTheory.ObjectProperty.LimitsOfShape,1.72,1.68,0.04,2.4
3050,Mathlib.CategoryTheory.Abelian.GrothendieckAxioms.Types,1.51,1.48,0.04,2.4
3051,Mathlib.LinearAlgebra.Projectivization.Basic,2.48,2.42,0.06,2.4
3052,Mathlib.RingTheory.Localization.Rat,1.60,1.56,0.04,2.4
3053,Mathlib.Geometry.Manifold.WhitneyEmbedding,4.08,3.98,0.10,2.4
3054,Mathlib.Tactic.Says,1.73,1.69,0.04,2.4
3055,Mathlib.Lean.Meta.Basic,0.89,0.86,0.02,2.4
3056,Mathlib.Tactic.NormNum.Pow,2.28,2.23,0.05,2.4
3057,Mathlib.Topology.Algebra.ClopenNhdofOne,1.61,1.57,0.04,2.4
3058,Mathlib.Data.Int.Sqrt,1.23,1.20,0.03,2.4
3059,Mathlib.Probability.Kernel.MeasurableLIntegral,2.16,2.11,0.05,2.4
3060,Mathlib.CategoryTheory.Enriched.FunctorCategory,4.08,3.98,0.10,2.4
3061,Mathlib.NumberTheory.LSeries.PrimesInAP,4.59,4.48,0.11,2.4
3062,Mathlib.Analysis.Fourier.PoissonSummation,3.19,3.11,0.08,2.4
3063,Mathlib.Tactic.Simps.Basic,3.63,3.54,0.08,2.4
3064,Mathlib.Order.Interval.Set.Union,1.32,1.29,0.03,2.4
3065,Mathlib.Analysis.MellinTransform,4.79,4.68,0.11,2.4
3066,Mathlib.Algebra.Homology.HomotopyCategory.MappingCone,6.35,6.20,0.15,2.4
3067,Mathlib.Algebra.Ring.Semiconj,1.12,1.09,0.03,2.4
3068,Mathlib.NumberTheory.ModularForms.JacobiTheta.OneVariable,2.92,2.85,0.07,2.4
3069,Mathlib.Algebra.NoZeroSMulDivisors.Defs,1.33,1.30,0.03,2.4
3070,Mathlib.Topology.Category.TopCat.OpenNhds,2.11,2.06,0.05,2.4
3071,Mathlib.Combinatorics.SimpleGraph.Finsubgraph,1.94,1.89,0.04,2.4
3072,Mathlib.CategoryTheory.Sites.CompatibleSheafification,2.24,2.19,0.05,2.4
3073,Mathlib.Probability.Kernel.IonescuTulcea.Traj,4.53,4.42,0.10,2.4
3074,Mathlib.CategoryTheory.Abelian.GrothendieckCategory.EnoughInjectives,4.01,3.92,0.09,2.4
3075,Mathlib.CategoryTheory.Extensive,4.36,4.26,0.10,2.4
3076,Mathlib.Topology.Compactification.OnePoint.ProjectiveLine,4.80,4.69,0.11,2.4
3077,Mathlib.Topology.Order.LocalExtr,2.69,2.63,0.06,2.4
3078,Mathlib.Topology.Compactification.OnePointEquiv,1.96,1.91,0.05,2.4
3079,Mathlib.Algebra.Polynomial.Module.Basic,4.31,4.21,0.10,2.3
3080,Mathlib.Topology.UniformSpace.OfFun,1.40,1.36,0.03,2.3
3081,Mathlib.Analysis.Normed.Algebra.GelfandFormula,3.32,3.24,0.08,2.3
3082,Mathlib.CategoryTheory.Enriched.Opposite,1.70,1.66,0.04,2.3
3083,Mathlib.AlgebraicGeometry.Cover.Sigma,2.54,2.48,0.06,2.3
3084,Mathlib.MeasureTheory.Function.AEEqFun,4.49,4.38,0.10,2.3
3085,Mathlib.RingTheory.Polynomial.Quotient,4.41,4.31,0.10,2.3
3086,Mathlib.Topology.Algebra.InfiniteSum.Ring,2.03,1.98,0.05,2.3
3087,Mathlib.NumberTheory.NumberField.Ideal.Asymptotics,5.71,5.58,0.13,2.3
3088,Mathlib.NumberTheory.LSeries.Dirichlet,3.33,3.25,0.08,2.3
3089,Mathlib.Data.Int.DivMod,0.80,0.78,0.02,2.3
3090,Mathlib.AlgebraicTopology.DoldKan.Notations,1.60,1.57,0.04,2.3
3091,Mathlib.CategoryTheory.Limits.Shapes.SingleObj,1.51,1.48,0.03,2.3
3092,Mathlib.Combinatorics.Matroid.Closure,4.77,4.66,0.11,2.3
3093,Mathlib.MeasureTheory.Function.L1Space.AEEqFun,3.12,3.05,0.07,2.3
3094,Mathlib.Algebra.Order.Group.Opposite,1.29,1.26,0.03,2.3
3095,Mathlib.Topology.Category.TopCat.Limits.Pullbacks,2.94,2.88,0.07,2.3
3096,Mathlib.Analysis.SpecialFunctions.Gamma.Beta,3.85,3.76,0.09,2.3
3097,Mathlib.Tactic.Linarith.Datatypes,1.61,1.57,0.04,2.3
3098,Mathlib.Algebra.Homology.Functor,1.61,1.57,0.04,2.3
3099,Mathlib.CategoryTheory.Comma.StructuredArrow.CommaMap,3.80,3.72,0.08,2.3
3100,Mathlib.LinearAlgebra.RootSystem.GeckConstruction.Basic,8.32,8.13,0.19,2.3
3101,Mathlib.Analysis.Convex.Cone.Extension,2.24,2.19,0.05,2.3
3102,Mathlib.RingTheory.Ideal.Quotient.Nilpotent,1.93,1.88,0.04,2.3
3103,Mathlib.Probability.Kernel.Posterior,3.09,3.02,0.07,2.3
3104,Mathlib.LinearAlgebra.Matrix.Rank,3.96,3.87,0.09,2.3
3105,Mathlib.Probability.UniformOn,2.16,2.11,0.05,2.3
3106,Mathlib.Algebra.Algebra.Subalgebra.Order,1.53,1.50,0.03,2.3
3107,Mathlib.Topology.Baire.CompleteMetrizable,2.03,1.98,0.04,2.3
3108,Mathlib.CategoryTheory.Limits.FullSubcategory,1.49,1.46,0.03,2.3
3109,Mathlib.Probability.ProductMeasure,5.32,5.21,0.12,2.3
3110,Mathlib.Probability.Kernel.Disintegration.CDFToKernel,3.71,3.62,0.08,2.3
3111,Mathlib.ModelTheory.Syntax,4.07,3.98,0.09,2.3
3112,Mathlib.Tactic.Linter.UpstreamableDecl,0.91,0.89,0.02,2.3
3113,Mathlib.Order.Category.BoolAlg,2.44,2.39,0.05,2.3
3114,Mathlib.GroupTheory.SpecificGroups.KleinFour,2.27,2.22,0.05,2.3
3115,Mathlib.Topology.Separation.LinearUpperLowerSetTopology,1.41,1.38,0.03,2.2
3116,Mathlib.RingTheory.TensorProduct.Nontrivial,3.60,3.52,0.08,2.2
3117,Mathlib.MeasureTheory.Integral.Lebesgue.Add,2.65,2.59,0.06,2.2
3118,Mathlib.Tactic.CategoryTheory.Coherence.Basic,1.41,1.38,0.03,2.2
3119,Mathlib.RingTheory.Spectrum.Prime.Defs,1.41,1.38,0.03,2.2
3120,Mathlib.Analysis.Polynomial.MahlerMeasure,3.88,3.79,0.08,2.2
3121,Mathlib.CategoryTheory.Monoidal.Internal.Limits,1.88,1.83,0.04,2.2
3122,Mathlib.MeasureTheory.Measure.MeasureSpaceDef,2.75,2.69,0.06,2.2
3123,Mathlib.Probability.Process.Kolmogorov,2.25,2.20,0.05,2.2
3124,Mathlib.CategoryTheory.Galois.Action,1.93,1.89,0.04,2.2
3125,Mathlib.GroupTheory.DivisibleHull,4.23,4.14,0.09,2.2
3126,Mathlib.CategoryTheory.Action.Continuous,4.88,4.77,0.11,2.2
3127,Mathlib.CategoryTheory.Presentable.LocallyPresentable,1.61,1.58,0.03,2.2
3128,Mathlib.CategoryTheory.Limits.Preserves.Shapes.Square,1.61,1.58,0.04,2.2
3129,Mathlib.Data.Finsupp.Interval,1.61,1.58,0.03,2.2
3130,Mathlib.Order.IsNormal,2.17,2.12,0.05,2.2
3131,Mathlib.CategoryTheory.Monoidal.Bimod,8.02,7.85,0.17,2.2
3132,Mathlib.Tactic.FunProp.Theorems,1.61,1.58,0.03,2.2
3133,Mathlib.Logic.Pairwise,1.11,1.08,0.02,2.2
3134,Mathlib.CategoryTheory.Limits.Indization.Category,2.12,2.08,0.05,2.2
3135,Mathlib.Tactic.NormNum.Abs,1.52,1.49,0.03,2.2
3136,Mathlib.RingTheory.LocalRing.RingHom.Basic,1.81,1.77,0.04,2.2
3137,Mathlib.Combinatorics.Derangements.Basic,1.86,1.82,0.04,2.2
3138,Mathlib.CategoryTheory.Limits.SmallComplete,1.49,1.46,0.03,2.2
3139,Mathlib.RingTheory.RingHom.Etale,2.24,2.19,0.05,2.2
3140,Mathlib.Algebra.Polynomial.Factors,4.16,4.07,0.09,2.2
3141,Mathlib.LinearAlgebra.TensorProduct.Basis,2.76,2.70,0.06,2.2
3142,Mathlib.CategoryTheory.Galois.GaloisObjects,1.92,1.88,0.04,2.2
3143,Mathlib.Geometry.Manifold.VectorBundle.FiberwiseLinear,4.79,4.69,0.10,2.2
3144,Mathlib.Data.Num.Basic,1.13,1.10,0.02,2.2
3145,Mathlib.Algebra.Quotient,1.22,1.20,0.03,2.2
3146,Mathlib.Analysis.SpecialFunctions.Log.PosLog,2.35,2.30,0.05,2.2
3147,Mathlib.Algebra.Ring.Action.Field,1.08,1.06,0.02,2.2
3148,Mathlib.Tactic.Linter.Header,1.23,1.20,0.03,2.2
3149,Mathlib.Geometry.Euclidean.Inversion.ImageHyperplane,2.27,2.22,0.05,2.2
3150,Mathlib.Data.Nat.Cast.Order.Basic,1.60,1.57,0.03,2.2
3151,Mathlib.Analysis.Asymptotics.Lemmas,5.10,4.99,0.11,2.2
3152,Mathlib.Analysis.SpecialFunctions.Trigonometric.Cotangent,5.44,5.32,0.12,2.2
3153,Mathlib.Algebra.Order.Group.Instances,1.09,1.07,0.02,2.2
3154,Mathlib.MeasureTheory.OuterMeasure.Operations,2.70,2.65,0.06,2.2
3155,Mathlib.Analysis.Analytic.Constructions,15.47,15.15,0.33,2.1
3156,Mathlib.CategoryTheory.Sites.ConstantSheaf,2.24,2.20,0.05,2.1
3157,Mathlib.Algebra.Ring.Subring.IntPolynomial,1.72,1.69,0.04,2.1
3158,Mathlib.RingTheory.Smooth.Kaehler,16.79,16.44,0.35,2.1
3159,Mathlib.Analysis.InnerProductSpace.NormPow,3.30,3.23,0.07,2.1
3160,Mathlib.MeasureTheory.Constructions.Polish.EmbeddingReal,1.92,1.88,0.04,2.1
3161,Mathlib.CategoryTheory.Monoidal.Limits,1.20,1.17,0.03,2.1
3162,Mathlib.Data.Int.Cast.Field,1.10,1.08,0.02,2.1
3163,Mathlib.RingTheory.IntegralDomain,2.54,2.49,0.05,2.1
3164,Mathlib.CategoryTheory.Shift.Pullback,3.50,3.43,0.07,2.1
3165,Mathlib.LinearAlgebra.Matrix.Trace,2.35,2.30,0.05,2.1
3166,Mathlib.Analysis.Asymptotics.ExpGrowth,3.13,3.06,0.06,2.1
3167,Mathlib.Probability.IdentDistribIndep,2.36,2.31,0.05,2.1
3168,Mathlib.Algebra.Lie.Character,1.93,1.89,0.04,2.1
3169,Mathlib.Data.Nat.Factorization.LCM,1.49,1.46,0.03,2.1
3170,Mathlib.InformationTheory.KullbackLeibler.Basic,2.75,2.69,0.06,2.1
3171,Mathlib.CategoryTheory.Preadditive.HomOrthogonal,2.32,2.27,0.05,2.1
3172,Mathlib.Data.Fin.Tuple.BubbleSortInduction,1.40,1.37,0.03,2.1
3173,Mathlib.CategoryTheory.Bicategory.Strict.Basic,1.21,1.19,0.02,2.1
3174,Mathlib.RepresentationTheory.Tannaka,4.36,4.27,0.09,2.1
3175,Mathlib.Data.Finset.Lattice.Pi,1.50,1.47,0.03,2.1
3176,Mathlib.Algebra.Polynomial.Coeff,2.52,2.47,0.05,2.1
3177,Mathlib.Analysis.SpecialFunctions.ContinuousFunctionalCalculus.Rpow.Isometric,2.91,2.85,0.06,2.1
3178,Mathlib.RingTheory.Finiteness.Projective,1.60,1.57,0.03,2.1
3179,Mathlib.Analysis.Real.Pi.Bounds,3.12,3.05,0.06,2.1
3180,Mathlib.Analysis.SpecialFunctions.BinaryEntropy,3.33,3.26,0.07,2.1
3181,Mathlib.Analysis.Convex.Extrema,1.91,1.88,0.04,2.1
3182,Mathlib.Analysis.SpecialFunctions.Complex.Arctan,3.15,3.08,0.06,2.1
3183,Mathlib.Data.Set.Operations,1.72,1.69,0.03,2.1
3184,Mathlib.Tactic.GuardGoalNums,0.79,0.77,0.02,2.1
3185,Mathlib.Data.SProd,0.79,0.77,0.02,2.1
3186,Mathlib.RingTheory.Derivation.MapCoeffs,4.29,4.20,0.09,2.1
3187,Mathlib.Data.Int.Star,1.43,1.40,0.03,2.1
3188,Mathlib.RingTheory.Polynomial.DegreeLT,2.91,2.85,0.06,2.1
3189,Mathlib.Analysis.Normed.Group.Seminorm,3.62,3.54,0.07,2.1
3190,Mathlib.RingTheory.WittVector.MulP,2.14,2.10,0.04,2.1
3191,Mathlib.Algebra.Category.Grp.Preadditive,2.04,2.00,0.04,2.1
3192,Mathlib.Probability.Kernel.MeasurableIntegral,3.34,3.27,0.07,2.0
3193,Mathlib.FieldTheory.JacobsonNoether,3.89,3.81,0.08,2.0
3194,Mathlib.CategoryTheory.Abelian.GrothendieckCategory.Basic,1.60,1.57,0.03,2.0
3195,Mathlib.GroupTheory.Schreier,2.11,2.07,0.04,2.0
3196,Mathlib.Topology.Algebra.InfiniteSum.GroupCompletion,1.61,1.57,0.03,2.0
3197,Mathlib.Data.Rat.Star,1.86,1.82,0.04,2.0
3198,Mathlib.CategoryTheory.ObjectProperty.Basic,1.31,1.28,0.03,2.0
3199,Mathlib.Algebra.Category.ModuleCat.Abelian,2.37,2.32,0.05,2.0
3200,Mathlib.Order.RelSeries,4.38,4.29,0.09,2.0
3201,Mathlib.LinearAlgebra.Isomorphisms,3.88,3.80,0.08,2.0
3202,Mathlib.RingTheory.Spectrum.Prime.Homeomorph,5.13,5.03,0.10,2.0
3203,Mathlib.Tactic.MkIffOfInductiveProp,1.41,1.38,0.03,2.0
3204,Mathlib.ModelTheory.Arithmetic.Presburger.Basic,1.51,1.48,0.03,2.0
3205,Mathlib.Algebra.CharP.Algebra,1.82,1.78,0.04,2.0
3206,Mathlib.RingTheory.Polynomial.Nilpotent,2.32,2.28,0.05,2.0
3207,Mathlib.MeasureTheory.Integral.Bochner.ContinuousLinearMap,4.65,4.56,0.09,2.0
3208,Mathlib.Order.Iterate,1.31,1.29,0.03,2.0
3209,Mathlib.LinearAlgebra.Basis.Exact,2.02,1.98,0.04,2.0
3210,Mathlib.Algebra.QuadraticAlgebra.Basic,3.44,3.37,0.07,2.0
3211,Mathlib.RingTheory.KrullDimension.Field,1.73,1.69,0.03,2.0
3212,Mathlib.Topology.Algebra.Nonarchimedean.Completion,1.73,1.69,0.03,2.0
3213,Mathlib.Combinatorics.Enumerative.IncidenceAlgebra,4.48,4.39,0.09,2.0
3214,Mathlib.MeasureTheory.Integral.IntegralEqImproper,7.64,7.49,0.15,2.0
3215,Mathlib.Data.Bool.Basic,1.33,1.30,0.03,2.0
3216,Mathlib.Geometry.Euclidean.Sphere.Tangent,3.88,3.80,0.08,2.0
3217,Mathlib.Analysis.Complex.UpperHalfPlane.Basic,2.56,2.51,0.05,2.0
3218,Mathlib.Combinatorics.Matroid.Init,1.02,1.00,0.02,2.0
3219,Mathlib.Topology.Compactness.NhdsKer,1.44,1.41,0.03,2.0
3220,Mathlib.LinearAlgebra.Span.Basic,4.31,4.23,0.08,2.0
3221,Mathlib.Algebra.Module.MinimalAxioms,1.08,1.06,0.02,2.0
3222,Mathlib.NumberTheory.WellApproximable,4.12,4.04,0.08,2.0
3223,Mathlib.Algebra.Group.Int.Units,1.24,1.21,0.02,2.0
3224,Mathlib.Combinatorics.SimpleGraph.UniversalVerts,1.60,1.57,0.03,2.0
3225,Mathlib.CategoryTheory.Shift.ShiftedHom,2.01,1.98,0.04,2.0
3226,Mathlib.Topology.ContinuousMap.StoneWeierstrass,10.09,9.89,0.20,2.0
3227,Mathlib.GroupTheory.GroupAction.Jordan,4.77,4.67,0.09,2.0
3228,Mathlib.Algebra.Ring.CompTypeclasses,1.30,1.27,0.03,2.0
3229,Mathlib.Algebra.Lie.Semisimple.Defs,2.08,2.04,0.04,2.0
3230,Mathlib.Tactic.CategoryTheory.MonoidalComp,1.40,1.38,0.03,2.0
3231,Mathlib.Topology.Category.TopCat.Sphere,2.75,2.70,0.05,2.0
3232,Mathlib.NumberTheory.Dioph,3.84,3.77,0.07,2.0
3233,Mathlib.Algebra.AffineMonoid.Embedding,1.82,1.78,0.03,2.0
3234,Mathlib.MeasureTheory.Measure.Stieltjes,2.60,2.55,0.05,2.0
3235,Mathlib.Data.QPF.Multivariate.Constructions.Quot,1.30,1.28,0.02,2.0
3236,Mathlib.Data.Multiset.Defs,1.51,1.48,0.03,2.0
3237,Mathlib.Data.NNReal.Defs,3.91,3.83,0.08,2.0
3238,Mathlib.Data.DFinsupp.FiniteInfinite,1.30,1.28,0.02,2.0
3239,Mathlib.Topology.MetricSpace.Sequences,1.62,1.59,0.03,2.0
3240,Mathlib.Analysis.Calculus.ParametricIntervalIntegral,2.98,2.92,0.06,2.0
3241,Mathlib.Topology.Algebra.ContinuousMonoidHom,3.19,3.13,0.06,2.0
3242,Mathlib.Algebra.Regular.Pi,1.20,1.18,0.02,1.9
3243,Mathlib.Order.PropInstances,1.10,1.08,0.02,1.9
3244,Mathlib.Data.SetLike.Fintype,1.31,1.29,0.02,1.9
3245,Mathlib.Order.Filter.AtTopBot.Prod,1.42,1.39,0.03,1.9
3246,Mathlib.Analysis.Complex.UpperHalfPlane.Manifold,2.78,2.73,0.05,1.9
3247,Mathlib.CategoryTheory.Sites.Coherent.ReflectsPrecoherent,1.53,1.50,0.03,1.9
3248,Mathlib.Data.Ordering.Basic,0.79,0.78,0.02,1.9
3249,Mathlib.Algebra.GroupWithZero.Divisibility,1.32,1.29,0.03,1.9
3250,Mathlib.Topology.Baire.LocallyCompactRegular,1.43,1.40,0.03,1.9
3251,Mathlib.FieldTheory.RatFunc.Degree,2.22,2.18,0.04,1.9
3252,Mathlib.Probability.Notation,2.60,2.55,0.05,1.9
3253,Mathlib.Order.Filter.Prod,2.81,2.76,0.05,1.9
3254,Mathlib.RingTheory.HahnSeries.Summable,6.74,6.61,0.13,1.9
3255,Mathlib.Tactic.Finiteness.Attr,1.01,0.99,0.02,1.9
3256,Mathlib.CategoryTheory.Sites.CartesianMonoidal,1.91,1.88,0.04,1.9
3257,Mathlib.Algebra.Homology.Embedding.Connect,2.93,2.87,0.05,1.9
3258,Mathlib.Tactic.Generalize,0.80,0.79,0.02,1.9
3259,Mathlib.MeasureTheory.Integral.RieszMarkovKakutani.Basic,5.23,5.13,0.10,1.9
3260,Mathlib.Geometry.Euclidean.Projection,6.89,6.76,0.13,1.9
3261,Mathlib.RingTheory.PolynomialLaw.Basic,2.95,2.89,0.06,1.9
3262,Mathlib.Logic.Equiv.Pairwise,1.02,1.00,0.02,1.9
3263,Mathlib.Algebra.MvPolynomial.Division,2.63,2.58,0.05,1.9
3264,Mathlib.Topology.Algebra.Nonarchimedean.AdicTopology,2.31,2.27,0.04,1.9
3265,Mathlib.Algebra.Module.Projective,2.54,2.49,0.05,1.9
3266,Mathlib.Data.Fintype.Sigma,3.46,3.40,0.06,1.9
3267,Mathlib.Algebra.Module.Torsion.Field,1.19,1.17,0.02,1.9
3268,Mathlib.CategoryTheory.Limits.Types.Yoneda,2.27,2.23,0.04,1.9
3269,Mathlib.Algebra.Order.Group.Defs,1.41,1.38,0.03,1.9
3270,Mathlib.Data.List.Sections,1.20,1.17,0.02,1.9
3271,Mathlib.LinearAlgebra.TensorProduct.Matrix,2.24,2.20,0.04,1.9
3272,Mathlib.Algebra.BigOperators.Group.Finset.Powerset,1.53,1.51,0.03,1.9
3273,Mathlib.Algebra.Order.Field.InjSurj,1.10,1.08,0.02,1.9
3274,Mathlib.Algebra.GroupWithZero.Int,1.21,1.19,0.02,1.9
3275,Mathlib.Tactic.Linter.FindDeprecations,1.21,1.19,0.02,1.9
3276,Mathlib.CategoryTheory.Limits.Final.Connected,1.43,1.41,0.03,1.9
3277,Mathlib.Algebra.MvPolynomial.Derivation,2.54,2.49,0.05,1.8
3278,Mathlib.Analysis.SpecialFunctions.ContinuousFunctionalCalculus.Rpow.IntegralRepresentation,7.72,7.58,0.14,1.8
3279,Mathlib.Analysis.NormedSpace.OperatorNorm.Basic,1.82,1.79,0.03,1.8
3280,Mathlib.Topology.MetricSpace.ProperSpace.Lemmas,1.60,1.57,0.03,1.8
3281,Mathlib.Data.Nat.Periodic,1.50,1.47,0.03,1.8
3282,Mathlib.Analysis.Real.Pi.Irrational,4.39,4.31,0.08,1.8
3283,Mathlib.Algebra.Order.Sum,1.11,1.09,0.02,1.8
3284,Mathlib.Lean.CoreM,0.78,0.76,0.01,1.8
3285,Mathlib.Topology.NhdsWithin,2.11,2.08,0.04,1.8
3286,Mathlib.Data.Seq.Basic,2.45,2.40,0.04,1.8
3287,Mathlib.Topology.Algebra.Module.ModuleTopology,3.79,3.72,0.07,1.8
3288,Mathlib.CategoryTheory.Types.Monomorphisms,1.39,1.37,0.02,1.8
3289,Mathlib.Probability.StrongLaw,7.86,7.72,0.14,1.8
3290,Mathlib.Analysis.CStarAlgebra.SpecialFunctions.PosPart,3.68,3.62,0.07,1.8
3291,Mathlib.Algebra.GroupWithZero.ULift,1.23,1.21,0.02,1.8
3292,Mathlib.Algebra.CharP.Reduced,1.51,1.48,0.03,1.8
3293,Mathlib.CategoryTheory.Monoidal.Internal.Types.Grp_,1.51,1.49,0.03,1.8
3294,Mathlib.Data.Set.Basic,2.31,2.27,0.04,1.8
3295,Mathlib.CategoryTheory.Limits.Preserves.Filtered,1.52,1.50,0.03,1.8
3296,Mathlib.Algebra.Star.Unitary,5.02,4.93,0.09,1.8
3297,Mathlib.Tactic.Ring.PNat,1.30,1.28,0.02,1.8
3298,Mathlib.CategoryTheory.Monad.Monadicity,2.43,2.39,0.04,1.8
3299,Mathlib.Algebra.Polynomial.Expand,2.21,2.17,0.04,1.8
3300,Mathlib.Tactic.Linter.FlexibleLinter,1.42,1.39,0.03,1.8
3301,Mathlib.Data.List.SplitBy,1.30,1.28,0.02,1.8
3302,Mathlib.Analysis.SpecialFunctions.Exponential,4.93,4.84,0.09,1.8
3303,Mathlib.Tactic.ComputeDegree,2.32,2.28,0.04,1.8
3304,Mathlib.Tactic.Linter.PrivateModule,0.80,0.78,0.01,1.8
3305,Mathlib.CategoryTheory.Monad.Coequalizer,1.59,1.56,0.03,1.8
3306,Mathlib.NumberTheory.LSeries.AbstractFuncEq,4.60,4.52,0.08,1.8
3307,Mathlib.ModelTheory.Order,2.67,2.62,0.05,1.8
3308,Mathlib.RingTheory.Artinian.Ring,1.82,1.79,0.03,1.8
3309,Mathlib.RingTheory.MvPowerSeries.Substitution,3.92,3.85,0.07,1.8
3310,Mathlib.Combinatorics.SimpleGraph.Regularity.Lemma,2.56,2.52,0.04,1.8
3311,Mathlib.Probability.Independence.Kernel,1.82,1.79,0.03,1.8
3312,Mathlib.Order.Filter.Curry,1.20,1.18,0.02,1.8
3313,Mathlib.Data.ZMod.Coprime,1.60,1.57,0.03,1.8
3314,Mathlib.MeasureTheory.Constructions.ProjectiveFamilyContent,2.12,2.08,0.04,1.8
3315,Mathlib.Geometry.Manifold.VectorBundle.Pullback,2.35,2.31,0.04,1.8
3316,Mathlib.CategoryTheory.Localization.Linear,1.61,1.58,0.03,1.8
3317,Mathlib.Data.PNat.Notation,0.81,0.79,0.01,1.8
3318,Mathlib.Topology.Algebra.UniformMulAction,2.13,2.10,0.04,1.8
3319,Mathlib.Algebra.CharZero.AddMonoidHom,1.21,1.19,0.02,1.8
3320,Mathlib.AlgebraicGeometry.Morphisms.FiniteType,2.54,2.50,0.04,1.8
3321,Mathlib.Data.Nat.Cast.Basic,1.39,1.37,0.02,1.8
3322,Mathlib.Topology.EMetricSpace.Diam,1.74,1.71,0.03,1.8
3323,Mathlib.Algebra.Algebra.Subalgebra.Matrix,1.51,1.48,0.03,1.8
3324,Mathlib.MeasureTheory.Function.AEEqOfIntegral,3.19,3.14,0.06,1.8
3325,Mathlib.Topology.UniformSpace.Equicontinuity,2.21,2.17,0.04,1.7
3326,Mathlib.Algebra.Group.Subgroup.Order,1.51,1.49,0.03,1.7
3327,Mathlib.Combinatorics.SimpleGraph.AdjMatrix,2.10,2.06,0.04,1.7
3328,Mathlib.Data.Finite.Defs,1.11,1.09,0.02,1.7
3329,Mathlib.Topology.ContinuousMap.Ordered,1.69,1.66,0.03,1.7
3330,Mathlib.Order.RelIso.Basic,2.22,2.18,0.04,1.7
3331,Mathlib.Algebra.Group.NatPowAssoc,1.40,1.38,0.02,1.7
3332,Mathlib.AlgebraicTopology.RelativeCellComplex.Basic,1.93,1.90,0.03,1.7
3333,Mathlib.Data.Set.Countable,1.52,1.50,0.03,1.7
3334,Mathlib.MeasureTheory.Covering.Differentiation,4.04,3.98,0.07,1.7
3335,Mathlib.Algebra.ContinuedFractions.Computation.CorrectnessTerminating,2.29,2.25,0.04,1.7
3336,Mathlib.Probability.Moments.ComplexMGF,3.47,3.41,0.06,1.7
3337,Mathlib.Topology.Order.Hom.Basic,1.53,1.51,0.03,1.7
3338,Mathlib.Lean.Elab.InfoTree,2.36,2.32,0.04,1.7
3339,Mathlib.Data.Multiset.Lattice,1.42,1.39,0.02,1.7
3340,Mathlib.Probability.Kernel.Composition.IntegralCompProd,3.73,3.67,0.06,1.7
3341,Mathlib.Topology.Instances.Shrink,1.30,1.28,0.02,1.7
3342,Mathlib.Algebra.Polynomial.SpecificDegree,1.73,1.70,0.03,1.7
3343,Mathlib.Order.WithBot,5.30,5.21,0.09,1.7
3344,Mathlib.AlgebraicTopology.SimplicialSet.AnodyneExtensions.IsUniquelyCodimOneFace,1.49,1.47,0.03,1.7
3345,Mathlib.Analysis.Oscillation,1.91,1.88,0.03,1.7
3346,Mathlib.RingTheory.Invariant.Profinite,10.92,10.73,0.18,1.7
3347,Mathlib.AlgebraicGeometry.Morphisms.Integral,2.57,2.52,0.04,1.7
3348,Mathlib.Algebra.Ring.Int.Defs,1.31,1.29,0.02,1.7
3349,Mathlib.LinearAlgebra.Quotient.Pi,2.28,2.24,0.04,1.7
3350,Mathlib.NumberTheory.LegendreSymbol.QuadraticChar.GaussSum,2.83,2.78,0.05,1.7
3351,Mathlib.Algebra.Homology.HomotopyCategory.ShiftSequence,3.50,3.44,0.06,1.7
3352,Mathlib.NumberTheory.Cyclotomic.Discriminant,4.04,3.98,0.07,1.7
3353,Mathlib.Tactic.HaveI,0.79,0.77,0.01,1.7
3354,Mathlib.MeasureTheory.Function.SpecialFunctions.Arctan,2.06,2.03,0.03,1.7
3355,Mathlib.AlgebraicTopology.RelativeCellComplex.AttachCells,2.12,2.09,0.04,1.7
3356,Mathlib.Data.Real.Irrational,1.82,1.79,0.03,1.7
3357,Mathlib.Geometry.Manifold.Riemannian.PathELength,3.82,3.76,0.06,1.7
3358,Mathlib.Topology.ContinuousMap.Weierstrass,2.55,2.51,0.04,1.7
3359,Mathlib.Data.Set.Opposite,1.21,1.19,0.02,1.7
3360,Mathlib.Tactic.ReduceModChar,2.43,2.39,0.04,1.7
3361,Mathlib.CategoryTheory.Limits.Shapes.Equivalence,1.28,1.26,0.02,1.7
3362,Mathlib.Algebra.Polynomial.Monic,2.44,2.40,0.04,1.7
3363,Mathlib.CategoryTheory.Limits.Types.ColimitTypeFiltered,1.40,1.38,0.02,1.7
3364,Mathlib.Algebra.Category.Grp.Subobject,1.59,1.56,0.03,1.7
3365,Mathlib.Tactic.ReduceModChar.Ext,0.79,0.78,0.01,1.7
3366,Mathlib.Analysis.SpecialFunctions.Complex.CircleAddChar,3.80,3.73,0.06,1.7
3367,Mathlib.Algebra.Homology.HomologySequence,4.78,4.70,0.08,1.7
3368,Mathlib.Topology.Category.TopCat.ULift,1.59,1.57,0.03,1.7
3369,Mathlib.CategoryTheory.Closed.FunctorToTypes,1.29,1.27,0.02,1.7
3370,Mathlib.Condensed.Light.Monoidal,4.11,4.04,0.07,1.7
3371,Mathlib.AlgebraicGeometry.Sites.Pretopology,2.46,2.42,0.04,1.7
3372,Mathlib.CategoryTheory.Abelian.Projective.Basic,1.85,1.82,0.03,1.7
3373,Mathlib.Tactic.RewriteSearch,0.80,0.79,0.01,1.6
3374,Mathlib.CategoryTheory.Adjunction.Quadruple,1.60,1.58,0.03,1.6
3375,Mathlib.Analysis.SpecialFunctions.Trigonometric.Sinc,2.22,2.19,0.04,1.6
3376,Mathlib.Data.BitVec,1.42,1.40,0.02,1.6
3377,Mathlib.LinearAlgebra.AffineSpace.Independent,4.88,4.80,0.08,1.6
3378,Mathlib.Data.Fin.Tuple.Reflection,1.92,1.89,0.03,1.6
3379,Mathlib.Analysis.Convex.NNReal,1.79,1.76,0.03,1.6
3380,Mathlib.Order.Comparable,1.30,1.28,0.02,1.6
3381,Mathlib.RingTheory.SimpleRing.Congr,1.61,1.59,0.03,1.6
3382,Mathlib.CategoryTheory.Presentable.Retracts,1.49,1.46,0.02,1.6
3383,Mathlib.Topology.Order.LeftRight,1.49,1.47,0.02,1.6
3384,Mathlib.Analysis.CStarAlgebra.ContinuousFunctionalCalculus.NonUnital,15.84,15.58,0.25,1.6
3385,Mathlib.CategoryTheory.Sites.DenseSubsite.InducedTopology,1.81,1.78,0.03,1.6
3386,Mathlib.Topology.Category.FinTopCat,1.50,1.47,0.02,1.6
3387,Mathlib.CategoryTheory.Localization.Monoidal,1.19,1.17,0.02,1.6
3388,Mathlib.Analysis.Calculus.BumpFunction.FiniteDimension,6.14,6.04,0.10,1.6
3389,Mathlib.GroupTheory.QuotientGroup.Defs,3.26,3.21,0.05,1.6
3390,Mathlib.Data.Set.Card,4.22,4.15,0.07,1.6
3391,Mathlib.Data.List.Range,1.20,1.18,0.02,1.6
3392,Mathlib.NumberTheory.NumberField.House,5.32,5.23,0.08,1.6
3393,Mathlib.RingTheory.Perfectoid.Untilt,2.79,2.75,0.04,1.6
3394,Mathlib.Combinatorics.SimpleGraph.LineGraph,1.52,1.50,0.02,1.6
3395,Mathlib.Analysis.Convex.Function,5.59,5.50,0.09,1.6
3396,Mathlib.CategoryTheory.ConcreteCategory.BundledHom,1.40,1.38,0.02,1.6
3397,Mathlib.Order.OrderIsoNat,1.59,1.57,0.02,1.6
3398,Mathlib.NumberTheory.LegendreSymbol.AddCharacter,3.56,3.51,0.06,1.6
3399,Mathlib.Algebra.Module.Submodule.Basic,1.59,1.57,0.02,1.6
3400,Mathlib.Algebra.Module.GradedModule,3.63,3.58,0.06,1.6
3401,Mathlib.Tactic.GRewrite.Elab,1.53,1.51,0.02,1.6
3402,Mathlib.Computability.TMComputable,1.79,1.76,0.03,1.6
3403,Mathlib.Topology.Order.Priestley,1.41,1.39,0.02,1.6
3404,Mathlib.Probability.Independence.Conditional,4.87,4.80,0.08,1.6
3405,Mathlib.Topology.Order.Lattice,1.93,1.90,0.03,1.6
3406,Mathlib.LinearAlgebra.TensorProduct.Prod,3.67,3.61,0.06,1.6
3407,Mathlib.RingTheory.Trace.Quotient,5.43,5.34,0.08,1.6
3408,Mathlib.CategoryTheory.Limits.Preserves.Creates.Pullbacks,1.29,1.27,0.02,1.6
3409,Mathlib.Algebra.Group.Hom.Defs,3.63,3.57,0.06,1.6
3410,Mathlib.LinearAlgebra.Determinant,5.97,5.88,0.09,1.6
3411,Mathlib.Geometry.Manifold.Algebra.SmoothFunctions,5.19,5.11,0.08,1.6
3412,Mathlib.RingTheory.LocalProperties.Projective,4.04,3.98,0.06,1.6
3413,Mathlib.LinearAlgebra.SesquilinearForm,1.50,1.48,0.02,1.6
3414,Mathlib.Algebra.Category.MonCat.ForgetCorepresentable,1.51,1.48,0.02,1.6
3415,Mathlib.Topology.Algebra.MvPolynomial,1.90,1.87,0.03,1.5
3416,Mathlib.Order.Interval.Set.OrdConnectedLinear,1.51,1.48,0.02,1.5
3417,Mathlib.Algebra.Order.Ring.Units,1.51,1.49,0.02,1.5
3418,Mathlib.CategoryTheory.Yoneda,6.76,6.65,0.10,1.5
3419,Mathlib.Analysis.Calculus.FDeriv.Equiv,8.35,8.22,0.13,1.5
3420,Mathlib.CategoryTheory.Abelian.GrothendieckAxioms.FunctorCategory,1.51,1.49,0.02,1.5
3421,Mathlib.Topology.Category.TopCat.Limits.Cofiltered,1.71,1.69,0.03,1.5
3422,Mathlib.MeasureTheory.Measure.CharacteristicFunction,6.40,6.30,0.10,1.5
3423,Mathlib.Tactic.Linter.CommandRanges,0.79,0.78,0.01,1.5
3424,Mathlib.Data.Nat.BitIndices,1.59,1.56,0.02,1.5
3425,Mathlib.LinearAlgebra.Prod,6.22,6.12,0.09,1.5
3426,Mathlib.MeasureTheory.Function.LpSeminorm.CompareExp,3.51,3.46,0.05,1.5
3427,Mathlib.Tactic.Linarith.Oracle.SimplexAlgorithm.PositiveVector,0.80,0.78,0.01,1.5
3428,Mathlib.Algebra.BigOperators.Group.Finset.Preimage,1.40,1.38,0.02,1.5
3429,Mathlib.NumberTheory.Basic,1.60,1.57,0.02,1.5
3430,Mathlib.NumberTheory.Harmonic.GammaDeriv,3.59,3.54,0.05,1.5
3431,Mathlib.Tactic.Widget.Calc,1.20,1.18,0.02,1.5
3432,Mathlib.Data.Nat.Cast.Commute,1.20,1.18,0.02,1.5
3433,Mathlib.LinearAlgebra.RootSystem.GeckConstruction.Relations,15.27,15.04,0.23,1.5
3434,Mathlib.Data.Char,1.00,0.99,0.01,1.5
3435,Mathlib.Data.Stream.Init,1.94,1.91,0.03,1.5
3436,Mathlib.MeasureTheory.Function.L2Space,4.15,4.09,0.06,1.5
3437,Mathlib.Algebra.MvPolynomial.Supported,1.81,1.79,0.03,1.5
3438,Mathlib.Algebra.FreeAbelianGroup.UniqueSums,1.28,1.26,0.02,1.5
3439,Mathlib.Combinatorics.Derangements.Exponential,2.15,2.12,0.03,1.5
3440,Mathlib.RingTheory.TensorProduct.IsBaseChangeHom,3.64,3.59,0.05,1.5
3441,Mathlib.RingTheory.Frobenius,3.11,3.06,0.05,1.5
3442,Mathlib.Tactic.NormNum.Result,2.03,2.00,0.03,1.5
3443,Mathlib.RingTheory.RootsOfUnity.EnoughRootsOfUnity,1.83,1.80,0.03,1.5
3444,Mathlib.Algebra.Group.Action.Opposite,1.62,1.60,0.02,1.5
3445,Mathlib.Data.List.Sym,3.32,3.27,0.05,1.5
3446,Mathlib.RingTheory.Finiteness.Subalgebra,1.69,1.67,0.02,1.5
3447,Mathlib.AlgebraicGeometry.Limits,4.68,4.61,0.07,1.5
3448,Mathlib.Data.List.Prime,1.29,1.27,0.02,1.5
3449,Mathlib.Algebra.Order.Module.Archimedean,2.10,2.07,0.03,1.5
3450,Mathlib.MeasureTheory.Integral.Lebesgue.Basic,3.53,3.48,0.05,1.5
3451,Mathlib.LinearAlgebra.BilinearForm.TensorProduct,5.02,4.95,0.07,1.5
3452,Mathlib.CategoryTheory.Subobject.FactorThru,1.70,1.67,0.03,1.5
3453,Mathlib.LinearAlgebra.Basis.MulOpposite,1.83,1.81,0.03,1.5
3454,Mathlib.CategoryTheory.Monad.Limits,3.19,3.15,0.05,1.5
3455,Mathlib.Algebra.Polynomial.CoeffMem,3.06,3.02,0.05,1.5
3456,Mathlib.CategoryTheory.Monoidal.Comon_,3.61,3.56,0.05,1.5
3457,Mathlib.Algebra.Group.Semiconj.Basic,1.23,1.21,0.02,1.5
3458,Mathlib.Logic.Equiv.Option,1.50,1.48,0.02,1.5
3459,Mathlib.CategoryTheory.FiberedCategory.HomLift,1.57,1.55,0.02,1.5
3460,Mathlib.CategoryTheory.Shift.Opposite,2.94,2.90,0.04,1.5
3461,Mathlib.CategoryTheory.Subobject.HasCardinalLT,1.51,1.49,0.02,1.5
3462,Mathlib.AlgebraicTopology.DoldKan.EquivalenceAdditive,1.85,1.82,0.03,1.5
3463,Mathlib.Algebra.Homology.ShortComplex.ShortExact,1.71,1.69,0.03,1.5
3464,Mathlib.Geometry.Manifold.PartitionOfUnity,5.48,5.40,0.08,1.5
3465,Mathlib.NumberTheory.NumberField.CanonicalEmbedding.ConvexBody,5.56,5.47,0.08,1.5
3466,Mathlib.Algebra.Module.FinitePresentation,9.83,9.69,0.14,1.5
3467,Mathlib.NumberTheory.ModularForms.EisensteinSeries.QExpansion,7.85,7.73,0.11,1.5
3468,Mathlib.MeasureTheory.VectorMeasure.Basic,4.96,4.88,0.07,1.5
3469,Mathlib.RingTheory.Ideal.NatInt,2.00,1.97,0.03,1.5
3470,Mathlib.Analysis.Complex.LocallyUniformLimit,2.84,2.79,0.04,1.5
3471,Mathlib.Geometry.Manifold.VectorBundle.SmoothSection,5.41,5.33,0.08,1.5
3472,Mathlib.CategoryTheory.Bicategory.End,1.39,1.37,0.02,1.5
3473,Mathlib.CategoryTheory.Filtered.Connected,1.32,1.30,0.02,1.5
3474,Mathlib.Analysis.Normed.Group.SemiNormedGrp,2.85,2.81,0.04,1.5
3475,Mathlib.Tactic.Nontriviality,1.11,1.10,0.02,1.5
3476,Mathlib.Tactic.Order.ToInt,1.53,1.51,0.02,1.5
3477,Mathlib.LinearAlgebra.Matrix.Permutation,2.86,2.82,0.04,1.5
3478,Mathlib.Analysis.Calculus.FDeriv.Pi,2.31,2.28,0.03,1.4
3479,Mathlib.Data.Sigma.Lex,1.12,1.10,0.02,1.4
3480,Mathlib.MeasureTheory.Function.ConditionalExpectation.CondexpL1,5.68,5.60,0.08,1.4
3481,Mathlib.CategoryTheory.Limits.Constructions.Filtered,4.28,4.22,0.06,1.4
3482,Mathlib.Control.Applicative,1.20,1.18,0.02,1.4
3483,Mathlib.Algebra.Polynomial.Mirror,1.83,1.80,0.03,1.4
3484,Mathlib.GroupTheory.RegularWreathProduct,2.61,2.57,0.04,1.4
3485,Mathlib.Data.Finset.Preimage,1.69,1.67,0.02,1.4
3486,Mathlib.Data.Finset.Order,1.20,1.18,0.02,1.4
3487,Mathlib.Data.Finset.Grade,1.63,1.61,0.02,1.4
3488,Mathlib.Analysis.NormedSpace.Normalize,1.70,1.68,0.02,1.4
3489,Mathlib.Algebra.Group.Submonoid.Operations,5.46,5.38,0.08,1.4
3490,Mathlib.Order.PiLex,1.70,1.68,0.02,1.4
3491,Mathlib.Algebra.Notation.Prod,1.42,1.40,0.02,1.4
3492,Mathlib.CategoryTheory.Abelian.FreydMitchell,1.92,1.90,0.03,1.4
3493,Mathlib.Analysis.Normed.Algebra.GelfandMazur,4.63,4.57,0.06,1.4
3494,Mathlib.MeasureTheory.Measure.FiniteMeasure,4.64,4.58,0.07,1.4
3495,Mathlib.Probability.Integration,2.21,2.18,0.03,1.4
3496,Mathlib.Data.Nat.PSub,1.22,1.20,0.02,1.4
3497,Mathlib.Topology.Perfect,1.50,1.48,0.02,1.4
3498,Mathlib.Topology.Order.IntermediateValue,4.37,4.30,0.06,1.4
3499,Mathlib.Algebra.Order.Positive.Ring,1.50,1.48,0.02,1.4
3500,Mathlib.Data.List.Palindrome,1.22,1.20,0.02,1.4
3501,Mathlib.Probability.Process.Predictable,3.31,3.26,0.05,1.4
3502,Mathlib.RingTheory.FractionalIdeal.Inverse,2.73,2.70,0.04,1.4
3503,Mathlib.RingTheory.Localization.Pi,2.30,2.27,0.03,1.4
3504,Mathlib.Probability.Distributions.Gamma,2.67,2.63,0.04,1.4
3505,Mathlib.Data.Bracket,0.79,0.78,0.01,1.4
3506,Mathlib.GroupTheory.GroupAction.SubMulAction.OfStabilizer,3.68,3.63,0.05,1.4
3507,Mathlib.Algebra.GroupWithZero.Shrink,1.30,1.28,0.02,1.4
3508,Mathlib.Data.Set.SMulAntidiagonal,1.52,1.50,0.02,1.4
3509,Mathlib.AlgebraicTopology.SimplicialSet.Nerve,2.74,2.71,0.04,1.4
3510,Mathlib.Lean.Exception,0.80,0.78,0.01,1.4
3511,Mathlib.Topology.Algebra.Ring.Real,1.81,1.78,0.02,1.4
3512,Mathlib.RingTheory.AdicCompletion.Functoriality,5.93,5.85,0.08,1.4
3513,Mathlib.Algebra.Order.Group.Units,1.09,1.07,0.02,1.4
3514,Mathlib.Geometry.Euclidean.Sphere.OrthRadius,3.70,3.65,0.05,1.4
3515,Mathlib.RingTheory.Flat.Tensor,2.55,2.51,0.03,1.4
3516,Mathlib.AlgebraicGeometry.PullbackCarrier,4.22,4.16,0.06,1.4
3517,Mathlib.CategoryTheory.Sites.Canonical,1.82,1.79,0.02,1.4
3518,Mathlib.Topology.MetricSpace.Ultra.Basic,1.60,1.58,0.02,1.4
3519,Mathlib.MeasureTheory.Order.UpperLower,2.99,2.95,0.04,1.4
3520,Mathlib.RingTheory.UniqueFactorizationDomain.Defs,1.53,1.51,0.02,1.4
3521,Mathlib.Algebra.SkewMonoidAlgebra.Basic,6.57,6.48,0.09,1.4
3522,Mathlib.Topology.Algebra.Order.Support,1.39,1.37,0.02,1.4
3523,Mathlib.MeasureTheory.Integral.CircleTransform,3.51,3.46,0.05,1.4
3524,Mathlib.CategoryTheory.Limits.Shapes.BinaryBiproducts,6.73,6.64,0.09,1.4
3525,Mathlib.Algebra.Homology.Monoidal,3.81,3.76,0.05,1.4
3526,Mathlib.Analysis.Complex.Angle,2.64,2.60,0.04,1.4
3527,Mathlib.Algebra.Ring.Submonoid.Pointwise,1.91,1.88,0.03,1.4
3528,Mathlib.Data.Fintype.Prod,1.39,1.38,0.02,1.4
3529,Mathlib.Analysis.SpecialFunctions.Complex.LogBounds,4.92,4.86,0.07,1.4
3530,Mathlib.Algebra.Order.Field.Defs,1.10,1.09,0.02,1.4
3531,Mathlib.RingTheory.WittVector.MulCoeff,3.60,3.55,0.05,1.4
3532,Mathlib.Data.Fin.Tuple.Basic,3.90,3.85,0.05,1.4
3533,Mathlib.Topology.DerivedSet,1.40,1.38,0.02,1.4
3534,Mathlib.Algebra.Order.Monoid.Canonical.Defs,1.70,1.67,0.02,1.4
3535,Mathlib.MeasureTheory.Function.ConditionalExpectation.Indicator,2.65,2.62,0.04,1.4
3536,Mathlib.GroupTheory.SchurZassenhaus,2.14,2.11,0.03,1.4
3537,Mathlib.Algebra.Category.Grp.EnoughInjectives,1.92,1.89,0.03,1.4
3538,Mathlib.Logic.Relation,1.63,1.60,0.02,1.4
3539,Mathlib.Analysis.Matrix.Hermitian,2.66,2.63,0.04,1.4
3540,Mathlib.Algebra.Group.Action.End,1.41,1.39,0.02,1.4
3541,Mathlib.Data.Finsupp.AList,1.48,1.46,0.02,1.4
3542,Mathlib.CategoryTheory.Localization.HomEquiv,1.71,1.68,0.02,1.4
3543,Mathlib.NumberTheory.NumberField.InfinitePlace.TotallyRealComplex,3.79,3.73,0.05,1.4
3544,Mathlib.LinearAlgebra.AffineSpace.Basis,3.36,3.32,0.05,1.4
3545,Mathlib.CategoryTheory.Limits.Preserves.FunctorCategory,2.24,2.21,0.03,1.4
3546,Mathlib.GroupTheory.PresentedGroup,1.50,1.48,0.02,1.4
3547,Mathlib.Geometry.Manifold.VectorBundle.Hom,15.02,14.82,0.20,1.3
3548,Mathlib.Tactic.Convert,1.43,1.41,0.02,1.3
3549,Mathlib.AlgebraicTopology.SimplexCategory.MorphismProperty,1.81,1.79,0.02,1.3
3550,Mathlib.Algebra.DirectSum.Idempotents,1.81,1.79,0.02,1.3
3551,Mathlib.CategoryTheory.Join.Basic,5.14,5.07,0.07,1.3
3552,Mathlib.Analysis.Complex.ReImTopology,2.12,2.09,0.03,1.3
3553,Mathlib.CategoryTheory.Monoidal.Closed.FunctorCategory.Groupoid,2.51,2.48,0.03,1.3
3554,Mathlib.Algebra.Category.MonCat.Colimits,1.60,1.58,0.02,1.3
3555,Mathlib.RingTheory.Ideal.AssociatedPrime,1.60,1.58,0.02,1.3
3556,Mathlib.RingTheory.Ideal.Quotient.Index,2.52,2.49,0.03,1.3
3557,Mathlib.Algebra.Homology.HomologicalComplex,4.43,4.37,0.06,1.3
3558,Mathlib.RingTheory.Valuation.Basic,5.28,5.21,0.07,1.3
3559,Mathlib.Algebra.Category.Ring.LinearAlgebra,1.92,1.89,0.02,1.3
3560,Mathlib.Topology.Algebra.Group.Quotient,1.92,1.89,0.02,1.3
3561,Mathlib.Data.Finite.Sigma,1.31,1.29,0.02,1.3
3562,Mathlib.Topology.UniformSpace.Ascoli,1.69,1.67,0.02,1.3
3563,Mathlib.Data.List.Perm.Basic,1.62,1.60,0.02,1.3
3564,Mathlib.Algebra.Field.GeomSum,1.62,1.60,0.02,1.3
3565,Mathlib.MeasureTheory.Group.AEStabilizer,2.23,2.21,0.03,1.3
3566,Mathlib.MeasureTheory.MeasurableSpace.NCard,1.39,1.37,0.02,1.3
3567,Mathlib.MeasureTheory.Measure.Lebesgue.Integral,2.63,2.59,0.03,1.3
3568,Mathlib.Probability.Martingale.Upcrossing,3.88,3.83,0.05,1.3
3569,Mathlib.Algebra.GroupWithZero.Action.Units,1.32,1.30,0.02,1.3
3570,Mathlib.CategoryTheory.Monoidal.Skeleton,1.40,1.38,0.02,1.3
3571,Mathlib.Dynamics.Newton,2.02,2.00,0.03,1.3
3572,Mathlib.FieldTheory.PrimeField,1.72,1.70,0.02,1.3
3573,Mathlib.Algebra.BigOperators.Finsupp.Fin,1.41,1.39,0.02,1.3
3574,Mathlib.Topology.Algebra.Field,2.43,2.40,0.03,1.3
3575,Mathlib.Analysis.Convex.Contractible,1.80,1.78,0.02,1.3
3576,Mathlib.Topology.Connected.LocallyConnected,1.41,1.40,0.02,1.3
3577,Mathlib.CategoryTheory.Functor.FullyFaithful,1.81,1.79,0.02,1.3
3578,Mathlib.LinearAlgebra.Matrix.AbsoluteValue,1.82,1.79,0.02,1.3
3579,Mathlib.Topology.Compactness.SigmaCompact,1.82,1.79,0.02,1.3
3580,Mathlib.CategoryTheory.Bicategory.Kan.IsKan,1.58,1.56,0.02,1.3
3581,Mathlib.Combinatorics.Schnirelmann,1.90,1.88,0.02,1.3
3582,Mathlib.Topology.ExtremallyDisconnected,1.51,1.49,0.02,1.3
3583,Mathlib.Util.FormatTable,0.79,0.78,0.01,1.3
3584,Mathlib.MeasureTheory.Measure.AEMeasurable,2.55,2.51,0.03,1.3
3585,Mathlib.Order.Antichain,1.59,1.57,0.02,1.3
3586,Mathlib.CategoryTheory.Discrete.SumsProducts,1.91,1.89,0.02,1.3
3587,Mathlib.Computability.Ackermann,2.47,2.44,0.03,1.3
3588,Mathlib.Topology.Hom.Open,1.51,1.50,0.02,1.3
3589,Mathlib.RingTheory.IntegralClosure.IntegralRestrict,18.77,18.53,0.23,1.3
3590,Mathlib.Order.Synonym,1.20,1.18,0.01,1.3
3591,Mathlib.Analysis.NormedSpace.DualNumber,1.92,1.90,0.02,1.3
3592,Mathlib.NumberTheory.Zsqrtd.Basic,3.85,3.80,0.05,1.3
3593,Mathlib.CategoryTheory.Sites.Coherent.Basic,1.60,1.58,0.02,1.3
3594,Mathlib.Algebra.Category.ModuleCat.Colimits,2.34,2.31,0.03,1.3
3595,Mathlib.Algebra.Order.Monoid.Unbundled.OrderDual,1.21,1.20,0.02,1.3
3596,Mathlib.Topology.Algebra.IsUniformGroup.Constructions,1.86,1.84,0.02,1.2
3597,Mathlib.AlgebraicTopology.Quasicategory.Basic,1.62,1.60,0.02,1.2
3598,Mathlib.Algebra.Group.Pointwise.Set.Card,2.11,2.08,0.03,1.2
3599,Mathlib.Analysis.Matrix.HermitianFunctionalCalculus,4.63,4.57,0.06,1.2
3600,Mathlib.Combinatorics.Quiver.Symmetric,1.30,1.28,0.02,1.2
3601,Mathlib.Tactic.CategoryTheory.CheckCompositions,1.30,1.28,0.02,1.2
3602,Mathlib.RepresentationTheory.Homological.GroupCohomology.Hilbert90,2.69,2.65,0.03,1.2
3603,Mathlib.Algebra.Ring.Rat,1.30,1.29,0.02,1.2
3604,Mathlib.Tactic.FunProp.Types,1.22,1.21,0.02,1.2
3605,Mathlib.Data.List.Dedup,1.31,1.29,0.02,1.2
3606,Mathlib.Algebra.Order.WithTop.Untop0,1.39,1.37,0.02,1.2
3607,Mathlib.Dynamics.Transitive,1.72,1.70,0.02,1.2
3608,Mathlib.Data.Nat.Choose.Multinomial,2.13,2.10,0.03,1.2
3609,Mathlib.RepresentationTheory.Maschke,2.95,2.91,0.04,1.2
3610,Mathlib.Algebra.Category.ModuleCat.Projective,1.89,1.87,0.02,1.2
3611,Mathlib.AlgebraicTopology.FundamentalGroupoid.PUnit,1.81,1.79,0.02,1.2
3612,Mathlib.Combinatorics.Additive.AP.Three.Behrend,4.12,4.07,0.05,1.2
3613,Mathlib.RingTheory.TensorProduct.IsBaseChangePi,2.23,2.20,0.03,1.2
3614,Mathlib.Analysis.Convex.Independent,1.82,1.80,0.02,1.2
3615,Mathlib.RingTheory.RingHom.Finite,3.40,3.35,0.04,1.2
3616,Mathlib.LinearAlgebra.Projectivization.Action,1.91,1.88,0.02,1.2
3617,Mathlib.Data.Finsupp.Indicator,1.41,1.40,0.02,1.2
3618,Mathlib.CategoryTheory.Sites.Coherent.ReflectsPreregular,1.50,1.48,0.02,1.2
3619,Mathlib.Algebra.Homology.ShortComplex.Preadditive,7.19,7.10,0.09,1.2
3620,Mathlib.Analysis.Complex.HalfPlane,1.92,1.90,0.02,1.2
3621,Mathlib.Algebra.Module.Opposite,1.09,1.08,0.01,1.2
3622,Mathlib.RingTheory.UniqueFactorizationDomain.NormalizedFactors,2.01,1.99,0.02,1.2
3623,Mathlib.Order.Hom.Basic,3.44,3.40,0.04,1.2
3624,Mathlib.Probability.Independence.BoundedContinuousFunction,6.64,6.56,0.08,1.2
3625,Mathlib.Algebra.BigOperators.Field,1.51,1.50,0.02,1.2
3626,Mathlib.RingTheory.PowerSeries.GaussNorm,1.69,1.67,0.02,1.2
3627,Mathlib.Analysis.Normed.Operator.LinearIsometry,18.54,18.32,0.22,1.2
3628,Mathlib.CategoryTheory.Monoidal.Braided.Reflection,2.02,2.00,0.02,1.2
3629,Mathlib.LinearAlgebra.Matrix.Dual,2.03,2.01,0.02,1.2
3630,Mathlib.Algebra.ContinuedFractions.Computation.Basic,1.27,1.25,0.01,1.2
3631,Mathlib.Algebra.Ring.Subsemiring.Order,1.19,1.17,0.01,1.2
3632,Mathlib.Algebra.QuadraticAlgebra,1.61,1.59,0.02,1.2
3633,Mathlib.Tactic.ToFun,1.02,1.00,0.01,1.2
3634,Mathlib.CategoryTheory.Monoidal.Rigid.Basic,3.65,3.60,0.04,1.2
3635,Mathlib.RingTheory.Idempotents,3.67,3.62,0.04,1.2
3636,Mathlib.Tactic.IrreducibleDef,1.63,1.61,0.02,1.2
3637,Mathlib.Tactic.Widget.GCongr,1.11,1.10,0.01,1.2
3638,Mathlib.Algebra.Group.Nat.Units,1.03,1.02,0.01,1.2
3639,Mathlib.Algebra.Order.Monoid.Unbundled.TypeTags,1.29,1.27,0.01,1.2
3640,Mathlib.Analysis.Calculus.Deriv.Prod,4.55,4.50,0.05,1.2
3641,Mathlib.Data.List.DropRight,1.29,1.27,0.01,1.2
3642,Mathlib.Tactic.Hint,3.36,3.32,0.04,1.2
3643,Mathlib.Algebra.MonoidAlgebra.Defs,4.75,4.70,0.05,1.2
3644,Mathlib.Control.ULift,0.78,0.77,0.01,1.2
3645,Mathlib.Analysis.SpecialFunctions.Stirling,3.21,3.17,0.04,1.2
3646,Mathlib.Data.Vector.Snoc,1.30,1.28,0.02,1.2
3647,Mathlib.Algebra.Order.Monoid.Unbundled.ExistsOfLE,1.30,1.29,0.02,1.2
3648,Mathlib.Analysis.CStarAlgebra.Spectrum,4.60,4.55,0.05,1.2
3649,Mathlib.Algebra.Group.TypeTags.Finite,1.30,1.29,0.01,1.2
3650,Mathlib.FieldTheory.Galois.Basic,7.92,7.83,0.09,1.2
3651,Mathlib.Algebra.BigOperators.Intervals,2.00,1.98,0.02,1.2
3652,Mathlib.Logic.Equiv.Fin.Rotate,1.31,1.29,0.02,1.2
3653,Mathlib.Data.List.Sigma,2.53,2.50,0.03,1.2
3654,Mathlib.Tactic.FieldSimp.Discharger,1.49,1.47,0.02,1.2
3655,Mathlib.Algebra.BigOperators.Group.List.Lemmas,1.49,1.48,0.02,1.2
3656,Mathlib.Geometry.Manifold.ContMDiffMFDeriv,5.71,5.64,0.07,1.2
3657,Mathlib.Analysis.InnerProductSpace.Projection,2.02,2.00,0.02,1.2
3658,Mathlib.Logic.Function.CompTypeclasses,0.79,0.79,0.01,1.1
3659,Mathlib.Algebra.ContinuedFractions.Determinant,1.50,1.49,0.02,1.1
3660,Mathlib.Data.Set.Subsingleton,1.42,1.40,0.02,1.1
3661,Mathlib.Order.Filter.EventuallyConst,1.51,1.50,0.02,1.1
3662,Mathlib.Algebra.Category.ModuleCat.Injective,1.60,1.59,0.02,1.1
3663,Mathlib.NumberTheory.DirichletCharacter.Orthogonality,2.24,2.21,0.03,1.1
3664,Mathlib.Data.Ordmap.Invariants,3.05,3.01,0.03,1.1
3665,Mathlib.CategoryTheory.Linear.LinearFunctor,1.80,1.78,0.02,1.1
3666,Mathlib.Combinatorics.SimpleGraph.Regularity.Increment,3.52,3.48,0.04,1.1
3667,Mathlib.GroupTheory.Subsemigroup.Center,1.18,1.16,0.01,1.1
3668,Mathlib.Algebra.Polynomial.Degree.IsMonicOfDegree,1.90,1.88,0.02,1.1
3669,Mathlib.Tactic.Have,1.00,0.98,0.01,1.1
3670,Mathlib.Algebra.Lie.TensorProduct,4.81,4.75,0.05,1.1
3671,Mathlib.Geometry.Manifold.VectorBundle.Basic,6.63,6.56,0.07,1.1
3672,Mathlib.NumberTheory.NumberField.CanonicalEmbedding.Basic,12.00,11.87,0.13,1.1
3673,Mathlib.NumberTheory.FLT.Polynomial,2.83,2.79,0.03,1.1
3674,Mathlib.Data.Matrix.Composition,2.01,1.99,0.02,1.1
3675,Mathlib.Analysis.LConvolution,2.74,2.71,0.03,1.1
3676,Mathlib.LinearAlgebra.FreeModule.Finite.Quotient,2.65,2.62,0.03,1.1
3677,Mathlib.MeasureTheory.SpecificCodomains.Pi,2.75,2.72,0.03,1.1
3678,Mathlib.Order.Booleanisation,2.11,2.09,0.02,1.1
3679,Mathlib.Tactic.DeriveFintype,1.84,1.82,0.02,1.1
3680,Mathlib.Condensed.Discrete.Module,7.00,6.93,0.08,1.1
3681,Mathlib.Topology.MetricSpace.Basic,2.03,2.01,0.02,1.1
3682,Mathlib.Tactic.ContinuousFunctionalCalculus,1.11,1.10,0.01,1.1
3683,Mathlib.Algebra.NoZeroSMulDivisors.Basic,1.39,1.37,0.01,1.1
3684,Mathlib.Data.EReal.Inv,2.41,2.38,0.03,1.1
3685,Mathlib.RingTheory.PowerSeries.WeierstrassPreparation,5.28,5.22,0.06,1.1
3686,Mathlib.LinearAlgebra.AnnihilatingPolynomial,2.13,2.11,0.02,1.1
3687,Mathlib.Analysis.CStarAlgebra.ContinuousMap,5.48,5.42,0.06,1.1
3688,Mathlib.CategoryTheory.Limits.Types.Coequalizers,1.39,1.38,0.01,1.1
3689,Mathlib.Logic.Equiv.Fintype,1.40,1.38,0.02,1.1
3690,Mathlib.CategoryTheory.Preadditive.Yoneda.Projective,1.58,1.57,0.02,1.1
3691,Mathlib.Analysis.CStarAlgebra.ContinuousFunctionalCalculus.Continuity,10.92,10.81,0.12,1.1
3692,Mathlib.CategoryTheory.Localization.Opposite,1.40,1.39,0.02,1.1
3693,Mathlib.Tactic.CategoryTheory.Slice,1.31,1.30,0.01,1.1
3694,Mathlib.RingTheory.PowerSeries.Inverse,2.62,2.59,0.03,1.1
3695,Mathlib.RingTheory.LocalProperties.Semilocal,2.53,2.50,0.03,1.1
3696,Mathlib.Topology.Instances.PNat,1.59,1.58,0.02,1.1
3697,Mathlib.CategoryTheory.EffectiveEpi.Extensive,1.59,1.58,0.02,1.1
3698,Mathlib.Topology.ContinuousMap.Polynomial,2.54,2.51,0.03,1.1
3699,Mathlib.Algebra.Group.Action.Units,1.41,1.40,0.01,1.1
3700,Mathlib.Order.Filter.CountableSeparatingOn,1.41,1.40,0.01,1.1
3701,Mathlib.RingTheory.PowerSeries.CoeffMulMem,1.70,1.68,0.02,1.1
3702,Mathlib.Order.Concept,1.61,1.59,0.02,1.1
3703,Mathlib.Algebra.Polynomial.UnitTrinomial,2.09,2.07,0.02,1.1
3704,Mathlib.Topology.Sheaves.Sheaf,1.71,1.70,0.02,1.1
3705,Mathlib.Data.PFunctor.Multivariate.M,1.81,1.79,0.02,1.1
3706,Mathlib.Analysis.LocallyConvex.SeparatingDual,3.91,3.87,0.04,1.1
3707,Mathlib.MeasureTheory.Measure.AbsolutelyContinuous,2.10,2.08,0.02,1.1
3708,Mathlib.Algebra.Field.Periodic,1.92,1.90,0.02,1.1
3709,Mathlib.Tactic.CategoryTheory.Elementwise,1.73,1.71,0.02,1.1
3710,Mathlib.Analysis.Calculus.TangentCone.Prod,2.23,2.21,0.02,1.0
3711,Mathlib.Algebra.Lie.Weights.IsSimple,10.41,10.31,0.11,1.0
3712,Mathlib.Algebra.Module.ZMod,2.14,2.12,0.02,1.0
3713,Mathlib.MeasureTheory.Function.FactorsThrough,2.44,2.41,0.02,1.0
3714,Mathlib.Algebra.Category.ModuleCat.Basic,5.47,5.41,0.06,1.0
3715,Mathlib.CategoryTheory.Limits.Shapes.Reflexive,4.12,4.08,0.04,1.0
3716,Mathlib.Data.Countable.Small,1.08,1.07,0.01,1.0
3717,Mathlib.Logic.Function.Defs,0.89,0.88,0.01,1.0
3718,Mathlib.Data.Int.Range,1.09,1.08,0.01,1.0
3719,Mathlib.Algebra.Algebra.Subalgebra.Rank,4.76,4.71,0.05,1.0
3720,Mathlib.RingTheory.TwoSidedIdeal.Instances,1.19,1.18,0.01,1.0
3721,Mathlib.GroupTheory.GroupAction.Transitive,1.39,1.38,0.01,1.0
3722,Mathlib.Logic.Function.FromTypes,1.20,1.18,0.01,1.0
3723,Mathlib.Algebra.Order.Archimedean.Submonoid,1.30,1.28,0.01,1.0
3724,Mathlib.Algebra.Order.Group.InjSurj,1.10,1.09,0.01,1.0
3725,Mathlib.Data.List.Pi,1.30,1.28,0.01,1.0
3726,Mathlib.CategoryTheory.PUnit,1.50,1.48,0.02,1.0
3727,Mathlib.Util.SynthesizeUsing,1.00,0.99,0.01,1.0
3728,Mathlib.Logic.Nontrivial.Basic,1.10,1.09,0.01,1.0
3729,Mathlib.Logic.Embedding.Basic,1.60,1.58,0.02,1.0
3730,Mathlib.Data.Seq.Defs,1.70,1.68,0.02,1.0
3731,Mathlib.Algebra.GroupWithZero.Action.Pi,1.40,1.39,0.01,1.0
3732,Mathlib.Topology.Algebra.Monoid.AddChar,1.40,1.39,0.01,1.0
3733,Mathlib.RingTheory.SimpleRing.Defs,1.30,1.29,0.01,1.0
3734,Mathlib.CategoryTheory.Comma.Over.OverClass,1.71,1.69,0.02,1.0
3735,Mathlib.CategoryTheory.Functor.Derived.LeftDerived,2.21,2.19,0.02,1.0
3736,Mathlib.Data.Set.Finite.Powerset,1.31,1.30,0.01,1.0
3737,Mathlib.CategoryTheory.Presentable.Type,1.71,1.70,0.02,1.0
3738,Mathlib.Algebra.Regular.SMul,1.42,1.40,0.01,1.0
3739,Mathlib.Tactic.Widget.CongrM,1.11,1.10,0.01,1.0
3740,Mathlib.MeasureTheory.Integral.Layercake,3.65,3.62,0.04,1.0
3741,Mathlib.Algebra.MvPolynomial.SchwartzZippel,4.37,4.33,0.04,1.0
3742,Mathlib.Tactic.Widget.SelectPanelUtils,1.32,1.31,0.01,1.0
3743,Mathlib.Topology.Algebra.Equicontinuity,1.73,1.71,0.02,1.0
3744,Mathlib.Dynamics.Ergodic.RadonNikodym,2.44,2.42,0.02,1.0
3745,Mathlib.Order.Filter.AtTopBot.ModEq,1.32,1.31,0.01,1.0
3746,Mathlib.Tactic.CongrExclamation,2.36,2.34,0.02,1.0
3747,Mathlib.Probability.Kernel.Disintegration.Density,3.70,3.67,0.04,1.0
3748,Mathlib.Topology.Algebra.Star.Unitary,1.96,1.94,0.02,1.0
3749,Mathlib.Combinatorics.SimpleGraph.Extremal.Basic,4.12,4.08,0.04,1.0
3750,Mathlib.Algebra.Homology.ShortComplex.Exact,3.65,3.61,0.04,1.0
3751,Mathlib.CategoryTheory.Sites.GlobalSections,2.09,2.07,0.02,1.0
3752,Mathlib.Probability.Distributions.Gaussian.Fernique,5.01,4.97,0.05,1.0
3753,Mathlib.Combinatorics.SimpleGraph.Init,7.95,7.87,0.08,1.0
3754,Mathlib.LinearAlgebra.CliffordAlgebra.EvenEquiv,5.75,5.70,0.05,1.0
3755,Mathlib.Topology.Inseparable,2.41,2.38,0.02,1.0
3756,Mathlib.CategoryTheory.Sites.Hypercover.Zero,4.08,4.04,0.04,1.0
3757,Mathlib.RingTheory.HahnSeries.HEval,3.57,3.53,0.03,1.0
3758,Mathlib.Topology.ContinuousMap.Bounded.Basic,5.35,5.30,0.05,1.0
3759,Mathlib.Data.ZMod.QuotientRing,1.89,1.87,0.02,1.0
3760,Mathlib.RingTheory.Extension.Presentation.Basic,5.06,5.01,0.05,1.0
3761,Mathlib.GroupTheory.FreeAbelianGroup,3.38,3.34,0.03,1.0
3762,Mathlib.Tactic.Ring.Compare,2.00,1.99,0.02,1.0
3763,Mathlib.Algebra.Module.Submodule.IterateMapComap,1.48,1.47,0.01,1.0
3764,Mathlib.Data.ENat.Lattice,1.91,1.89,0.02,1.0
3765,Mathlib.Algebra.GroupWithZero.Submonoid.Pointwise,1.70,1.68,0.02,1.0
3766,Mathlib.Probability.ProbabilityMassFunction.Basic,2.12,2.10,0.02,1.0
3767,Mathlib.RingTheory.DedekindDomain.Different,20.20,20.01,0.19,0.9
3768,Mathlib.MeasureTheory.Integral.Marginal,2.66,2.63,0.02,0.9
3769,Mathlib.Topology.Compactification.StoneCech,1.59,1.58,0.01,0.9
3770,Mathlib.Algebra.Azumaya.Defs,2.34,2.32,0.02,0.9
3771,Mathlib.Analysis.Normed.Group.Int,1.71,1.69,0.02,0.9
3772,Mathlib.RingTheory.KrullDimension.Basic,1.81,1.80,0.02,0.9
3773,Mathlib.GroupTheory.Subgroup.Simple,1.50,1.48,0.01,0.9
3774,Mathlib.Data.Nat.Choose.Basic,1.72,1.70,0.02,0.9
3775,Mathlib.RingTheory.LocalRing.LocalSubring,3.55,3.51,0.03,0.9
3776,Mathlib.Analysis.RCLike.Inner,3.44,3.41,0.03,0.9
3777,Mathlib.Algebra.Ring.Divisibility.Lemmas,1.61,1.60,0.01,0.9
3778,Mathlib.NumberTheory.ZetaValues,3.77,3.73,0.04,0.9
3779,Mathlib.Algebra.Group.Action.TransferInstance,1.51,1.50,0.01,0.9
3780,Mathlib.SetTheory.Cardinal.CountableCover,1.51,1.50,0.01,0.9
3781,Mathlib.Logic.Hydra,1.51,1.50,0.01,0.9
3782,Mathlib.Algebra.Order.AddGroupWithTop,1.51,1.50,0.01,0.9
3783,Mathlib.CategoryTheory.Limits.Preserves.Shapes.Images,1.51,1.50,0.01,0.9
3784,Mathlib.RingTheory.DiscreteValuationRing.Basic,2.60,2.58,0.02,0.9
3785,Mathlib.Algebra.GCDMonoid.PUnit,1.19,1.18,0.01,0.9
3786,Mathlib.LinearAlgebra.Matrix.Charpoly.LinearMap,3.04,3.01,0.03,0.9
3787,Mathlib.RingTheory.Etale.StandardEtale,10.09,9.99,0.09,0.9
3788,Mathlib.Algebra.Order.Group.Prod,1.09,1.08,0.01,0.9
3789,Mathlib.CategoryTheory.ConcreteCategory.UnbundledHom,1.31,1.29,0.01,0.9
3790,Mathlib.Analysis.CStarAlgebra.Module.Defs,5.22,5.18,0.05,0.9
3791,Mathlib.Analysis.Convex.Strict,2.95,2.92,0.03,0.9
3792,Mathlib.Algebra.Order.GroupWithZero.Unbundled,1.09,1.08,0.01,0.9
3793,Mathlib.Algebra.Group.Finsupp,2.76,2.74,0.02,0.9
3794,Mathlib.RingTheory.Coprime.Lemmas,1.99,1.98,0.02,0.9
3795,Mathlib.Order.Filter.ENNReal,2.22,2.20,0.02,0.9
3796,Mathlib.Algebra.Homology.HasNoLoop,1.11,1.10,0.01,0.9
3797,Mathlib.RingTheory.IntegralClosure.Algebra.Basic,3.55,3.52,0.03,0.9
3798,Mathlib.AlgebraicGeometry.Sites.Small,3.67,3.63,0.03,0.9
3799,Mathlib.Tactic.FieldSimp.Attr,0.78,0.77,0.01,0.9
3800,Mathlib.Algebra.Group.Commute.Hom,1.11,1.10,0.01,0.9
3801,Mathlib.CategoryTheory.Sites.EpiMono,1.90,1.88,0.02,0.9
3802,Mathlib.Tactic.FunProp.Attr,1.00,1.00,0.01,0.9
3803,Mathlib.Control.Traversable.Lemmas,1.12,1.11,0.01,0.9
3804,Mathlib.Analysis.Asymptotics.Defs,6.50,6.44,0.06,0.9
3805,Mathlib.LinearAlgebra.AffineSpace.Slope,2.13,2.11,0.02,0.9
3806,Mathlib.Data.Finsupp.Multiset,1.91,1.89,0.02,0.9
3807,Mathlib.Probability.Process.Stopping,6.52,6.46,0.06,0.9
3808,Mathlib.RingTheory.Polynomial.IrreducibleRing,1.80,1.79,0.02,0.9
3809,Mathlib.Analysis.Calculus.LineDeriv.IntegrationByParts,4.29,4.25,0.04,0.9
3810,Mathlib.LinearAlgebra.SymmetricAlgebra.Basis,2.27,2.25,0.02,0.9
3811,Mathlib.SetTheory.ZFC.Rank,1.59,1.57,0.01,0.9
3812,Mathlib.Computability.Halting,1.81,1.80,0.02,0.9
3813,Mathlib.Topology.Sheaves.SheafCondition.Sites,1.93,1.91,0.02,0.9
3814,Mathlib.CategoryTheory.MorphismProperty.Local,1.59,1.57,0.01,0.9
3815,Mathlib.CategoryTheory.MorphismProperty.Descent,1.59,1.57,0.01,0.9
3816,Mathlib.Topology.Category.TopCat.Yoneda,1.82,1.81,0.02,0.9
3817,Mathlib.Probability.ProbabilityMassFunction.Constructions,2.62,2.60,0.02,0.9
3818,Mathlib.Algebra.Homology.Single,2.52,2.49,0.02,0.9
3819,Mathlib.Topology.UniformSpace.Separation,1.72,1.70,0.01,0.9
3820,Mathlib.Topology.Bornology.Constructions,1.49,1.48,0.01,0.9
3821,Mathlib.MeasureTheory.Function.Jacobian,5.05,5.00,0.04,0.9
3822,Mathlib.Combinatorics.SimpleGraph.Ends.Properties,1.49,1.48,0.01,0.9
3823,Mathlib.SetTheory.Cardinal.Continuum,1.50,1.48,0.01,0.9
3824,Mathlib.Algebra.Group.Irreducible.Lemmas,1.27,1.26,0.01,0.9
3825,Mathlib.Algebra.Polynomial.Eval.Degree,2.09,2.08,0.02,0.9
3826,Mathlib.Analysis.Convex.Birkhoff,4.08,4.04,0.04,0.9
3827,Mathlib.Topology.Exterior,1.28,1.27,0.01,0.9
3828,Mathlib.Data.QPF.Multivariate.Constructions.Const,1.28,1.27,0.01,0.9
3829,Mathlib.Order.Bounded,1.41,1.40,0.01,0.9
3830,Mathlib.Topology.Algebra.Nonarchimedean.Bases,2.36,2.34,0.02,0.9
3831,Mathlib.MeasureTheory.Function.Intersectivity,3.07,3.05,0.03,0.9
3832,Mathlib.Topology.Algebra.Nonarchimedean.Basic,1.90,1.88,0.02,0.9
3833,Mathlib.Algebra.Order.Monoid.Unbundled.Basic,3.44,3.41,0.03,0.9
3834,Mathlib.LinearAlgebra.FreeModule.Basic,1.90,1.88,0.02,0.9
3835,Mathlib.LinearAlgebra.Matrix.GeneralLinearGroup.Card,2.73,2.71,0.02,0.8
3836,Mathlib.RingTheory.Valuation.Integral,2.14,2.12,0.02,0.8
3837,Mathlib.Data.Rat.Cast.OfScientific,1.43,1.41,0.01,0.8
3838,Mathlib.Algebra.Group.End,2.62,2.59,0.02,0.8
3839,Mathlib.Analysis.CStarAlgebra.CStarMatrix,10.34,10.26,0.09,0.8
3840,Mathlib.Algebra.Order.Sub.WithTop,1.19,1.18,0.01,0.8
3841,Mathlib.Algebra.AddConstMap.Basic,3.46,3.43,0.03,0.8
3842,Mathlib.CategoryTheory.Limits.Shapes.ConcreteCategory,2.03,2.01,0.02,0.8
3843,Mathlib.Analysis.InnerProductSpace.Projection.Submodule,3.48,3.45,0.03,0.8
3844,Mathlib.Analysis.Calculus.Deriv.Inverse,2.52,2.50,0.02,0.8
3845,Mathlib.Analysis.Distribution.TemperateGrowth,5.53,5.48,0.05,0.8
3846,Mathlib.Tactic.Order.Graph.Tarjan,1.20,1.19,0.01,0.8
3847,Mathlib.Computability.TuringDegree,1.69,1.67,0.01,0.8
3848,Mathlib.LinearAlgebra.Dimension.Free,2.66,2.64,0.02,0.8
3849,Mathlib.NumberTheory.MulChar.Basic,2.92,2.90,0.02,0.8
3850,Mathlib.Data.Matrix.DMatrix,1.22,1.21,0.01,0.8
3851,Mathlib.Combinatorics.SimpleGraph.Girth,1.71,1.69,0.01,0.8
3852,Mathlib.LinearAlgebra.Span.Defs,3.54,3.52,0.03,0.8
3853,Mathlib.Topology.Algebra.Valued.WithVal,2.81,2.79,0.02,0.8
3854,Mathlib.AlgebraicGeometry.Morphisms.LocalIso,2.33,2.31,0.02,0.8
3855,Mathlib.RingTheory.SimpleRing.Matrix,1.60,1.58,0.01,0.8
3856,Mathlib.RingTheory.Localization.Submodule,2.21,2.19,0.02,0.8
3857,Mathlib.MeasureTheory.Measure.SeparableMeasure,4.68,4.64,0.04,0.8
3858,Mathlib.MeasureTheory.Constructions.BorelSpace.Metric,2.10,2.08,0.02,0.8
3859,Mathlib.FieldTheory.RatFunc.AsPolynomial,2.84,2.82,0.02,0.8
3860,Mathlib.CategoryTheory.Monoidal.Closed.Ideal,2.23,2.21,0.02,0.8
3861,Mathlib.Topology.MetricSpace.Bilipschitz,1.61,1.60,0.01,0.8
3862,Mathlib.Algebra.Order.Nonneg.Basic,1.99,1.97,0.02,0.8
3863,Mathlib.Algebra.Homology.Embedding.Extend,2.86,2.83,0.02,0.8
3864,Mathlib.LinearAlgebra.Multilinear.Curry,3.23,3.21,0.03,0.8
3865,Mathlib.Algebra.Homology.DerivedCategory.Ext.EnoughInjectives,2.24,2.22,0.02,0.8
3866,Mathlib.Topology.Algebra.IsUniformGroup.Order,1.62,1.61,0.01,0.8
3867,Mathlib.RingTheory.RootsOfUnity.Basic,2.62,2.60,0.02,0.8
3868,Mathlib.Analysis.Calculus.FDeriv.Add,12.14,12.05,0.10,0.8
3869,Mathlib.Algebra.Order.Ring.Synonym,1.13,1.12,0.01,0.8
3870,Mathlib.Data.Rat.Cast.Lemmas,1.51,1.50,0.01,0.8
3871,Mathlib.Analysis.InnerProductSpace.Dual,6.05,6.00,0.05,0.8
3872,Mathlib.RingTheory.FractionalIdeal.Operations,5.68,5.63,0.04,0.8
3873,Mathlib.CategoryTheory.Monoidal.CommComon_,1.39,1.38,0.01,0.8
3874,Mathlib.Data.Nat.Cast.NeZero,1.01,1.00,0.01,0.8
3875,Mathlib.Data.Finset.Piecewise,1.39,1.38,0.01,0.8
3876,Mathlib.MeasureTheory.Constructions.BorelSpace.Metrizable,2.03,2.01,0.02,0.8
3877,Mathlib.MeasureTheory.Measure.IntegralCharFun,3.58,3.56,0.03,0.8
3878,Mathlib.Algebra.Homology.Embedding.StupidTrunc,1.79,1.78,0.01,0.8
3879,Mathlib.RingTheory.Localization.LocalizationLocalization,2.83,2.81,0.02,0.8
3880,Mathlib.RepresentationTheory.Submodule,3.34,3.32,0.03,0.8
3881,Mathlib.Algebra.SkewPolynomial.Basic,1.80,1.79,0.01,0.8
3882,Mathlib.GroupTheory.SpecificGroups.Quaternion,2.32,2.30,0.02,0.8
3883,Mathlib.Combinatorics.SimpleGraph.Path,1.29,1.28,0.01,0.8
3884,Mathlib.CategoryTheory.Closed.Cartesian,1.42,1.41,0.01,0.8
3885,Mathlib.Analysis.Convex.StdSimplex,3.49,3.46,0.03,0.8
3886,Mathlib.RingTheory.Localization.Ideal,2.72,2.70,0.02,0.8
3887,Mathlib.RingTheory.DedekindDomain.FiniteAdeleRing,2.85,2.83,0.02,0.8
3888,Mathlib.Logic.OpClass,0.78,0.77,0.01,0.8
3889,Mathlib.Topology.Category.TopCat.Basic,1.81,1.80,0.01,0.8
3890,Mathlib.CategoryTheory.Limits.Preserves.Opposites,1.82,1.80,0.01,0.8
3891,Mathlib.Topology.DenseEmbedding,1.82,1.80,0.01,0.8
3892,Mathlib.Algebra.Homology.HomotopyCategory.Pretriangulated,12.99,12.89,0.10,0.8
3893,Mathlib.Data.Bool.Count,1.69,1.68,0.01,0.8
3894,Mathlib.MeasureTheory.Measure.OpenPos,2.21,2.19,0.02,0.8
3895,Mathlib.AlgebraicTopology.SimplicialSet.CompStructTruncated,2.60,2.58,0.02,0.8
3896,Mathlib.Data.Fintype.Shrink,1.30,1.29,0.01,0.8
3897,Mathlib.Order.Filter.AtTopBot.Group,1.71,1.69,0.01,0.8
3898,Mathlib.Topology.MetricSpace.Isometry,3.02,3.00,0.02,0.8
3899,Mathlib.Algebra.Field.Power,1.18,1.17,0.01,0.8
3900,Mathlib.Data.List.Rotate,1.71,1.70,0.01,0.8
3901,Mathlib.LinearAlgebra.Finsupp.SumProd,1.58,1.57,0.01,0.8
3902,Mathlib.Analysis.Asymptotics.SuperpolynomialDecay,2.50,2.49,0.02,0.8
3903,Mathlib.Algebra.Order.Field.Subfield,1.19,1.18,0.01,0.8
3904,Mathlib.Analysis.SpecialFunctions.MulExpNegMulSqIntegral,4.24,4.21,0.03,0.8
3905,Mathlib.RingTheory.FiniteStability,3.98,3.95,0.03,0.8
3906,Mathlib.Data.Set.BoolIndicator,1.20,1.19,0.01,0.8
3907,Mathlib.Analysis.CStarAlgebra.ApproximateUnit,17.53,17.40,0.13,0.8
3908,Mathlib.Algebra.Lie.CartanExists,5.98,5.93,0.04,0.8
3909,Mathlib.GroupTheory.Torsion,2.93,2.90,0.02,0.8
3910,Mathlib.LinearAlgebra.Matrix.Determinant.TotallyUnimodular,2.00,1.98,0.01,0.8
3911,Mathlib.Tactic.Explode.Pretty,0.80,0.79,0.01,0.8
3912,Mathlib.CategoryTheory.Localization.FiniteProducts,1.61,1.59,0.01,0.8
3913,Mathlib.Topology.Instances.Irrational,2.01,2.00,0.01,0.8
3914,Mathlib.Algebra.Group.Submonoid.Defs,2.02,2.00,0.02,0.8
3915,Mathlib.GroupTheory.Perm.Support,2.02,2.00,0.02,0.7
3916,Mathlib.Analysis.SpecialFunctions.Log.Summable,2.84,2.81,0.02,0.7
3917,Mathlib.CategoryTheory.Sites.Coherent.Comparison,2.03,2.01,0.01,0.7
3918,Mathlib.RingTheory.MvPowerSeries.Trunc,2.03,2.01,0.02,0.7
3919,Mathlib.AlgebraicTopology.SimplexCategory.Augmented.Monoidal,12.44,12.35,0.09,0.7
3920,Mathlib.Control.Monad.Writer,1.22,1.21,0.01,0.7
3921,Mathlib.Algebra.Order.AbsoluteValue.Basic,2.31,2.29,0.02,0.7
3922,Mathlib.CategoryTheory.Bicategory.Functor.StrictlyUnitary,4.08,4.05,0.03,0.7
3923,Mathlib.Analysis.LocallyConvex.AbsConvex,2.72,2.70,0.02,0.7
3924,Mathlib.CategoryTheory.Idempotents.SimplicialObject,1.50,1.49,0.01,0.7
3925,Mathlib.Logic.Equiv.Bool,1.09,1.08,0.01,0.7
3926,Mathlib.Topology.UniformSpace.Closeds,3.69,3.67,0.03,0.7
3927,Mathlib.Algebra.MvPolynomial.PDeriv,2.19,2.18,0.02,0.7
3928,Mathlib.Algebra.Group.Action.Basic,1.51,1.50,0.01,0.7
3929,Mathlib.Algebra.FreeAlgebra.Cardinality,1.80,1.78,0.01,0.7
3930,Mathlib.LinearAlgebra.UnitaryGroup,3.32,3.29,0.02,0.7
3931,Mathlib.Analysis.Convex.Integral,3.46,3.44,0.02,0.7
3932,Mathlib.MeasureTheory.Integral.FinMeasAdditive,4.58,4.55,0.03,0.7
3933,Mathlib.Topology.EMetricSpace.Lipschitz,2.51,2.49,0.02,0.7
3934,Mathlib.CategoryTheory.Limits.Constructions.Over.Basic,1.39,1.38,0.01,0.7
3935,Mathlib.Algebra.Lie.Classical,4.60,4.57,0.03,0.7
3936,Mathlib.Topology.Order.IsLocallyClosed,1.40,1.39,0.01,0.7
3937,Mathlib.Algebra.Algebra.StrictPositivity,2.11,2.10,0.01,0.7
3938,Mathlib.CategoryTheory.Linear.FunctorCategory,1.69,1.68,0.01,0.7
3939,Mathlib.Algebra.Order.Star.Prod,1.42,1.41,0.01,0.7
3940,Mathlib.Algebra.Ring.Defs,1.70,1.69,0.01,0.7
3941,Mathlib.Topology.Compactness.Exterior,1.28,1.27,0.01,0.7
3942,Mathlib.Geometry.Euclidean.Angle.Oriented.Basic,8.11,8.05,0.06,0.7
3943,Mathlib.Data.Set.Piecewise,1.28,1.27,0.01,0.7
3944,Mathlib.MeasureTheory.Constructions.BorelSpace.Order,3.85,3.83,0.03,0.7
3945,Mathlib.Topology.Germ,1.72,1.71,0.01,0.7
3946,Mathlib.Tactic.GCongr,1.00,1.00,0.01,0.7
3947,Mathlib.CategoryTheory.Limits.Types.Filtered,1.59,1.58,0.01,0.7
3948,Mathlib.Data.Complex.Order,1.60,1.59,0.01,0.7
3949,Mathlib.Topology.Defs.Ultrafilter,1.31,1.30,0.01,0.7
3950,Mathlib.Algebra.CubicDiscriminant,3.07,3.05,0.02,0.7
3951,Mathlib.Topology.Category.Sequential,1.61,1.60,0.01,0.7
3952,Mathlib.CategoryTheory.Sites.Pretopology,1.92,1.91,0.01,0.7
3953,Mathlib.Algebra.Group.Subgroup.ZPowers.Basic,1.63,1.62,0.01,0.7
3954,Mathlib.NumberTheory.ModularForms.EisensteinSeries.Summable,3.26,3.24,0.02,0.7
3955,Mathlib.Algebra.Order.Ring.Defs,1.50,1.49,0.01,0.7
3956,Mathlib.CategoryTheory.MorphismProperty.LiftingProperty,1.50,1.49,0.01,0.7
3957,Mathlib.RingTheory.MvPolynomial,1.80,1.79,0.01,0.7
3958,Mathlib.Topology.Metrizable.Real,1.50,1.49,0.01,0.7
3959,Mathlib.Algebra.Group.Submonoid.Units,2.40,2.38,0.02,0.7
3960,Mathlib.GroupTheory.OreLocalization.Cardinality,1.80,1.79,0.01,0.7
3961,Mathlib.CategoryTheory.Sites.JointlySurjective,1.51,1.50,0.01,0.7
3962,Mathlib.Algebra.Group.Action.TypeTags,1.21,1.20,0.01,0.7
3963,Mathlib.Data.Finset.Finsupp,1.52,1.51,0.01,0.7
3964,Mathlib.MeasureTheory.Integral.Bochner.Basic,7.74,7.69,0.05,0.7
3965,Mathlib.Probability.Moments.Variance,3.65,3.63,0.02,0.7
3966,Mathlib.Analysis.InnerProductSpace.Harmonic.Constructions,3.05,3.03,0.02,0.7
3967,Mathlib.MeasureTheory.Function.ConditionalExpectation.CondexpL2,5.96,5.92,0.04,0.7
3968,Mathlib.CategoryTheory.Limits.Preserves.Basic,2.45,2.44,0.02,0.7
3969,Mathlib.Algebra.Order.Ring.Pow,1.69,1.68,0.01,0.7
3970,Mathlib.Analysis.Convex.Cone.Closure,1.69,1.68,0.01,0.7
3971,Mathlib.Algebra.Order.Ring.Cone,1.39,1.38,0.01,0.7
3972,Mathlib.Analysis.Normed.Module.RCLike.Extend,2.31,2.30,0.02,0.7
3973,Mathlib.Algebra.Module.Submodule.Range,2.93,2.91,0.02,0.7
3974,Mathlib.Algebra.Order.Ring.Opposite,1.08,1.07,0.01,0.7
3975,Mathlib.Analysis.Normed.Ring.Finite,1.71,1.69,0.01,0.6
3976,Mathlib.NumberTheory.NumberField.InfinitePlace.Completion,3.26,3.23,0.02,0.6
3977,Mathlib.CategoryTheory.Quotient.Preadditive,1.71,1.70,0.01,0.6
3978,Mathlib.Order.GameAdd,1.40,1.39,0.01,0.6
3979,Mathlib.AlgebraicGeometry.Morphisms.QuasiCompact,4.05,4.03,0.03,0.6
3980,Mathlib.Probability.Martingale.OptionalStopping,3.27,3.25,0.02,0.6
3981,Mathlib.CategoryTheory.Preadditive.Transfer,1.41,1.40,0.01,0.6
3982,Mathlib.Algebra.Category.Grp.ChosenFiniteProducts,1.41,1.40,0.01,0.6
3983,Mathlib.NumberTheory.NumberField.Units.Basic,5.62,5.58,0.04,0.6
3984,Mathlib.GroupTheory.MonoidLocalization.DivPairs,1.41,1.40,0.01,0.6
3985,Mathlib.Logic.Unique,1.10,1.09,0.01,0.6
3986,Mathlib.RingTheory.Int.Basic,1.73,1.71,0.01,0.6
3987,Mathlib.Algebra.Algebra.Subalgebra.Operations,2.04,2.03,0.01,0.6
3988,Mathlib.MeasureTheory.PiSystem,2.20,2.18,0.01,0.6
3989,Mathlib.Algebra.GCDMonoid.Multiset,1.73,1.72,0.01,0.6
3990,Mathlib.RingTheory.Bialgebra.Hom,3.77,3.75,0.02,0.6
3991,Mathlib.NumberTheory.Bertrand,2.83,2.81,0.02,0.6
3992,Mathlib.RingTheory.Flat.Localization,2.68,2.66,0.02,0.6
3993,Mathlib.MeasureTheory.Group.AddCircle,3.00,2.98,0.02,0.6
3994,Mathlib.Algebra.Group.Commute.Basic,1.42,1.41,0.01,0.6
3995,Mathlib.CategoryTheory.SmallObject.Iteration.Nonempty,2.37,2.36,0.02,0.6
3996,Mathlib.Order.BoundedOrder.Basic,1.74,1.73,0.01,0.6
3997,Mathlib.Order.Defs.LinearOrder,1.90,1.89,0.01,0.6
3998,Mathlib.NumberTheory.NumberField.EquivReindex,3.02,3.00,0.02,0.6
3999,Mathlib.Data.Ineq,0.80,0.79,0.01,0.6
4000,Mathlib.Algebra.Group.Equiv.Basic,1.92,1.91,0.01,0.6
4001,Mathlib.Topology.MetricSpace.ProperSpace,1.61,1.60,0.01,0.6
4002,Mathlib.Topology.ContinuousMap.Compact,4.50,4.47,0.03,0.6
4003,Mathlib.CategoryTheory.Pi.Basic,3.86,3.84,0.02,0.6
4004,Mathlib.NumberTheory.Primorial,1.61,1.60,0.01,0.6
4005,Mathlib.CategoryTheory.Generator.Basic,2.42,2.41,0.02,0.6
4006,Mathlib.Geometry.Manifold.IntegralCurve.Basic,3.24,3.22,0.02,0.6
4007,Mathlib.LinearAlgebra.Finsupp.Defs,3.24,3.22,0.02,0.6
4008,Mathlib.CategoryTheory.Monoidal.OfChosenFiniteProducts.Symmetric,1.30,1.29,0.01,0.6
4009,Mathlib.CategoryTheory.LiftingProperties.Limits,1.79,1.78,0.01,0.6
4010,Mathlib.CategoryTheory.Subobject.Limits,2.93,2.91,0.02,0.6
4011,Mathlib.CategoryTheory.Functor.Derived.Adjunction,2.12,2.11,0.01,0.6
4012,Mathlib.LinearAlgebra.FiniteDimensional.Lemmas,2.94,2.92,0.02,0.6
4013,Mathlib.GroupTheory.GroupAction.SubMulAction.Pointwise,1.96,1.95,0.01,0.6
4014,Mathlib.CategoryTheory.Generator.Sheaf,1.48,1.47,0.01,0.6
4015,Mathlib.Algebra.EuclideanDomain.Basic,1.81,1.80,0.01,0.6
4016,Mathlib.AlgebraicTopology.SimplicialSet.Monoidal,1.81,1.80,0.01,0.6
4017,Mathlib.CategoryTheory.Limits.FinallySmall,1.48,1.48,0.01,0.6
4018,Mathlib.CategoryTheory.Center.Localization,1.49,1.48,0.01,0.6
4019,Mathlib.RingTheory.Polynomial.Selmer,2.64,2.62,0.02,0.6
4020,Mathlib.Combinatorics.Optimization.ValuedCSP,1.82,1.81,0.01,0.6
4021,Mathlib.Analysis.Analytic.Binomial,3.98,3.96,0.02,0.6
4022,Mathlib.Combinatorics.SimpleGraph.Clique,4.48,4.46,0.03,0.6
4023,Mathlib.Control.Monad.Basic,1.00,0.99,0.01,0.6
4024,Mathlib.Control.Lawful,1.00,0.99,0.01,0.6
4025,Mathlib.RingTheory.DividedPowers.Basic,2.83,2.82,0.02,0.6
4026,Mathlib.Order.CompactlyGenerated.Basic,2.51,2.49,0.02,0.6
4027,Mathlib.RingTheory.AlgebraicIndependent.Defs,2.01,2.00,0.01,0.6
4028,Mathlib.Algebra.GroupWithZero.Conj,1.18,1.17,0.01,0.6
4029,Mathlib.RingTheory.Henselian,2.53,2.52,0.02,0.6
4030,Mathlib.Order.Filter.AtTopBot.Finset,1.52,1.52,0.01,0.6
4031,Mathlib.CategoryTheory.Closed.FunctorCategory.Groupoid,1.19,1.19,0.01,0.6
4032,Mathlib.CategoryTheory.EffectiveEpi.RegularEpi,1.19,1.19,0.01,0.6
4033,Mathlib.Topology.Compactness.CompactlyCoherentSpace,1.36,1.36,0.01,0.6
4034,Mathlib.Algebra.Field.Basic,2.22,2.21,0.01,0.6
4035,Mathlib.MeasureTheory.Measure.AddContent,2.39,2.38,0.01,0.6
4036,Mathlib.RingTheory.DividedPowers.DPMorphism,2.22,2.21,0.01,0.6
4037,Mathlib.RingTheory.AdicCompletion.AsTensorProduct,7.43,7.38,0.04,0.6
4038,Mathlib.Algebra.CharP.Invertible,1.39,1.38,0.01,0.6
4039,Mathlib.MeasureTheory.Group.IntegralConvolution,2.43,2.42,0.01,0.6
4040,Mathlib.CategoryTheory.Preadditive.Projective.Preserves,1.40,1.39,0.01,0.6
4041,Mathlib.Topology.Algebra.GroupWithZero,2.10,2.09,0.01,0.6
4042,Mathlib.RingTheory.Ideal.Cotangent,6.15,6.12,0.04,0.6
4043,Mathlib.Analysis.Complex.Tietze,3.71,3.69,0.02,0.6
4044,Mathlib.ModelTheory.Ultraproducts,1.60,1.59,0.01,0.6
4045,Mathlib.RingTheory.MatrixPolynomialAlgebra,2.31,2.30,0.01,0.6
4046,Mathlib.Tactic.Translate.Core,4.44,4.42,0.02,0.6
4047,Mathlib.LinearAlgebra.Dual.Basis,2.31,2.30,0.01,0.6
4048,Mathlib.Probability.Kernel.Proper,3.38,3.36,0.02,0.6
4049,Mathlib.LinearAlgebra.Alternating.Curry,1.79,1.78,0.01,0.6
4050,Mathlib.Data.QPF.Multivariate.Constructions.Cofix,2.33,2.31,0.01,0.6
4051,Mathlib.Combinatorics.SetFamily.FourFunctions,3.76,3.74,0.02,0.6
4052,Mathlib.Topology.Sheaves.SheafCondition.OpensLeCover,2.51,2.50,0.01,0.6
4053,Mathlib.NumberTheory.MaricaSchoenheim,1.61,1.60,0.01,0.6
4054,Mathlib.RingTheory.Flat.Domain,5.92,5.88,0.03,0.6
4055,Mathlib.Combinatorics.SimpleGraph.Walks.Maps,1.79,1.78,0.01,0.6
4056,Mathlib.CategoryTheory.Limits.Indization.IndObject,1.80,1.79,0.01,0.6
4057,Mathlib.Algebra.Order.GroupWithZero.Submonoid,1.08,1.07,0.01,0.6
4058,Mathlib.RingTheory.Valuation.Discrete.Basic,4.14,4.12,0.02,0.6
4059,Mathlib.Dynamics.PeriodicPts.Lemmas,1.63,1.62,0.01,0.6
4060,Mathlib.Topology.MetricSpace.HausdorffDistance,2.71,2.70,0.02,0.6
4061,Mathlib.Analysis.Calculus.Rademacher,5.08,5.05,0.03,0.6
4062,Mathlib.Data.Set.Function,2.72,2.71,0.02,0.6
4063,Mathlib.Order.Set,1.09,1.08,0.01,0.6
4064,Mathlib.RingTheory.DualNumber,2.91,2.89,0.02,0.6
4065,Mathlib.Analysis.Normed.Algebra.Basic,2.73,2.72,0.02,0.6
4066,Mathlib.Order.Height,2.01,2.00,0.01,0.6
4067,Mathlib.MeasureTheory.Integral.Bochner.L1,7.85,7.80,0.04,0.6
4068,Mathlib.Data.Sum.Interval,3.85,3.83,0.02,0.5
4069,Mathlib.Tactic.Linarith.Preprocessing,2.21,2.19,0.01,0.5
4070,Mathlib.Algebra.Order.ZeroLEOne,1.11,1.10,0.01,0.5
4071,Mathlib.Dynamics.FixedPoints.Basic,1.29,1.29,0.01,0.5
4072,Mathlib.Algebra.GroupWithZero.Submonoid.Instances,1.48,1.47,0.01,0.5
4073,Mathlib.RingTheory.MvPolynomial.MonomialOrder,4.26,4.24,0.02,0.5
4074,Mathlib.Topology.UniformSpace.Ultra.Basic,1.48,1.47,0.01,0.5
4075,Mathlib.Topology.ExtendFrom,1.49,1.48,0.01,0.5
4076,Mathlib.RingTheory.MvPolynomial.Localization,2.44,2.42,0.01,0.5
4077,Mathlib.Algebra.Group.Even,1.70,1.69,0.01,0.5
4078,Mathlib.Topology.Connected.PathComponentOne,1.71,1.70,0.01,0.5
4079,Mathlib.Algebra.Category.ModuleCat.EnoughInjectives,1.90,1.89,0.01,0.5
4080,Mathlib.Order.Interval.Set.IsoIoo,1.71,1.71,0.01,0.5
4081,Mathlib.CategoryTheory.Sites.EffectiveEpimorphic,2.86,2.85,0.02,0.5
4082,Mathlib.Algebra.MonoidAlgebra.Module,2.10,2.09,0.01,0.5
4083,Mathlib.AlgebraicGeometry.Morphisms.Smooth,2.87,2.85,0.02,0.5
4084,Mathlib.Data.ENNReal.Real,2.11,2.10,0.01,0.5
4085,Mathlib.Algebra.Category.MonCat.Adjunctions,2.11,2.10,0.01,0.5
4086,Mathlib.Data.List.TFAE,0.77,0.77,0.00,0.5
4087,Mathlib.NumberTheory.Cyclotomic.Embeddings,2.33,2.32,0.01,0.5
4088,Mathlib.RingTheory.Jacobson.Ideal,2.53,2.52,0.01,0.5
4089,Mathlib.MeasureTheory.Measure.QuasiMeasurePreserving,2.33,2.32,0.01,0.5
4090,Mathlib.Algebra.Order.Ring.InjSurj,1.17,1.16,0.01,0.5
4091,Mathlib.CategoryTheory.Monoidal.Closed.Basic,2.54,2.52,0.01,0.5
4092,Mathlib.MeasureTheory.Function.ConditionalExpectation.AEMeasurable,5.10,5.07,0.03,0.5
4093,Mathlib.Order.Interval.Finset.SuccPred,2.16,2.15,0.01,0.5
4094,Mathlib.Algebra.Category.Grp.Zero,1.38,1.38,0.01,0.5
4095,Mathlib.Data.Setoid.Basic,1.58,1.57,0.01,0.5
4096,Mathlib.CategoryTheory.Idempotents.Basic,1.58,1.58,0.01,0.5
4097,Mathlib.CategoryTheory.Monoidal.Rigid.OfEquivalence,1.39,1.38,0.01,0.5
4098,Mathlib.Order.TypeTags,0.99,0.99,0.01,0.5
4099,Mathlib.Data.Fin.FlagRange,1.20,1.20,0.01,0.5
4100,Mathlib.Data.List.GetD,1.20,1.20,0.01,0.5
4101,Mathlib.CategoryTheory.Products.Associator,1.80,1.80,0.01,0.5
4102,Mathlib.Analysis.Convex.Quasiconvex,2.62,2.60,0.01,0.5
4103,Mathlib.Data.Int.Associated,1.21,1.20,0.01,0.5
4104,Mathlib.Tactic.ToDual,1.01,1.00,0.00,0.5
4105,Mathlib.Algebra.Group.Nat.Defs,1.01,1.00,0.01,0.5
4106,Mathlib.CategoryTheory.Abelian.CommSq,1.62,1.61,0.01,0.5
4107,Mathlib.Data.Ordering.Lemmas,1.01,1.01,0.00,0.5
4108,Mathlib.RingTheory.Valuation.ExtendToLocalization,2.03,2.02,0.01,0.5
4109,Mathlib.RingTheory.AdicCompletion.Basic,9.45,9.40,0.05,0.5
4110,Mathlib.Analysis.Fourier.FourierTransform,7.01,6.97,0.03,0.5
4111,Mathlib.GroupTheory.GroupAction.Hom,6.39,6.36,0.03,0.5
4112,Mathlib.Probability.Kernel.Basic,2.69,2.67,0.01,0.5
4113,Mathlib.FieldTheory.SeparableDegree,9.98,9.93,0.05,0.5
4114,Mathlib.MeasureTheory.Integral.IntervalIntegral.IntegrationByParts,4.37,4.35,0.02,0.5
4115,Mathlib.Algebra.Polynomial.SumIteratedDerivative,2.30,2.29,0.01,0.5
4116,Mathlib.RingTheory.Polynomial.Hermite.Gaussian,2.31,2.29,0.01,0.5
4117,Mathlib.MeasureTheory.Measure.Haar.MulEquivHaarChar,2.94,2.92,0.01,0.5
4118,Mathlib.Probability.Kernel.CondDistrib,3.36,3.34,0.02,0.5
4119,Mathlib.Data.DFinsupp.Lex,2.32,2.31,0.01,0.5
4120,Mathlib.MeasureTheory.MeasurableSpace.Prod,1.48,1.47,0.01,0.5
4121,Mathlib.RingTheory.MvPowerSeries.LexOrder,1.90,1.89,0.01,0.5
4122,Mathlib.NumberTheory.NumberField.Embeddings,2.33,2.32,0.01,0.5
4123,Mathlib.MeasureTheory.Integral.Average,6.15,6.12,0.03,0.5
4124,Mathlib.Data.Seq.Computation,2.12,2.11,0.01,0.5
4125,Mathlib.CategoryTheory.Limits.Shapes.SplitCoequalizer,1.49,1.48,0.01,0.5
4126,Mathlib.CategoryTheory.Limits.Preserves.Shapes.Preorder,1.49,1.48,0.01,0.5
4127,Mathlib.RingTheory.Polynomial.Basic,3.85,3.83,0.02,0.5
4128,Mathlib.Algebra.MvPolynomial.Equiv,3.87,3.85,0.02,0.5
4129,Mathlib.MeasureTheory.Measure.LevyProkhorovMetric,4.95,4.93,0.02,0.5
4130,Mathlib.Order.Interval.Set.OrdConnectedComponent,1.51,1.50,0.01,0.5
4131,Mathlib.Combinatorics.Extremal.RuzsaSzemeredi,3.25,3.24,0.01,0.5
4132,Mathlib.Data.Multiset.Replicate,1.31,1.30,0.01,0.5
4133,Mathlib.CategoryTheory.ChosenFiniteProducts.FunctorCategory,1.31,1.31,0.01,0.5
4134,Mathlib.Geometry.Manifold.ContMDiffMap,2.85,2.83,0.01,0.5
4135,Mathlib.MeasureTheory.Integral.PeakFunction,4.84,4.82,0.02,0.5
4136,Mathlib.Data.Real.Pi.Leibniz,2.22,2.21,0.01,0.5
4137,Mathlib.Topology.Homotopy.LocallyContractible,1.80,1.79,0.01,0.4
4138,Mathlib.Analysis.NormedSpace.OperatorNorm.Mul,1.80,1.80,0.01,0.4
4139,Mathlib.Combinatorics.Additive.AP.Three.Defs,2.71,2.70,0.01,0.4
4140,Mathlib.NumberTheory.ModularForms.LevelOne,2.94,2.93,0.01,0.4
4141,Mathlib.Data.Real.Pointwise,1.59,1.59,0.01,0.4
4142,Mathlib.Data.Multiset.Interval,1.61,1.60,0.01,0.4
4143,Mathlib.Data.PNat.Find,1.39,1.39,0.01,0.4
4144,Mathlib.Algebra.Group.Submonoid.Pointwise,2.33,2.32,0.01,0.4
4145,Mathlib.Data.List.SplitLengths,1.17,1.16,0.01,0.4
4146,Mathlib.Data.ENat.BigOperators,1.40,1.40,0.01,0.4
4147,Mathlib.NumberTheory.NumberField.FinitePlaces,4.74,4.72,0.02,0.4
4148,Mathlib.Algebra.Module.Submodule.Invariant,1.90,1.89,0.01,0.4
4149,Mathlib.Probability.Moments.Tilted,2.86,2.85,0.01,0.4
4150,Mathlib.CategoryTheory.Filtered.Small,1.91,1.90,0.01,0.4
4151,Mathlib.Data.Finset.Sups,4.06,4.05,0.02,0.4
4152,Mathlib.Data.Real.ENatENNReal,1.68,1.67,0.01,0.4
4153,Mathlib.Algebra.GroupWithZero.Semiconj,1.21,1.20,0.01,0.4
4154,Mathlib.Algebra.CharP.LocalRing,1.69,1.69,0.01,0.4
4155,Mathlib.Data.Finset.MulAntidiagonal,1.70,1.69,0.01,0.4
4156,Mathlib.SetTheory.Cardinal.Divisibility,1.70,1.69,0.01,0.4
4157,Mathlib.Analysis.CStarAlgebra.Module.Synonym,2.19,2.18,0.01,0.4
4158,Mathlib.Algebra.Ring.GeomSum,2.20,2.19,0.01,0.4
4159,Mathlib.LinearAlgebra.Matrix.Gershgorin,2.20,2.19,0.01,0.4
4160,Mathlib.Algebra.Homology.HomotopyCategory.HomComplexInduction,1.96,1.95,0.01,0.4
4161,Mathlib.Probability.Kernel.Composition.ParallelComp,2.22,2.21,0.01,0.4
4162,Mathlib.Algebra.Homology.Square,1.48,1.48,0.01,0.4
4163,Mathlib.CategoryTheory.Limits.Preorder,1.49,1.48,0.01,0.4
4164,Mathlib.Geometry.Manifold.MFDeriv.Defs,2.73,2.72,0.01,0.4
4165,Mathlib.Analysis.Real.Pi.Wallis,2.75,2.73,0.01,0.4
4166,Mathlib.Topology.Sheaves.Init,1.00,1.00,0.00,0.4
4167,Mathlib.CategoryTheory.Sites.MorphismProperty,1.51,1.50,0.01,0.4
4168,Mathlib.Analysis.Fourier.Inversion,4.30,4.28,0.02,0.4
4169,Mathlib.RingTheory.PrincipalIdealDomain,2.53,2.52,0.01,0.4
4170,Mathlib.ModelTheory.Definability,1.77,1.77,0.01,0.4
4171,Mathlib.Topology.ShrinkingLemma,1.78,1.77,0.01,0.4
4172,Mathlib.CategoryTheory.Abelian.Pseudoelements,2.29,2.28,0.01,0.4
4173,Mathlib.Analysis.Complex.TaylorSeries,2.81,2.80,0.01,0.4
4174,Mathlib.Algebra.Polynomial.Taylor,2.30,2.29,0.01,0.4
4175,Mathlib.SetTheory.Cardinal.Free,1.79,1.79,0.01,0.4
4176,Mathlib.Algebra.Polynomial.FieldDivision,3.61,3.59,0.01,0.4
4177,Mathlib.SetTheory.Cardinal.Regular,1.80,1.80,0.01,0.4
4178,Mathlib.RingTheory.AdicCompletion.Exactness,4.40,4.38,0.02,0.4
4179,Mathlib.Tactic.Widget.SelectInsertParamsClass,0.78,0.78,0.00,0.4
4180,Mathlib.Analysis.SpecialFunctions.Integrals.LogTrigonometric,3.38,3.37,0.01,0.4
4181,Mathlib.Topology.Algebra.Order.LiminfLimsup,2.08,2.08,0.01,0.4
4182,Mathlib.CategoryTheory.Monoidal.Mod_,2.35,2.34,0.01,0.4
4183,Mathlib.Util.DischargerAsTactic,0.78,0.78,0.00,0.4
4184,Mathlib.CategoryTheory.NatTrans,1.30,1.30,0.00,0.4
4185,Mathlib.Data.Sign,1.31,1.31,0.00,0.4
4186,Mathlib.Combinatorics.SetFamily.LYM,2.10,2.09,0.01,0.4
4187,Mathlib.RingTheory.Derivation.ToSquareZero,2.63,2.62,0.01,0.4
4188,Mathlib.CategoryTheory.Limits.Shapes.Products,7.36,7.33,0.03,0.4
4189,Mathlib.CategoryTheory.FinCategory.AsType,1.58,1.57,0.01,0.4
4190,Mathlib.CategoryTheory.Preadditive.SingleObj,2.38,2.37,0.01,0.4
4191,Mathlib.CategoryTheory.Generator.Abelian,1.60,1.59,0.01,0.4
4192,Mathlib.Analysis.BoxIntegral.Partition.Tagged,2.40,2.40,0.01,0.4
4193,Mathlib.Algebra.Category.HopfAlgCat.Basic,2.42,2.42,0.01,0.4
4194,Mathlib.Tactic.Monotonicity,1.08,1.07,0.00,0.4
4195,Mathlib.NumberTheory.RamificationInertia.Galois,5.14,5.12,0.02,0.4
4196,Mathlib.AlgebraicTopology.SimplicialSet.NonDegenerateSimplices,1.68,1.68,0.01,0.4
4197,Mathlib.Tactic.NormNum.DivMod,1.69,1.68,0.01,0.4
4198,Mathlib.RingTheory.Generators,1.69,1.69,0.01,0.4
4199,Mathlib.CategoryTheory.Limits.FunctorCategory.EpiMono,1.41,1.41,0.01,0.4
4200,Mathlib.CategoryTheory.Limits.Shapes.Opposites.Kernels,1.41,1.41,0.01,0.4
4201,Mathlib.Analysis.Calculus.TangentCone.Defs,1.70,1.70,0.01,0.4
4202,Mathlib.GroupTheory.Perm.DomMulAct,1.70,1.70,0.01,0.4
4203,Mathlib.RingTheory.Adjoin.FGBaseChange,1.71,1.70,0.01,0.4
4204,Mathlib.Algebra.MvPolynomial.Monad,2.29,2.28,0.01,0.4
4205,Mathlib.NumberTheory.LSeries.Nonvanishing,3.77,3.76,0.01,0.3
4206,Mathlib.Algebra.Group.Pointwise.Set.Small,1.17,1.17,0.00,0.3
4207,Mathlib.Topology.UniformSpace.AbstractCompletion,2.07,2.07,0.01,0.3
4208,Mathlib.LinearAlgebra.Finsupp.VectorSpace,2.08,2.08,0.01,0.3
4209,Mathlib.LinearAlgebra.Matrix.Nondegenerate,1.79,1.78,0.01,0.3
4210,Mathlib.Tactic.Linarith.Oracle.SimplexAlgorithm.Gauss,0.90,0.89,0.00,0.3
4211,Mathlib.Data.List.Indexes,0.90,0.89,0.00,0.3
4212,Mathlib.Data.Int.Basic,1.20,1.19,0.00,0.3
4213,Mathlib.Combinatorics.Quiver.Basic,1.20,1.19,0.00,0.3
4214,Mathlib.CategoryTheory.Monoidal.Types.Coyoneda,1.50,1.50,0.00,0.3
4215,Mathlib.RingTheory.OreLocalization.OreSet,1.21,1.20,0.00,0.3
4216,Mathlib.Algebra.Module.Presentation.Finite,1.81,1.81,0.01,0.3
4217,Mathlib.CategoryTheory.Bicategory.Adjunction.Basic,2.72,2.71,0.01,0.3
4218,Mathlib.Data.PFunctor.Multivariate.Basic,1.52,1.51,0.01,0.3
4219,Mathlib.Algebra.MonoidAlgebra.Degree,3.64,3.63,0.01,0.3
4220,Mathlib.RingTheory.TensorProduct.Free,2.13,2.12,0.01,0.3
4221,Mathlib.Algebra.Colimit.Finiteness,1.83,1.82,0.01,0.3
4222,Mathlib.Algebra.Tropical.BigOperators,1.53,1.52,0.01,0.3
4223,Mathlib.FieldTheory.Isaacs,3.07,3.06,0.01,0.3
4224,Mathlib.Algebra.Homology.Embedding.HomEquiv,2.20,2.19,0.01,0.3
4225,Mathlib.AlgebraicTopology.SimplicialSet.Degenerate,2.20,2.19,0.01,0.3
4226,Mathlib.Analysis.SpecialFunctions.Trigonometric.ArctanDeriv,2.85,2.84,0.01,0.3
4227,Mathlib.Topology.AlexandrovDiscrete,1.59,1.58,0.00,0.3
4228,Mathlib.CategoryTheory.Abelian.GrothendieckCategory.Monomorphisms,1.59,1.59,0.00,0.3
4229,Mathlib.CategoryTheory.Triangulated.TriangleShift,5.73,5.72,0.02,0.3
4230,Mathlib.CategoryTheory.Generator.StrongGenerator,1.59,1.59,0.00,0.3
4231,Mathlib.CategoryTheory.Limits.Types.Coproducts,1.59,1.59,0.01,0.3
4232,Mathlib.Topology.Algebra.IntermediateField,1.92,1.91,0.01,0.3
4233,Mathlib.CategoryTheory.Thin,1.28,1.28,0.00,0.3
4234,Mathlib.Order.Heyting.Boundary,1.28,1.28,0.00,0.3
4235,Mathlib.Data.Finset.Density,3.21,3.20,0.01,0.3
4236,Mathlib.CategoryTheory.ObjectProperty.Orthogonal,1.29,1.29,0.00,0.3
4237,Mathlib.AlgebraicGeometry.ProjectiveSpectrum.StructureSheaf,5.17,5.16,0.02,0.3
4238,Mathlib.Algebra.Ring.Ext,1.62,1.61,0.00,0.3
4239,Mathlib.Algebra.BigOperators.Ring.List,1.30,1.30,0.00,0.3
4240,Mathlib.Algebra.Algebra.Field,1.30,1.30,0.00,0.3
4241,Mathlib.MeasureTheory.Group.Defs,1.99,1.98,0.01,0.3
4242,Mathlib.Util.PrintSorries,1.00,0.99,0.00,0.3
4243,Mathlib.FieldTheory.Galois.Abelian,2.33,2.32,0.01,0.3
4244,Mathlib.RingTheory.Fintype,1.69,1.69,0.00,0.3
4245,Mathlib.RingTheory.LocalRing.MaximalIdeal.Basic,1.70,1.69,0.01,0.3
4246,Mathlib.CategoryTheory.Abelian.GrothendieckCategory.Subobject,2.71,2.70,0.01,0.3
4247,Mathlib.Algebra.Polynomial.DenomsClearable,2.04,2.03,0.01,0.3
4248,Mathlib.Topology.UniformSpace.LocallyUniformConvergence,1.70,1.69,0.01,0.3
4249,Mathlib.Probability.Kernel.Condexp,3.06,3.06,0.01,0.3
4250,Mathlib.CategoryTheory.Preadditive.Yoneda.Limits,1.70,1.70,0.01,0.3
4251,Mathlib.Algebra.ContinuedFractions.Computation.TerminatesIffRat,1.71,1.71,0.01,0.3
4252,Mathlib.Data.QPF.Multivariate.Constructions.Comp,1.37,1.37,0.00,0.3
4253,Mathlib.Geometry.Manifold.Sheaf.LocallyRingedSpace,3.13,3.12,0.01,0.3
4254,Mathlib.Algebra.Homology.BifunctorHomotopy,5.32,5.31,0.01,0.3
4255,Mathlib.ModelTheory.Algebra.Field.CharP,1.81,1.80,0.00,0.3
4256,Mathlib.NumberTheory.NumberField.CMField,10.12,10.09,0.03,0.3
4257,Mathlib.CategoryTheory.Adjunction.Comma,1.82,1.82,0.01,0.3
4258,Mathlib.MeasureTheory.Measure.GiryMonad,2.21,2.20,0.01,0.3
4259,Mathlib.AlgebraicGeometry.Sites.BigZariski,2.21,2.21,0.01,0.3
4260,Mathlib.RingTheory.Ideal.Prime,1.49,1.48,0.00,0.3
4261,Mathlib.CategoryTheory.Localization.StructuredArrow,1.49,1.49,0.00,0.3
4262,Mathlib.RingTheory.Finiteness.Lattice,1.49,1.49,0.00,0.3
4263,Mathlib.AlgebraicTopology.SimplicialSet.NonDegenerateSimplicesSubcomplex,1.50,1.49,0.00,0.3
4264,Mathlib.Algebra.SkewMonoidAlgebra.Support,1.89,1.89,0.00,0.3
4265,Mathlib.RingTheory.Invariant,1.91,1.91,0.01,0.3
4266,Mathlib.NumberTheory.ModularForms.JacobiTheta.TwoVariable,4.23,4.22,0.01,0.3
4267,Mathlib.MeasureTheory.Measure.Portmanteau,5.02,5.00,0.01,0.3
4268,Mathlib.Order.Monotone.Union,1.17,1.17,0.00,0.3
4269,Mathlib.Topology.Order.LeftRightNhds,3.12,3.12,0.01,0.3
4270,Mathlib.Algebra.Group.Support,1.18,1.17,0.00,0.3
4271,Mathlib.Data.Vector.Zip,1.18,1.18,0.00,0.3
4272,Mathlib.Topology.MetricSpace.Pseudo.Real,1.58,1.58,0.00,0.3
4273,Mathlib.SetTheory.Ordinal.Exponential,1.98,1.98,0.01,0.3
4274,Mathlib.CategoryTheory.Localization.SmallHom,1.99,1.98,0.00,0.3
4275,Mathlib.Algebra.CharP.Pi,1.19,1.19,0.00,0.3
4276,Mathlib.Topology.Sheaves.Over,1.99,1.99,0.01,0.3
4277,Mathlib.Data.Set.Accumulate,1.20,1.19,0.00,0.3
4278,Mathlib.SetTheory.Descriptive.Tree,1.60,1.60,0.00,0.3
4279,Mathlib.Topology.Sheaves.Presheaf,4.01,4.00,0.01,0.2
4280,Mathlib.Analysis.NormedSpace.HahnBanach.Extension,2.01,2.00,0.00,0.2
4281,Mathlib.Data.Nat.Size,1.21,1.21,0.00,0.2
4282,Mathlib.Order.SetNotation,3.29,3.28,0.01,0.2
4283,Mathlib.CategoryTheory.Limits.Shapes.Pullback.PullbackCone,2.50,2.49,0.01,0.2
4284,Mathlib.RingTheory.Spectrum.Prime.Basic,2.50,2.49,0.01,0.2
4285,Mathlib.LinearAlgebra.Matrix.Determinant.Basic,5.02,5.00,0.01,0.2
4286,Mathlib.Analysis.Normed.Lp.PiLp,10.07,10.04,0.02,0.2
4287,Mathlib.Order.LatticeIntervals,1.69,1.68,0.00,0.2
4288,Mathlib.Topology.Algebra.Order.UpperLower,1.70,1.70,0.00,0.2
4289,Mathlib.MeasureTheory.Function.ConvergenceInDistribution,3.94,3.93,0.01,0.2
4290,Mathlib.CategoryTheory.EqToHom,1.80,1.80,0.00,0.2
4291,Mathlib.Analysis.SpecialFunctions.Gamma.Deriv,2.72,2.72,0.01,0.2
4292,Mathlib.SetTheory.ZFC.Class,1.83,1.82,0.00,0.2
4293,Mathlib.Analysis.Complex.HasPrimitives,3.70,3.70,0.01,0.2
4294,Mathlib.Data.List.Perm.Lattice,1.41,1.40,0.00,0.2
4295,Mathlib.Algebra.GradedMulAction,1.41,1.41,0.00,0.2
4296,Mathlib.Topology.Category.UniformSpace,1.88,1.88,0.00,0.2
4297,Mathlib.CategoryTheory.Functor.Hom,1.42,1.41,0.00,0.2
4298,Mathlib.CategoryTheory.Sites.Coherent.RegularSheaves,2.84,2.83,0.01,0.2
4299,Mathlib.RingTheory.Nilpotent.Lemmas,1.90,1.90,0.00,0.2
4300,Mathlib.Analysis.Meromorphic.Complex,2.40,2.39,0.01,0.2
4301,Mathlib.MeasureTheory.OuterMeasure.OfFunction,2.41,2.41,0.01,0.2
4302,Mathlib.CategoryTheory.Bicategory.Modification.Pseudo,2.42,2.42,0.00,0.2
4303,Mathlib.NumberTheory.Fermat,2.91,2.90,0.01,0.2
4304,Mathlib.LinearAlgebra.TensorProduct.Vanishing,2.92,2.92,0.01,0.2
4305,Mathlib.Topology.Homotopy.Basic,6.33,6.32,0.01,0.2
4306,Mathlib.MeasureTheory.Measure.HasOuterApproxClosedProd,9.26,9.24,0.02,0.2
4307,Mathlib.CategoryTheory.Abelian.Exact,2.47,2.46,0.01,0.2
4308,Mathlib.RepresentationTheory.Basic,5.93,5.92,0.01,0.2
4309,Mathlib.Combinatorics.SimpleGraph.Partition,1.49,1.48,0.00,0.2
4310,Mathlib.Data.Finsupp.NeLocus,1.49,1.49,0.00,0.2
4311,Mathlib.LinearAlgebra.Basis.VectorSpace,2.49,2.49,0.00,0.2
4312,Mathlib.Data.Vector.Basic,2.00,1.99,0.00,0.2
4313,Mathlib.Topology.MetricSpace.Ultra.TotallySeparated,1.50,1.50,0.00,0.2
4314,Mathlib.LinearAlgebra.Dimension.Constructions,3.01,3.00,0.01,0.2
4315,Mathlib.Data.FunLike.Embedding,1.01,1.01,0.00,0.2
4316,Mathlib.Tactic,2.53,2.52,0.00,0.2
4317,Mathlib.CategoryTheory.Monoidal.Closed.FunctorToTypes,2.03,2.02,0.00,0.2
4318,Mathlib.CategoryTheory.MorphismProperty.Comma,4.07,4.06,0.01,0.2
4319,Mathlib.Data.Sym.Sym2.Init,1.02,1.02,0.00,0.2
4320,Mathlib.NumberTheory.ModularForms.Basic,5.72,5.71,0.01,0.2
4321,Mathlib.CategoryTheory.Shift.InducedShiftSequence,2.11,2.11,0.00,0.2
4322,Mathlib.RingTheory.Valuation.Archimedean,2.64,2.64,0.00,0.2
4323,Mathlib.Algebra.ContinuedFractions.Computation.Approximations,3.18,3.17,0.01,0.2
4324,Mathlib.Probability.Distributions.Poisson,2.13,2.13,0.00,0.2
4325,Mathlib.Algebra.Order.Group.Unbundled.Basic,3.22,3.21,0.01,0.2
4326,Mathlib.Algebra.Group.AddChar,2.69,2.69,0.00,0.2
4327,Mathlib.Algebra.Group.Nat.TypeTags,1.09,1.09,0.00,0.2
4328,Mathlib.Algebra.Algebra.Subalgebra.Unitization,4.41,4.40,0.01,0.2
4329,Mathlib.Order.JordanHolder,2.76,2.76,0.01,0.2
4330,Mathlib.MeasureTheory.Function.SpecialFunctions.Basic,2.21,2.21,0.00,0.2
4331,Mathlib.Data.NNRat.Floor,2.21,2.21,0.00,0.2
4332,Mathlib.Topology.Order.ExtendFrom,1.72,1.72,0.00,0.2
4333,Mathlib.Algebra.Order.Sub.Unbundled.Hom,1.17,1.17,0.00,0.2
4334,Mathlib.Algebra.GroupWithZero.Center,1.18,1.18,0.00,0.2
4335,Mathlib.Algebra.CharP.Two,1.78,1.78,0.00,0.2
4336,Mathlib.Tactic.FastInstance,1.20,1.20,0.00,0.2
4337,Mathlib.Data.ULift,1.20,1.20,0.00,0.2
4338,Mathlib.Topology.MetricSpace.Pseudo.Lemmas,1.80,1.80,0.00,0.2
4339,Mathlib.Topology.Algebra.Ring.Basic,2.41,2.40,0.00,0.2
4340,Mathlib.Analysis.Distribution.AEEqOfIntegralContDiff,3.04,3.03,0.00,0.2
4341,Mathlib.Algebra.Category.FGModuleCat.Basic,3.68,3.67,0.01,0.2
4342,Mathlib.GroupTheory.GroupAction.CardCommute,1.90,1.90,0.00,0.2
4343,Mathlib.Combinatorics.SimpleGraph.Connectivity.WalkDecomp,1.91,1.91,0.00,0.2
4344,Mathlib.Data.Finsupp.Fintype,1.29,1.29,0.00,0.2
4345,Mathlib.Algebra.Module.Torsion.Pi,1.33,1.32,0.00,0.2
4346,Mathlib.Algebra.Group.InjSurj,2.02,2.02,0.00,0.1
4347,Mathlib.Algebra.Quaternion,13.65,13.63,0.02,0.1
4348,Mathlib.Analysis.Calculus.ContDiff.Basic,18.45,18.43,0.03,0.1
4349,Mathlib.CategoryTheory.Monoidal.Braided.Opposite,1.39,1.39,0.00,0.1
4350,Mathlib.CategoryTheory.Subobject.Presheaf,1.39,1.39,0.00,0.1
4351,Mathlib.ModelTheory.Quotients,1.39,1.39,0.00,0.1
4352,Mathlib.Topology.UniformSpace.Ultra.Completion,1.39,1.39,0.00,0.1
4353,Mathlib.Data.Multiset.Count,1.40,1.39,0.00,0.1
4354,Mathlib.Geometry.Manifold.IntegralCurve.UniformTime,4.19,4.18,0.01,0.1
4355,Mathlib.Topology.MetricSpace.DilationEquiv,2.10,2.10,0.00,0.1
4356,Mathlib.Tactic.DeriveEncodable,2.81,2.80,0.00,0.1
4357,Mathlib.Analysis.InnerProductSpace.ConformalLinearMap,2.12,2.11,0.00,0.1
4358,Mathlib.Algebra.Ring.Units,1.41,1.41,0.00,0.1
4359,Mathlib.Probability.Martingale.OptionalSampling,2.85,2.85,0.00,0.1
4360,Mathlib.Computability.TMConfig,2.92,2.92,0.00,0.1
4361,Mathlib.CategoryTheory.Sites.Whiskering,2.20,2.20,0.00,0.1
4362,Mathlib.CategoryTheory.Limits.Preserves.Shapes.Products,1.48,1.47,0.00,0.1
4363,Mathlib.Topology.Bornology.Hom,1.48,1.47,0.00,0.1
4364,Mathlib.LinearAlgebra.Matrix.Diagonal,2.22,2.21,0.00,0.1
4365,Mathlib.CategoryTheory.Sites.Finite,1.48,1.48,0.00,0.1
4366,Mathlib.Combinatorics.SimpleGraph.Trails,1.49,1.48,0.00,0.1
4367,Mathlib.Data.Finsupp.WellFounded,1.49,1.49,0.00,0.1
4368,Mathlib.Data.NNRat.BigOperators,1.50,1.50,0.00,0.1
4369,Mathlib.Order.Filter.Bases.Finite,1.50,1.50,0.00,0.1
4370,Mathlib.RingTheory.UniqueFactorizationDomain.Finsupp,1.51,1.50,0.00,0.1
4371,Mathlib.MeasureTheory.Function.LpSpace.DomAct.Continuous,2.32,2.31,0.00,0.1
4372,Mathlib.Algebra.Polynomial.Eval.Subring,1.60,1.60,0.00,0.1
4373,Mathlib.Probability.Moments.MGFAnalytic,3.21,3.21,0.00,0.1
4374,Mathlib.AlgebraicGeometry.Morphisms.Affine,3.27,3.27,0.00,0.1
4375,Mathlib.MeasureTheory.Integral.Lebesgue.MeasurePreserving,1.69,1.68,0.00,0.1
4376,Mathlib.CategoryTheory.Galois.IsFundamentalgroup,2.53,2.53,0.00,0.1
4377,Mathlib.Probability.BorelCantelli,2.55,2.54,0.00,0.1
4378,Mathlib.Topology.Algebra.IsUniformGroup.Defs,5.14,5.13,0.01,0.1
4379,Mathlib.RingTheory.Ideal.IsPrimary,1.73,1.73,0.00,0.1
4380,Mathlib.Combinatorics.Matroid.Basic,2.61,2.61,0.00,0.1
4381,Mathlib.RingTheory.Ideal.Int,2.62,2.62,0.00,0.1
4382,Mathlib.LinearAlgebra.Matrix.Hermitian,2.63,2.62,0.00,0.1
4383,Mathlib.MeasureTheory.Constructions.BorelSpace.Basic,3.56,3.56,0.00,0.1
4384,Mathlib.CategoryTheory.Limits.Shapes.PiProd,1.79,1.78,0.00,0.1
4385,Mathlib.MeasureTheory.Measure.Haar.Unique,8.99,8.98,0.01,0.1
4386,Mathlib.RingTheory.Spectrum.Prime.TensorProduct,2.71,2.71,0.00,0.1
4387,Mathlib.Data.Vector.MapLemmas,1.82,1.82,0.00,0.1
4388,Mathlib.CategoryTheory.Limits.Shapes.KernelPair,1.83,1.83,0.00,0.1
4389,Mathlib.NumberTheory.NumberField.ClassNumber,3.76,3.75,0.00,0.1
4390,Mathlib.NumberTheory.ADEInequality,1.90,1.90,0.00,0.1
4391,Mathlib.CategoryTheory.Monoidal.Cartesian.Comon_,1.91,1.90,0.00,0.1
4392,Mathlib.MeasureTheory.Measure.Tilted,2.93,2.92,0.00,0.1
4393,Mathlib.Algebra.Order.Antidiag.Pi,2.95,2.95,0.00,0.1
4394,Mathlib.RingTheory.HahnSeries.Basic,2.01,2.01,0.00,0.1
4395,Mathlib.Algebra.Star.UnitaryStarAlgAut,2.02,2.02,0.00,0.1
4396,Mathlib.Probability.Kernel.Irreducible,2.02,2.02,0.00,0.1
4397,Mathlib.MeasureTheory.Measure.RegularityCompacts,2.02,2.02,0.00,0.1
4398,Mathlib.Util.Simp,1.01,1.01,0.00,0.1
4399,Mathlib.Analysis.InnerProductSpace.Positive,7.25,7.24,0.01,0.1
4400,Mathlib.CategoryTheory.Abelian.GrothendieckCategory.ModuleEmbedding.GabrielPopescu,3.13,3.13,0.00,0.1
4401,Mathlib.Algebra.Algebra.Basic,3.21,3.21,0.00,0.1
4402,Mathlib.NumberTheory.NumberField.FractionalIdeal,4.40,4.40,0.00,0.1
4403,Mathlib.CategoryTheory.Dialectica.Basic,2.21,2.21,0.00,0.1
4404,Mathlib.Tactic.ByContra,1.11,1.11,0.00,0.1
4405,Mathlib.RingTheory.HopfAlgebra.Basic,2.23,2.23,0.00,0.1
4406,Mathlib.Tactic.ArithMult,1.12,1.11,0.00,0.1
4407,Mathlib.LinearAlgebra.BilinearForm.Properties,4.67,4.67,0.00,0.1
4408,Mathlib.CategoryTheory.ObjectProperty.ClosedUnderIsomorphisms,1.18,1.18,0.00,0.1
4409,Mathlib.CategoryTheory.Closed.Monoidal,1.20,1.20,0.00,0.1
4410,Mathlib.Order.Compare,1.20,1.20,0.00,0.1
4411,Mathlib.Analysis.Complex.Positivity,2.43,2.43,0.00,0.1
4412,Mathlib.Data.List.Zip,1.28,1.28,0.00,0.1
4413,Mathlib.CategoryTheory.Preadditive.Projective.Internal,1.28,1.28,0.00,0.1
4414,Mathlib.Geometry.Manifold.Complex,2.61,2.61,0.00,0.1
4415,Mathlib.CategoryTheory.Limits.Shapes.Preorder.PrincipalSeg,1.31,1.31,0.00,0.1
4416,Mathlib.SetTheory.Game.Birthday,2.65,2.65,0.00,0.1
4417,Mathlib.Data.Finsupp.Basic,5.40,5.39,0.00,0.1
4418,Mathlib.Analysis.Normed.Module.Ball.Action,10.88,10.87,0.01,0.1
4419,Mathlib.Probability.Distributions.Beta,2.72,2.72,0.00,0.1
4420,Mathlib.Order.Extension.Well,1.37,1.36,0.00,0.1
4421,Mathlib.Data.Set.Finite.List,1.39,1.39,0.00,0.1
4422,Mathlib.Data.List.Lex,1.43,1.42,0.00,0.1
4423,Mathlib.RingTheory.EssentialFiniteness,2.95,2.94,0.00,0.1
4424,Mathlib.Order.CompactlyGenerated.Intervals,1.48,1.48,0.00,0.1
4425,Mathlib.CategoryTheory.Monoidal.Closed.FunctorCategory.Complete,1.49,1.48,0.00,0.1
4426,Mathlib.LinearAlgebra.CliffordAlgebra.Even,5.97,5.97,0.00,0.1
4427,Mathlib.Analysis.Complex.ValueDistribution.FirstMainTheorem,3.03,3.03,0.00,0.1
4428,Mathlib.MeasureTheory.Measure.Decomposition.RadonNikodym,3.04,3.04,0.00,0.1
4429,Mathlib.Data.PNat.Interval,1.53,1.53,0.00,0.1
4430,Mathlib.AlgebraicTopology.SimplicialSet.Boundary,1.60,1.60,0.00,0.1
4431,Mathlib.Topology.ContinuousMap.Lattice,1.67,1.67,0.00,0.1
4432,Mathlib.Geometry.Manifold.BumpFunction,3.35,3.35,0.00,0.1
4433,Mathlib.Algebra.Group.Units.Hom,1.70,1.70,0.00,0.1
4434,Mathlib.SetTheory.Game.Impartial,1.70,1.70,0.00,0.1
4435,Mathlib.Analysis.NormedSpace.Int,1.71,1.71,0.00,0.1
4436,Mathlib.RingTheory.Localization.Free,3.58,3.58,0.00,0.1
4437,Mathlib.CategoryTheory.Limits.Constructions.ZeroObjects,1.80,1.80,0.00,0.1
4438,Mathlib.Analysis.MellinInversion,3.73,3.73,0.00,0.1
4439,Mathlib.NumberTheory.PowModTotient,1.89,1.89,0.00,0.1
4440,Mathlib.ModelTheory.Satisfiability,1.91,1.91,0.00,0.1
4441,Mathlib.LinearAlgebra.Basis.Fin,1.91,1.91,0.00,0.1
4442,Mathlib.CategoryTheory.Abelian.Basic,5.82,5.82,0.00,0.1
4443,Mathlib.MeasureTheory.Function.Holder,7.96,7.96,0.00,0.1
4444,Mathlib.AlgebraicTopology.DoldKan.FunctorN,2.00,2.00,0.00,0.0
4445,Mathlib.MeasureTheory.Function.AbsolutelyContinuous,4.05,4.05,0.00,0.0
4446,Mathlib.Data.Sym.Basic,2.10,2.10,0.00,0.0
4447,Mathlib.Dynamics.TopologicalEntropy.Subset,2.20,2.20,0.00,0.0
4448,Mathlib.CategoryTheory.Adhesive,2.31,2.31,0.00,0.0
4449,Mathlib.Analysis.InnerProductSpace.TwoDim,7.59,7.58,0.00,0.0
4450,Mathlib.Topology.Algebra.GroupCompletion,2.53,2.53,0.00,0.0
4451,Mathlib.Algebra.BigOperators.Fin,5.14,5.14,0.00,0.0
4452,Mathlib.Probability.Process.Adapted,2.64,2.63,0.00,0.0
4453,Mathlib.Combinatorics.Enumerative.Composition,2.72,2.72,0.00,0.0
4454,Mathlib.CategoryTheory.Sites.Equivalence,2.85,2.85,0.00,0.0
4455,Mathlib.Data.Set.Prod,3.43,3.42,0.00,0.0
4456,Mathlib.RingTheory.PowerSeries.Basic,3.63,3.62,0.00,0.0
4457,Mathlib.Algebra.Module.Submodule.Map,4.25,4.25,0.00,0.0
4458,Mathlib.Tactic.WLOG,1.00,1.00,0.00,0.0
4459,Mathlib.Algebra.Notation.Lemmas,1.11,1.11,0.00,0.0
4460,Mathlib.Order.RelClasses,1.73,1.73,0.00,0.0
4461,Mathlib.Data.List.AList,1.57,1.57,0.00,0.0
4462,Mathlib.Algebra.Order.AddTorsor,1.30,1.30,0.00,0.0
4463,Mathlib.Tactic.CategoryTheory.BicategoricalComp,1.39,1.39,0.00,0.0
4464,Mathlib.Algebra.Order.Ring.Rat,1.19,1.19,0.00,0.0
4465,Mathlib.Order.UpperLower.Relative,1.30,1.30,0.00,0.0
4466,Mathlib.Data.Int.Lemmas,1.29,1.29,0.00,0.0
4467,Mathlib.Order.Monotone.Odd,1.17,1.17,0.00,0.0
4468,Mathlib.Data.Rel.Separated,1.17,1.17,0.00,0.0
4469,Mathlib.CategoryTheory.Products.Unitor,1.28,1.28,0.00,0.0
4470,Mathlib.Data.Finset.Lattice.Basic,1.70,1.70,0.00,0.0
4471,Mathlib.Order.Filter.Ker,1.39,1.39,0.00,0.0
4472,Mathlib.GroupTheory.Submonoid.Centralizer,1.41,1.41,0.00,0.0
4473,Mathlib.Algebra.DirectSum.AddChar,1.38,1.38,0.00,0.0
4474,Mathlib.Topology.Homeomorph.TransferInstance,1.27,1.27,0.00,0.0
4475,Mathlib.Data.Nat.Prime.Nth,1.28,1.28,0.00,0.0
4476,Mathlib.Algebra.Order.Group.Ideal,1.49,1.49,0.00,0.0
4477,Mathlib.Topology.LocallyClosed,1.49,1.49,0.00,0.0
4478,Mathlib.Data.ENNReal.Lemmas,1.39,1.39,0.00,0.0
4479,Mathlib.Algebra.Algebra.IsSimpleRing,1.39,1.39,0.00,0.0
4480,Mathlib.Topology.Separation.Profinite,1.51,1.51,0.00,0.0
4481,Mathlib.CategoryTheory.Preadditive.FunctorCategory,1.69,1.69,0.00,0.0
4482,Mathlib.NumberTheory.PrimeCounting,1.84,1.84,0.00,0.0
4483,Mathlib.CategoryTheory.Monoidal.Closed.Functor,1.98,1.98,0.00,0.0
4484,Mathlib.CategoryTheory.Monoidal.Cartesian.CommMon_,1.61,1.61,0.00,0.0
4485,Mathlib.Algebra.Category.Ring.Epi,1.90,1.90,0.00,0.0
4486,Mathlib.RingTheory.PolynomialAlgebra,2.81,2.81,0.00,0.0
4487,Mathlib.RingTheory.PrincipalIdealDomainOfPrime,1.71,1.71,0.00,0.0
4488,Mathlib.Algebra.MvPolynomial.Variables,2.01,2.01,0.00,0.0
4489,Mathlib.Topology.MetricSpace.Pseudo.Basic,2.29,2.29,0.00,0.0
4490,Mathlib.Algebra.MvPolynomial.Polynomial,1.60,1.60,0.00,0.0
4491,Mathlib.Topology.MetricSpace.Ultra.Pi,1.50,1.50,0.00,0.0
4492,Mathlib.RingTheory.Polynomial.Dickson,2.33,2.33,0.00,0.0
4493,Mathlib.Algebra.Homology.ShortComplex.ExactFunctor,2.00,2.00,0.00,0.0
4494,Mathlib.CategoryTheory.Abelian.GrothendieckCategory.Coseparator,1.61,1.61,0.00,0.0
4495,Mathlib.AlgebraicTopology.FundamentalGroupoid.FundamentalGroup,1.80,1.80,0.00,0.0
4496,Mathlib.LinearAlgebra.Eigenspace.Charpoly,2.00,2.00,0.00,0.0
4497,Mathlib.AlgebraicGeometry.Morphisms.OpenImmersion,3.07,3.07,0.00,0.0
4498,Mathlib.MeasureTheory.Integral.Lebesgue,1.82,1.82,0.00,0.0
4499,Mathlib.Geometry.Manifold.IntegralCurve.Transform,3.33,3.33,0.00,0.0
4500,Mathlib.MeasureTheory.Integral.IntervalIntegral.Basic,6.88,6.88,0.00,0.0
4501,Mathlib.CategoryTheory.Limits.Shapes.BinaryProducts,6.85,6.85,-0.00,-0.0
4502,Mathlib.Geometry.Manifold.VectorBundle.MDifferentiable,6.65,6.66,-0.00,-0.0
4503,Mathlib.Analysis.Calculus.Implicit,11.15,11.15,-0.00,-0.0
4504,Mathlib.Probability.Distributions.Uniform,4.09,4.09,-0.00,-0.0
4505,Mathlib.Algebra.Star.LinearMap,3.33,3.33,-0.00,-0.0
4506,Mathlib.Probability.Distributions.Exponential,2.82,2.82,-0.00,-0.0
4507,Mathlib.FieldTheory.AxGrothendieck,2.76,2.76,-0.00,-0.0
4508,Mathlib.Geometry.Manifold.PoincareConjecture,2.72,2.72,-0.00,-0.0
4509,Mathlib.CategoryTheory.Limits.Comma,2.63,2.63,-0.00,-0.0
4510,Mathlib.Algebra.Lie.Weights.Cartan,5.15,5.15,-0.00,-0.0
4511,Mathlib.NumberTheory.NumberField.Ideal.Basic,4.50,4.50,-0.00,-0.0
4512,Mathlib.MeasureTheory.Function.Egorov,2.23,2.23,-0.00,-0.0
4513,Mathlib.Condensed.Light.Explicit,2.21,2.21,-0.00,-0.0
4514,Mathlib.MeasureTheory.Function.SpecialFunctions.Inner,2.14,2.14,-0.00,-0.0
4515,Mathlib.Geometry.Manifold.ContMDiff.NormedSpace,12.45,12.45,-0.01,-0.0
4516,Mathlib.CategoryTheory.Adjunction.Lifting.Right,2.03,2.03,-0.00,-0.0
4517,Mathlib.RingTheory.Localization.InvSubmonoid,2.01,2.02,-0.00,-0.0
4518,Mathlib.Topology.Maps.Basic,2.00,2.00,-0.00,-0.0
4519,Mathlib.RingTheory.Bialgebra.GroupLike,2.00,2.00,-0.00,-0.0
4520,Mathlib.LinearAlgebra.Orientation,3.83,3.83,-0.00,-0.1
4521,Mathlib.MeasureTheory.Integral.Indicator,1.90,1.91,-0.00,-0.1
4522,Mathlib.Logic.Function.Basic,1.81,1.81,-0.00,-0.1
4523,Mathlib.RingTheory.Noetherian.OfPrime,1.79,1.79,-0.00,-0.1
4524,Mathlib.Algebra.Central.Basic,1.70,1.70,-0.00,-0.1
4525,Mathlib.CategoryTheory.EffectiveEpi.Preserves,1.58,1.58,-0.00,-0.1
4526,Mathlib.GroupTheory.GroupAction.SubMulAction,4.60,4.60,-0.00,-0.1
4527,Mathlib.MeasureTheory.Integral.Prod,4.46,4.47,-0.00,-0.1
4528,Mathlib.CategoryTheory.ObjectProperty.Extensions,1.49,1.49,-0.00,-0.1
4529,Mathlib.Dynamics.Ergodic.Action.OfMinimal,4.35,4.35,-0.00,-0.1
4530,Mathlib.Analysis.Analytic.Inverse,8.68,8.68,-0.01,-0.1
4531,Mathlib.Combinatorics.Quiver.Path.Weight,1.41,1.41,-0.00,-0.1
4532,Mathlib.GroupTheory.Perm.Subgroup,1.39,1.39,-0.00,-0.1
4533,Mathlib.Data.W.Cardinal,1.39,1.39,-0.00,-0.1
4534,Mathlib.Algebra.Field.Defs,1.30,1.30,-0.00,-0.1
4535,Mathlib.CategoryTheory.EffectiveEpi.Enough,1.30,1.30,-0.00,-0.1
4536,Mathlib.Algebra.Order.SuccPred.WithBot,1.30,1.30,-0.00,-0.1
4537,Mathlib.CategoryTheory.HomCongr,1.28,1.28,-0.00,-0.1
4538,Mathlib.Combinatorics.Additive.CauchyDavenport,2.53,2.53,-0.00,-0.1
4539,Mathlib.CategoryTheory.Sites.EqualizerSheafCondition,2.41,2.41,-0.00,-0.1
4540,Mathlib.Data.Set.Sigma,2.35,2.35,-0.00,-0.1
4541,Mathlib.Tactic.ITauto,2.34,2.35,-0.00,-0.1
4542,Mathlib.NumberTheory.ModularForms.EisensteinSeries.IsBoundedAtImInfty,2.33,2.33,-0.00,-0.1
4543,Mathlib.RingTheory.Localization.Away.Basic,4.61,4.61,-0.00,-0.1
4544,Mathlib.Topology.Algebra.Group.OpenMapping,2.22,2.22,-0.00,-0.1
4545,Mathlib.Algebra.Homology.Double,2.21,2.22,-0.00,-0.1
4546,Mathlib.NumberTheory.Rayleigh,2.21,2.21,-0.00,-0.1
4547,Mathlib.CategoryTheory.Distributive.Monoidal,2.21,2.21,-0.00,-0.1
4548,Mathlib.Order.Prod.Lex.Hom,1.09,1.10,-0.00,-0.1
4549,Mathlib.Analysis.CStarAlgebra.Unitary.Span,5.33,5.34,-0.00,-0.1
4550,Mathlib.NumberTheory.AbelSummation,5.32,5.33,-0.00,-0.1
4551,Mathlib.Analysis.Normed.Group.SeparationQuotient,2.05,2.05,-0.00,-0.1
4552,Mathlib.Algebra.Group.Int.Defs,1.02,1.02,-0.00,-0.1
4553,Mathlib.Tactic.StacksAttribute,1.01,1.01,-0.00,-0.1
4554,Mathlib.CategoryTheory.Abelian.Transfer,1.91,1.92,-0.00,-0.1
4555,Mathlib.MeasureTheory.Group.FundamentalDomain,13.39,13.40,-0.01,-0.1
4556,Mathlib.MeasureTheory.Function.ConditionalExpectation.Real,2.73,2.73,-0.00,-0.1
4557,Mathlib.Topology.Order.CountableSeparating,1.82,1.82,-0.00,-0.1
4558,Mathlib.Probability.Kernel.Disintegration.Unique,2.62,2.62,-0.00,-0.1
4559,Mathlib.MeasureTheory.Integral.BoundedContinuousFunction,2.61,2.61,-0.00,-0.1
4560,Mathlib.GroupTheory.Frattini,1.69,1.70,-0.00,-0.1
4561,Mathlib.MeasureTheory.Integral.Asymptotics,2.52,2.53,-0.00,-0.1
4562,Mathlib.AlgebraicTopology.Quasicategory.TwoTruncated,4.09,4.09,-0.00,-0.1
4563,Mathlib.Geometry.Manifold.VectorField.LieBracket,6.51,6.52,-0.01,-0.1
4564,Mathlib.NumberTheory.ModularForms.JacobiTheta.Bounds,3.24,3.24,-0.00,-0.1
4565,Mathlib.GroupTheory.SpecificGroups.Dihedral,2.41,2.41,-0.00,-0.1
4566,Mathlib.Data.Fin.Tuple.NatAntidiagonal,1.61,1.61,-0.00,-0.1
4567,Mathlib.Topology.UniformSpace.Pi,1.59,1.59,-0.00,-0.1
4568,Mathlib.Data.Int.Cast.Pi,0.79,0.80,-0.00,-0.1
4569,Mathlib.Topology.Algebra.Group.TopologicalAbelianization,1.58,1.58,-0.00,-0.1
4570,Mathlib.Data.Nat.Prime.Defs,1.57,1.57,-0.00,-0.1
4571,Mathlib.Tactic.CC.Lemmas,0.78,0.78,-0.00,-0.1
4572,Mathlib.SetTheory.Lists,2.33,2.34,-0.00,-0.1
4573,Mathlib.Probability.Distributions.Gaussian,2.31,2.31,-0.00,-0.1
4574,Mathlib.Analysis.SpecialFunctions.Gaussian.GaussianIntegral,3.84,3.85,-0.00,-0.1
4575,Mathlib.Probability.Moments.Covariance,3.02,3.02,-0.00,-0.1
4576,Mathlib.Algebra.Order.Group.Pointwise.Bounds,1.50,1.51,-0.00,-0.1
4577,Mathlib.Topology.Coherent,1.49,1.49,-0.00,-0.1
4578,Mathlib.CategoryTheory.EffectiveEpi.Comp,1.49,1.49,-0.00,-0.1
4579,Mathlib.MeasureTheory.Integral.IntegrationByParts,2.22,2.23,-0.00,-0.1
4580,Mathlib.Algebra.Category.BialgCat.Basic,2.94,2.94,-0.00,-0.1
4581,Mathlib.Combinatorics.SimpleGraph.Operations,2.92,2.92,-0.00,-0.1
4582,Mathlib.FieldTheory.IntermediateField.Adjoin.Basic,8.73,8.74,-0.01,-0.1
4583,Mathlib.MeasureTheory.Integral.SetIntegral,2.12,2.12,-0.00,-0.1
4584,Mathlib.Topology.ContinuousMap.T0Sierpinski,1.40,1.40,-0.00,-0.1
4585,Mathlib.Algebra.GroupWithZero.Pointwise.Set.Card,1.40,1.40,-0.00,-0.1
4586,Mathlib.Combinatorics.SimpleGraph.Walks.Basic,2.74,2.74,-0.00,-0.1
4587,Mathlib.LinearAlgebra.AffineSpace.AffineSubspace.Defs,4.67,4.68,-0.01,-0.1
4588,Mathlib.Algebra.Group.Torsion,1.30,1.31,-0.00,-0.2
4589,Mathlib.Data.Multiset.Basic,1.30,1.30,-0.00,-0.2
4590,Mathlib.Data.Fintype.WithTopBot,1.29,1.29,-0.00,-0.2
4591,Mathlib.Data.Real.Star,1.28,1.29,-0.00,-0.2
4592,Mathlib.Data.Multiset.Dedup,1.28,1.29,-0.00,-0.2
4593,Mathlib.Control.ULiftable,1.27,1.27,-0.00,-0.2
4594,Mathlib.Combinatorics.SimpleGraph.Maps,2.52,2.52,-0.00,-0.2
4595,Mathlib.Analysis.Analytic.Polynomial,2.51,2.51,-0.00,-0.2
4596,Mathlib.Geometry.Euclidean.MongePoint,4.87,4.88,-0.01,-0.2
4597,Mathlib.Topology.Semicontinuous,4.26,4.27,-0.01,-0.2
4598,Mathlib.Analysis.Asymptotics.SpecificAsymptotics,2.43,2.44,-0.00,-0.2
4599,Mathlib.Probability.Kernel.Composition.AbsolutelyContinuous,2.42,2.42,-0.00,-0.2
4600,Mathlib.CategoryTheory.Limits.Indization.LocallySmall,1.80,1.81,-0.00,-0.2
4601,Mathlib.Data.Rel.Cover,1.18,1.18,-0.00,-0.2
4602,Mathlib.FieldTheory.IntermediateField.Adjoin.Defs,5.19,5.20,-0.01,-0.2
4603,Mathlib.NumberTheory.Cyclotomic.Gal,2.85,2.85,-0.00,-0.2
4604,Mathlib.AlgebraicTopology.SimplicialSet.Op,1.71,1.71,-0.00,-0.2
4605,Mathlib.CategoryTheory.Center.Linear,1.70,1.71,-0.00,-0.2
4606,Mathlib.Analysis.Matrix.LDL,2.83,2.84,-0.00,-0.2
4607,Mathlib.Algebra.GroupWithZero.Action.Pointwise.Finset,1.70,1.70,-0.00,-0.2
4608,Mathlib.Geometry.Manifold.Sheaf.Smooth,6.09,6.10,-0.01,-0.2
4609,Mathlib.Algebra.Category.Ring.FinitePresentation,3.87,3.88,-0.01,-0.2
4610,Mathlib.CategoryTheory.FullSubcategory,1.09,1.09,-0.00,-0.2
4611,Mathlib.MeasureTheory.MeasurableSpace.Constructions,2.70,2.71,-0.00,-0.2
4612,Mathlib.Algebra.Order.GroupWithZero.Unbundled.Lemmas,1.08,1.08,-0.00,-0.2
4613,Mathlib.Tactic.DepRewrite,2.67,2.67,-0.00,-0.2
4614,Mathlib.Combinatorics.Quiver.ConnectedComponent,1.06,1.07,-0.00,-0.2
4615,Mathlib.RingTheory.Morita.Matrix,1.59,1.59,-0.00,-0.2
4616,Mathlib.Topology.MetricSpace.Completion,2.10,2.10,-0.00,-0.2
4617,Mathlib.CategoryTheory.Preadditive.Yoneda.Injective,1.57,1.58,-0.00,-0.2
4618,Mathlib.Analysis.SpecialFunctions.Complex.LogDeriv,2.61,2.62,-0.00,-0.2
4619,Mathlib.Topology.Algebra.RestrictedProduct.Basic,3.12,3.13,-0.01,-0.2
4620,Mathlib.Analysis.Calculus.ParametricIntegral,4.64,4.64,-0.01,-0.2
4621,Mathlib.Topology.OmegaCompletePartialOrder,2.05,2.05,-0.00,-0.2
4622,Mathlib.CategoryTheory.Bicategory.Strict.Pseudofunctor,5.05,5.06,-0.01,-0.2
4623,Mathlib.MeasureTheory.Covering.LiminfLimsup,3.03,3.03,-0.01,-0.2
4624,Mathlib.RingTheory.Polynomial.Radical,2.02,2.02,-0.00,-0.2
4625,Mathlib.Algebra.MonoidAlgebra.Opposite,2.01,2.02,-0.00,-0.2
4626,Mathlib.MeasureTheory.Measure.WithDensityFinite,2.00,2.01,-0.00,-0.2
4627,Mathlib.CategoryTheory.Category.Grpd,1.49,1.49,-0.00,-0.2
4628,Mathlib.Order.Bounds.Basic,3.48,3.48,-0.01,-0.2
4629,Mathlib.Algebra.Order.Ring.Cast,1.98,1.99,-0.00,-0.2
4630,Mathlib.Data.Option.NAry,0.99,0.99,-0.00,-0.2
4631,Mathlib.Analysis.Complex.Polynomial.UnitTrinomial,2.43,2.43,-0.00,-0.2
4632,Mathlib.Analysis.Calculus.LogDerivUniformlyOn,2.41,2.41,-0.00,-0.2
4633,Mathlib.Data.List.MinMax,1.90,1.90,-0.00,-0.2
4634,Mathlib.Algebra.Regular.Basic,1.41,1.41,-0.00,-0.2
4635,Mathlib.Algebra.Homology.ShortComplex.Retract,1.40,1.41,-0.00,-0.2
4636,Mathlib.Combinatorics.Digraph.Orientation,1.39,1.40,-0.00,-0.2
4637,Mathlib.Probability.Process.PartitionFiltration,2.32,2.32,-0.01,-0.2
4638,Mathlib.Data.Finite.Perm,1.39,1.39,-0.00,-0.2
4639,Mathlib.Dynamics.Ergodic.AddCircleAdd,2.31,2.31,-0.01,-0.2
4640,Mathlib.Algebra.Polynomial.Degree.Definitions,2.31,2.31,-0.00,-0.2
4641,Mathlib.Probability.ProbabilityMassFunction.Integrals,2.29,2.30,-0.00,-0.2
4642,Mathlib.Algebra.Ring.CharZero,1.38,1.38,-0.00,-0.2
4643,Mathlib.Analysis.Polynomial.Basic,2.74,2.75,-0.01,-0.2
4644,Mathlib.RingTheory.RingHom.Flat,2.72,2.72,-0.01,-0.2
4645,Mathlib.Topology.Order.MonotoneConvergence,1.79,1.79,-0.00,-0.2
4646,Mathlib.ModelTheory.Algebra.Ring.FreeCommRing,1.78,1.78,-0.00,-0.2
4647,Mathlib.MeasureTheory.Function.LpSeminorm.Trim,2.20,2.21,-0.01,-0.2
4648,Mathlib.CategoryTheory.Localization.CalculusOfFractions.Preadditive,2.20,2.21,-0.00,-0.2
4649,Mathlib.Topology.Algebra.Group.Basic,6.09,6.11,-0.01,-0.2
4650,Mathlib.Data.Fin.Tuple.Take,1.30,1.30,-0.00,-0.2
4651,Mathlib.Analysis.Matrix.PosDef,3.03,3.04,-0.01,-0.2
4652,Mathlib.Algebra.Homology.ExactSequence,2.60,2.60,-0.01,-0.2
4653,Mathlib.Data.Bundle,1.29,1.30,-0.00,-0.2
4654,Mathlib.NumberTheory.ModularForms.DedekindEta,3.44,3.45,-0.01,-0.2
4655,Mathlib.Data.Multiset.Sort,1.29,1.29,-0.00,-0.2
4656,Mathlib.LinearAlgebra.BilinearForm.Orthogonal,3.41,3.42,-0.01,-0.2
4657,Mathlib.Tactic.CancelDenoms,1.28,1.28,-0.00,-0.2
4658,Mathlib.Analysis.Convex.ContinuousLinearEquiv,1.70,1.70,-0.00,-0.2
4659,Mathlib.CategoryTheory.Subobject.Comma,2.12,2.12,-0.00,-0.2
4660,Mathlib.Order.UpperLower.Prod,1.69,1.70,-0.00,-0.2
4661,Mathlib.RingTheory.RootsOfUnity.AlgebraicallyClosed,2.54,2.54,-0.01,-0.2
4662,Mathlib.NumberTheory.NumberField.Ideal,2.52,2.53,-0.01,-0.2
4663,Mathlib.Dynamics.TopologicalEntropy.CoverEntropy,2.52,2.52,-0.01,-0.2
4664,Mathlib.Analysis.ODE.Gronwall,2.92,2.93,-0.01,-0.2
4665,Mathlib.Topology.Algebra.InfiniteSum.SummationFilter,2.91,2.92,-0.01,-0.2
4666,Mathlib.Analysis.CStarAlgebra.Basic,3.33,3.34,-0.01,-0.2
4667,Mathlib.Algebra.EuclideanDomain.Field,1.63,1.63,-0.00,-0.2
4668,Mathlib.Order.Filter.AtTopBot.Finite,1.60,1.61,-0.00,-0.2
4669,Mathlib.Combinatorics.Quiver.Arborescence,1.19,1.19,-0.00,-0.3
4670,Mathlib.Deprecated.Estimator,1.57,1.58,-0.00,-0.3
4671,Mathlib.CategoryTheory.Simple,1.56,1.57,-0.00,-0.3
4672,Mathlib.MeasureTheory.Measure.FiniteMeasurePi,2.73,2.74,-0.01,-0.3
4673,Mathlib.Topology.Algebra.RestrictedProduct.TopologicalSpace,2.72,2.73,-0.01,-0.3
4674,Mathlib.Algebra.BigOperators.Group.List.Basic,2.71,2.72,-0.01,-0.3
4675,Mathlib.Algebra.Ring.Subring.Defs,1.91,1.92,-0.01,-0.3
4676,Mathlib.Tactic.PNatToNat,1.50,1.51,-0.00,-0.3
4677,Mathlib.CategoryTheory.Filtered.CostructuredArrow,1.50,1.51,-0.00,-0.3
4678,Mathlib.LinearAlgebra.Eigenspace.Semisimple,2.63,2.63,-0.01,-0.3
4679,Mathlib.Algebra.Field.Opposite,1.50,1.50,-0.00,-0.3
4680,Mathlib.Combinatorics.Quiver.Path,1.50,1.50,-0.00,-0.3
4681,Mathlib.Algebra.Algebra.Rat,1.50,1.50,-0.00,-0.3
4682,Mathlib.Algebra.Order.SuccPred.PartialSups,1.49,1.50,-0.00,-0.3
4683,Mathlib.Algebra.Order.Archimedean.Hom,1.48,1.49,-0.00,-0.3
4684,Mathlib.Algebra.Group.Subgroup.MulOpposite,1.48,1.49,-0.00,-0.3
4685,Mathlib.Order.Copy,1.84,1.85,-0.00,-0.3
4686,Mathlib.Analysis.ODE.PicardLindelof,4.75,4.76,-0.01,-0.3
4687,Mathlib.Algebra.Group.MinimalAxioms,1.09,1.10,-0.00,-0.3
4688,Mathlib.GroupTheory.GroupAction.FixedPoints,1.81,1.82,-0.01,-0.3
4689,Mathlib.FieldTheory.Minpoly.IsIntegrallyClosed,3.61,3.62,-0.01,-0.3
4690,Mathlib.Data.Int.Cast.Lemmas,1.80,1.81,-0.01,-0.3
4691,Mathlib.RingTheory.TwoSidedIdeal.Lattice,1.79,1.80,-0.00,-0.3
4692,Mathlib.Topology.Algebra.LinearTopology,2.51,2.51,-0.01,-0.3
4693,Mathlib.MeasureTheory.MeasurableSpace.MeasurablyGenerated,1.78,1.79,-0.01,-0.3
4694,Mathlib.CategoryTheory.Subobject.Lattice,3.55,3.56,-0.01,-0.3
4695,Mathlib.NumberTheory.NumberField.Cyclotomic.Three,4.22,4.23,-0.01,-0.3
4696,Mathlib.CategoryTheory.CopyDiscardCategory.Cartesian,1.75,1.76,-0.00,-0.3
4697,Mathlib.RingTheory.Spectrum.Prime.Chevalley,2.10,2.10,-0.01,-0.3
4698,Mathlib.Algebra.Group.Pointwise.Finset.BigOperators,1.40,1.40,-0.00,-0.3
4699,Mathlib.CategoryTheory.MorphismProperty.WeakFactorizationSystem,1.40,1.40,-0.00,-0.3
4700,Mathlib.Data.QPF.Multivariate.Constructions.Sigma,1.39,1.40,-0.00,-0.3
4701,Mathlib.CategoryTheory.Galois.Topology,2.09,2.10,-0.01,-0.3
4702,Mathlib.CategoryTheory.Localization.Preadditive,1.39,1.40,-0.00,-0.3
4703,Mathlib.Analysis.Calculus.FormalMultilinearSeries,8.66,8.68,-0.02,-0.3
4704,Mathlib.CategoryTheory.ConcreteCategory.Elementwise,1.38,1.39,-0.00,-0.3
4705,Mathlib.RingTheory.GradedAlgebra.Noetherian,1.72,1.73,-0.01,-0.3
4706,Mathlib.Algebra.Group.Pi.Lemmas,3.44,3.45,-0.01,-0.3
4707,Mathlib.Algebra.Order.Ring.Basic,1.70,1.71,-0.01,-0.3
4708,Mathlib.Geometry.Manifold.MFDeriv.NormedSpace,12.85,12.89,-0.04,-0.3
4709,Mathlib.Algebra.MvPolynomial.Comap,1.69,1.70,-0.01,-0.3
4710,Mathlib.Topology.Homeomorph.Defs,2.00,2.01,-0.01,-0.3
4711,Mathlib.LinearAlgebra.Matrix.Reindex,1.99,1.99,-0.01,-0.3
4712,Mathlib.Analysis.Convex.SimplicialComplex.Basic,1.98,1.99,-0.01,-0.3
4713,Mathlib.GroupTheory.Coset.Basic,3.63,3.64,-0.01,-0.3
4714,Mathlib.Probability.Independence.Integrable,2.31,2.32,-0.01,-0.3
4715,Mathlib.Analysis.Analytic.IsolatedZeros,5.58,5.59,-0.02,-0.3
4716,Mathlib.Algebra.MvPolynomial.Eval,4.26,4.27,-0.01,-0.3
4717,Mathlib.Data.Int.Cast.Basic,1.31,1.31,-0.00,-0.3
4718,Mathlib.Combinatorics.Matroid.Minor.Restrict,2.94,2.95,-0.01,-0.3
4719,Mathlib.Data.WSeq.Productive,1.29,1.29,-0.00,-0.3
4720,Mathlib.Algebra.Group.PNatPowAssoc,1.29,1.29,-0.00,-0.3
4721,Mathlib.GroupTheory.OreLocalization.OreSet,1.28,1.29,-0.00,-0.3
4722,Mathlib.CategoryTheory.MarkovCategory.Basic,1.28,1.29,-0.00,-0.3
4723,Mathlib.Algebra.Central.End,1.59,1.60,-0.00,-0.3
4724,Mathlib.Algebra.GroupWithZero.Basic,1.59,1.59,-0.00,-0.3
4725,Mathlib.Topology.MetricSpace.Ultra.ContinuousMaps,1.90,1.91,-0.01,-0.3
4726,Mathlib.Algebra.Homology.ConcreteCategory,2.20,2.21,-0.01,-0.3
4727,Mathlib.CategoryTheory.Monoidal.Limits.Preserves,1.26,1.26,-0.00,-0.3
4728,Mathlib.Algebra.Group.Indicator,1.57,1.57,-0.00,-0.3
4729,Mathlib.Geometry.Euclidean.Angle.Unoriented.Conformal,2.15,2.15,-0.01,-0.3
4730,Mathlib.RingTheory.Ideal.Pointwise,2.14,2.15,-0.01,-0.3
4731,Mathlib.MeasureTheory.Integral.Bochner.VitaliCaratheodory,3.04,3.05,-0.01,-0.3
4732,Mathlib.CategoryTheory.Shift.Adjunction,3.65,3.66,-0.01,-0.3
4733,Mathlib.CategoryTheory.Preadditive.Indization,1.50,1.51,-0.00,-0.3
4734,Mathlib.Tactic.SuppressCompilation,1.19,1.20,-0.00,-0.3
4735,Mathlib.AlgebraicTopology.ModelCategory.IsCofibrant,1.49,1.49,-0.01,-0.3
4736,Mathlib.Topology.UniformSpace.HeineCantor,1.48,1.49,-0.01,-0.3
4737,Mathlib.Data.Int.CharZero,1.18,1.18,-0.00,-0.3
4738,Mathlib.Tactic.Widget.InteractiveUnfold,1.18,1.18,-0.00,-0.3
4739,Mathlib.LinearAlgebra.FreeModule.Norm,2.89,2.90,-0.01,-0.3
4740,Mathlib.Topology.Order.Category.AlexDisc,1.73,1.74,-0.01,-0.3
4741,Mathlib.Algebra.Polynomial.GroupRingAction,2.01,2.02,-0.01,-0.3
4742,Mathlib.Algebra.Order.Group.Unbundled.Abs,2.29,2.30,-0.01,-0.3
4743,Mathlib.Analysis.BoxIntegral.Box.SubboxInduction,2.00,2.01,-0.01,-0.3
4744,Mathlib.RingTheory.Finiteness.Finsupp,2.00,2.00,-0.01,-0.3
4745,Mathlib.CategoryTheory.Adjunction.Reflective,1.71,1.72,-0.01,-0.3
4746,Mathlib.Analysis.Complex.Liouville,3.13,3.15,-0.01,-0.3
4747,Mathlib.Util.Export,1.42,1.42,-0.01,-0.4
4748,Mathlib.Combinatorics.SetFamily.Shatter,1.69,1.70,-0.01,-0.4
4749,Mathlib.Analysis.Complex.Periodic,2.81,2.82,-0.01,-0.4
4750,Mathlib.Algebra.Homology.HomotopyCategory.DegreewiseSplit,3.65,3.66,-0.01,-0.4
4751,Mathlib.Geometry.Manifold.IntegralCurve.ExistUnique,3.34,3.35,-0.01,-0.4
4752,Mathlib.CategoryTheory.Monoidal.Conv,1.39,1.40,-0.00,-0.4
4753,Mathlib.CategoryTheory.Monad.Comonadicity,2.50,2.51,-0.01,-0.4
4754,Mathlib.Geometry.Euclidean.Angle.Oriented.Rotation,5.27,5.29,-0.02,-0.4
4755,Mathlib.Util.AddRelatedDecl,1.10,1.10,-0.00,-0.4
4756,Mathlib.CategoryTheory.WithTerminal.FinCategory,1.36,1.37,-0.00,-0.4
4757,Mathlib.Algebra.GroupWithZero.Submonoid.CancelMulZero,1.07,1.08,-0.00,-0.4
4758,Mathlib.Data.Int.Bitwise,1.88,1.88,-0.01,-0.4
4759,Mathlib.Data.Bool.Set,1.07,1.07,-0.00,-0.4
4760,Mathlib.Tactic.NormNum.Prime,1.60,1.60,-0.01,-0.4
4761,Mathlib.Probability.Kernel.Disintegration.Integral,2.93,2.94,-0.01,-0.4
4762,Mathlib.Algebra.Order.Group.Bounds,1.06,1.07,-0.00,-0.4
4763,Mathlib.CategoryTheory.Monoidal.Closed.Types,1.58,1.59,-0.01,-0.4
4764,Mathlib.Data.Int.Fib.Basic,2.64,2.65,-0.01,-0.4
4765,Mathlib.NumberTheory.NumberField.InfinitePlace.Ramification,4.99,5.01,-0.02,-0.4
4766,Mathlib.CategoryTheory.Enriched.EnrichedCat,2.62,2.63,-0.01,-0.4
4767,Mathlib.Topology.Order.Compact,2.60,2.62,-0.01,-0.4
4768,Mathlib.Algebra.Module.Equiv.Opposite,1.30,1.30,-0.01,-0.4
4769,Mathlib.Algebra.Order.Group.Finset,1.81,1.82,-0.01,-0.4
4770,Mathlib.CategoryTheory.Closed.Functor,1.29,1.29,-0.01,-0.4
4771,Mathlib.Geometry.Manifold.VectorBundle.Tangent,5.33,5.35,-0.02,-0.4
4772,Mathlib.Analysis.CStarAlgebra.Hom,3.55,3.57,-0.01,-0.4
4773,Mathlib.Topology.List,1.77,1.78,-0.01,-0.4
4774,Mathlib.Algebra.MvPolynomial.Funext,1.77,1.78,-0.01,-0.4
4775,Mathlib.Topology.Category.TopCat.EffectiveEpi,1.51,1.52,-0.01,-0.4
4776,Mathlib.AlgebraicGeometry.Cover.Open,4.76,4.78,-0.02,-0.4
4777,Mathlib.AlgebraicTopology.ModelCategory.Opposite,1.50,1.51,-0.01,-0.4
4778,Mathlib.CategoryTheory.Limits.Elements,1.49,1.50,-0.01,-0.4
4779,Mathlib.CategoryTheory.Abelian.Ext,1.99,2.00,-0.01,-0.4
4780,Mathlib.Order.Disjoint,1.99,2.00,-0.01,-0.4
4781,Mathlib.Algebra.ContinuedFractions.ConvergentsEquiv,2.23,2.24,-0.01,-0.4
4782,Mathlib.Control.Traversable.Basic,0.99,0.99,-0.00,-0.4
4783,Mathlib.Algebra.BigOperators.Sym,1.48,1.49,-0.01,-0.4
4784,Mathlib.CategoryTheory.Enriched.Limits.HasConicalLimits,1.48,1.49,-0.01,-0.4
4785,Mathlib.Topology.Sheaves.PresheafOfFunctions,1.48,1.49,-0.01,-0.4
4786,Mathlib.Algebra.Ring.Commute,1.48,1.49,-0.01,-0.4
4787,Mathlib.Algebra.MvPolynomial.Expand,2.20,2.21,-0.01,-0.4
4788,Mathlib.Algebra.Homology.TotalComplexShift,5.84,5.87,-0.02,-0.4
4789,Mathlib.Data.Subtype,1.22,1.22,-0.01,-0.4
4790,Mathlib.Data.ENat.Defs,0.97,0.97,-0.00,-0.4
4791,Mathlib.SetTheory.Nimber.Basic,3.13,3.15,-0.01,-0.4
4792,Mathlib.CategoryTheory.Category.ULift,1.69,1.69,-0.01,-0.4
4793,Mathlib.Analysis.Normed.Field.Lemmas,2.41,2.42,-0.01,-0.4
4794,Mathlib.LinearAlgebra.TensorPower.Pairing,1.92,1.92,-0.01,-0.4
4795,Mathlib.AlgebraicTopology.SimplicialSet.AnodyneExtensions.PairingCore,1.92,1.92,-0.01,-0.4
4796,Mathlib.Algebra.Module.Submodule.LinearMap,2.39,2.40,-0.01,-0.4
4797,Mathlib.Order.Category.PartOrd,1.90,1.91,-0.01,-0.4
4798,Mathlib.Algebra.Order.Group.End,1.19,1.19,-0.00,-0.4
4799,Mathlib.Topology.EMetricSpace.Basic,2.84,2.85,-0.01,-0.4
4800,Mathlib.CategoryTheory.ObjectProperty.SiteLocal,1.40,1.40,-0.01,-0.4
4801,Mathlib.RingTheory.OreLocalization.Cardinality,1.40,1.40,-0.01,-0.4
4802,Mathlib.MeasureTheory.Function.SpecialFunctions.Sinc,2.32,2.33,-0.01,-0.4
4803,Mathlib.Algebra.Polynomial.Laurent,3.24,3.25,-0.01,-0.4
4804,Mathlib.Data.WSeq.Basic,2.31,2.32,-0.01,-0.4
4805,Mathlib.Algebra.Group.Fin.Tuple,1.39,1.39,-0.01,-0.4
4806,Mathlib.Tactic.NormNum.PowMod,1.38,1.39,-0.01,-0.4
4807,Mathlib.Tactic.FunProp,0.92,0.92,-0.00,-0.4
4808,Mathlib.ModelTheory.Encoding,2.52,2.53,-0.01,-0.4
4809,Mathlib.Algebra.Polynomial.Monomial,1.60,1.61,-0.01,-0.4
4810,Mathlib.NumberTheory.Harmonic.EulerMascheroni,2.51,2.52,-0.01,-0.4
4811,Mathlib.LinearAlgebra.AffineSpace.Centroid,2.05,2.06,-0.01,-0.4
4812,Mathlib.CategoryTheory.Preadditive.Opposite,1.82,1.83,-0.01,-0.4
4813,Mathlib.Tactic.CC.MkProof,3.18,3.20,-0.01,-0.4
4814,Mathlib.CategoryTheory.Limits.Preserves.Grothendieck,1.80,1.81,-0.01,-0.4
4815,Mathlib.SetTheory.Ordinal.Principal,1.79,1.80,-0.01,-0.4
4816,Mathlib.RingTheory.Nilpotent.Exp,3.56,3.57,-0.02,-0.4
4817,Mathlib.NumberTheory.NumberField.InfinitePlace.Embeddings,3.54,3.56,-0.02,-0.4
4818,Mathlib.Lean.Expr.ExtraRecognizers,1.11,1.11,-0.01,-0.4
4819,Mathlib.Geometry.Manifold.Algebra.Structures,2.43,2.44,-0.01,-0.4
4820,Mathlib.Logic.Equiv.Defs,2.43,2.44,-0.01,-0.5
4821,Mathlib.Combinatorics.SimpleGraph.Hall,2.19,2.20,-0.01,-0.5
4822,Mathlib.MeasureTheory.SpecificCodomains.WithLp,2.62,2.63,-0.01,-0.5
4823,Mathlib.CategoryTheory.Monoidal.Mon_,9.16,9.20,-0.04,-0.5
4824,Mathlib.Topology.MetricSpace.Contracting,2.18,2.19,-0.01,-0.5
4825,Mathlib.Data.Nat.Cast.WithTop,1.09,1.09,-0.00,-0.5
4826,Mathlib.Analysis.Calculus.DSlope,2.39,2.40,-0.01,-0.5
4827,Mathlib.Algebra.Group.Subgroup.Even,1.29,1.30,-0.01,-0.5
4828,Mathlib.CategoryTheory.ChosenFiniteProducts.Over,1.29,1.29,-0.01,-0.5
4829,Mathlib.Order.Fin.SuccAboveOrderIso,1.29,1.29,-0.01,-0.5
4830,Mathlib.Topology.Order.Filter,1.50,1.51,-0.01,-0.5
4831,Mathlib.Order.Circular,1.49,1.50,-0.01,-0.5
4832,Mathlib.Algebra.BigOperators.Module,1.71,1.71,-0.01,-0.5
4833,Mathlib.Data.Finset.Filter,1.49,1.49,-0.01,-0.5
4834,Mathlib.CategoryTheory.Localization.Pi,1.48,1.49,-0.01,-0.5
4835,Mathlib.RingTheory.Algebraic.Cardinality,1.69,1.70,-0.01,-0.5
4836,Mathlib.Data.Finset.Sigma,1.69,1.70,-0.01,-0.5
4837,Mathlib.Analysis.Calculus.DiffContOnCl,2.52,2.53,-0.01,-0.5
4838,Mathlib.Util.ParseCommand,0.84,0.84,-0.00,-0.5
4839,Mathlib.MeasureTheory.Measure.Restrict,4.37,4.39,-0.02,-0.5
4840,Mathlib.NumberTheory.ModularForms.EisensteinSeries.MDifferentiable,2.49,2.50,-0.01,-0.5
4841,Mathlib.RingTheory.Flat.TorsionFree,2.49,2.50,-0.01,-0.5
4842,Mathlib.SetTheory.Ordinal.NaturalOps,4.96,4.99,-0.02,-0.5
4843,Mathlib.Geometry.Manifold.Immersion,4.67,4.69,-0.02,-0.5
4844,Mathlib.Order.Filter.ListTraverse,1.41,1.42,-0.01,-0.5
4845,Mathlib.Algebra.Order.Nonneg.Field,2.01,2.02,-0.01,-0.5
4846,Mathlib.Order.Category.BddOrd,1.81,1.82,-0.01,-0.5
4847,Mathlib.Computability.Tape,1.80,1.81,-0.01,-0.5
4848,Mathlib.Analysis.Calculus.LogDeriv,3.60,3.62,-0.02,-0.5
4849,Mathlib.Tactic.Measurability.Init,1.00,1.01,-0.01,-0.5
4850,Mathlib.Algebra.Field.Equiv,1.20,1.21,-0.01,-0.5
4851,Mathlib.Topology.UniformSpace.Ultra.Constructions,1.40,1.41,-0.01,-0.5
4852,Mathlib.Data.Nat.Choose.Cast,1.20,1.20,-0.01,-0.5
4853,Mathlib.CategoryTheory.ConcreteCategory.Bundled,0.80,0.80,-0.00,-0.5
4854,Mathlib.Order.ConditionallyCompleteLattice.Indexed,2.19,2.21,-0.01,-0.5
4855,Mathlib.AlgebraicTopology.FundamentalGroupoid.Product,2.19,2.20,-0.01,-0.5
4856,Mathlib.Data.Analysis.Topology,1.79,1.80,-0.01,-0.5
4857,Mathlib.CategoryTheory.Equivalence,4.17,4.20,-0.02,-0.5
4858,Mathlib.Tactic.GRewrite,0.99,1.00,-0.01,-0.5
4859,Mathlib.Data.Rat.Init,0.99,1.00,-0.01,-0.5
4860,Mathlib.SetTheory.Ordinal.CantorNormalForm,1.58,1.59,-0.01,-0.5
4861,Mathlib.NumberTheory.ClassNumber.AdmissibleAbsoluteValue,1.78,1.79,-0.01,-0.5
4862,Mathlib.Tactic.TautoSet,1.18,1.19,-0.01,-0.5
4863,Mathlib.Data.Matrix.Diagonal,1.77,1.78,-0.01,-0.5
4864,Mathlib.Algebra.GroupWithZero.Units.Equiv,1.18,1.19,-0.01,-0.5
4865,Mathlib.CategoryTheory.Abelian.Monomorphisms,1.37,1.38,-0.01,-0.5
4866,Mathlib.Data.Multiset.NatAntidiagonal,1.18,1.18,-0.01,-0.5
4867,Mathlib.Data.Nat.Prime.Int,1.17,1.18,-0.01,-0.5
4868,Mathlib.Algebra.Ring.Pointwise.Set,1.17,1.18,-0.01,-0.5
4869,Mathlib.LinearAlgebra.TensorAlgebra.Basis,2.15,2.16,-0.01,-0.5
4870,Mathlib.Geometry.Manifold.Algebra.LieGroup,3.31,3.33,-0.02,-0.5
4871,Mathlib.Data.Set.Insert,2.30,2.31,-0.01,-0.5
4872,Mathlib.CategoryTheory.Abelian.GrothendieckAxioms.Colim,1.91,1.92,-0.01,-0.5
4873,Mathlib.Analysis.Complex.Harmonic.MeanValue,2.48,2.50,-0.01,-0.5
4874,Mathlib.MeasureTheory.Function.LpSpace.Indicator,3.63,3.65,-0.02,-0.5
4875,Mathlib.MeasureTheory.VectorMeasure.WithDensity,2.83,2.85,-0.02,-0.5
4876,Mathlib.Algebra.Notation.Defs,1.32,1.32,-0.01,-0.5
4877,Mathlib.Data.List.InsertIdx,1.31,1.32,-0.01,-0.5
4878,Mathlib.Analysis.Calculus.TangentCone.Basic,3.00,3.02,-0.02,-0.5
4879,Mathlib.Data.String.Basic,4.13,4.15,-0.02,-0.5
4880,Mathlib.Algebra.Ring.GrindInstances,1.31,1.32,-0.01,-0.5
4881,Mathlib.RingTheory.MvPolynomial.WeightedHomogeneous,2.80,2.81,-0.02,-0.5
4882,Mathlib.Data.Set.Pointwise.Support,1.29,1.30,-0.01,-0.5
4883,Mathlib.Data.Vector.Mem,1.29,1.30,-0.01,-0.5
4884,Mathlib.CategoryTheory.Limits.Shapes.Preorder.HasIterationOfShape,1.47,1.48,-0.01,-0.5
4885,Mathlib.Analysis.Fourier.BoundedContinuousFunctionChar,3.86,3.88,-0.02,-0.5
4886,Mathlib.Data.Semiquot,1.28,1.29,-0.01,-0.5
4887,Mathlib.NumberTheory.LegendreSymbol.Basic,2.20,2.21,-0.01,-0.5
4888,Mathlib.RingTheory.MvPowerSeries.Inverse,2.20,2.21,-0.01,-0.5
4889,Mathlib.AlgebraicTopology.SimplexCategory.Truncated,2.20,2.21,-0.01,-0.5
4890,Mathlib.CategoryTheory.Topos.Classifier,2.01,2.02,-0.01,-0.5
4891,Mathlib.Analysis.Asymptotics.LinearGrowth,3.65,3.67,-0.02,-0.5
4892,Mathlib.CategoryTheory.UnivLE,1.27,1.28,-0.01,-0.5
4893,Mathlib.Geometry.Manifold.MFDeriv.FDeriv,2.52,2.54,-0.01,-0.6
4894,Mathlib.Algebra.GroupWithZero.Hom,1.62,1.63,-0.01,-0.6
4895,Mathlib.NumberTheory.SumFourSquares,3.23,3.25,-0.02,-0.6
4896,Mathlib.Algebra.Polynomial.Basic,3.92,3.94,-0.02,-0.6
4897,Mathlib.Analysis.SpecialFunctions.ContinuousFunctionalCalculus.ExpLog.Order,4.80,4.82,-0.03,-0.6
4898,Mathlib.Algebra.BigOperators.Group.Finset.Sigma,1.59,1.60,-0.01,-0.6
4899,Mathlib.NumberTheory.LegendreSymbol.JacobiSymbol,3.53,3.55,-0.02,-0.6
4900,Mathlib.Data.Nat.Prime.Basic,1.59,1.60,-0.01,-0.6
4901,Mathlib.Data.Int.CardIntervalMod,2.29,2.30,-0.01,-0.6
4902,Mathlib.Data.List.Chain,2.64,2.65,-0.02,-0.6
4903,Mathlib.Algebra.Group.Pointwise.Set.ListOfFn,1.39,1.40,-0.01,-0.6
4904,Mathlib.RingTheory.Localization.BaseChange,6.58,6.62,-0.04,-0.6
4905,Mathlib.Algebra.Homology.Embedding.ExtendHomotopy,2.41,2.42,-0.01,-0.6
4906,Mathlib.AlgebraicGeometry.Morphisms.RingHomProperties,4.79,4.82,-0.03,-0.6
4907,Mathlib.Topology.UniformSpace.UniformConvergence,2.22,2.23,-0.01,-0.6
4908,Mathlib.MeasureTheory.Measure.Haar.Basic,4.25,4.27,-0.02,-0.6
4909,Mathlib.Algebra.Ring.MinimalAxioms,1.19,1.20,-0.01,-0.6
4910,Mathlib.MeasureTheory.Group.ModularCharacter,3.05,3.07,-0.02,-0.6
4911,Mathlib.Algebra.Group.Nat.Range,1.19,1.19,-0.01,-0.6
4912,Mathlib.Topology.NoetherianSpace,1.69,1.70,-0.01,-0.6
4913,Mathlib.Algebra.Order.Field.GeomSum,1.69,1.70,-0.01,-0.6
4914,Mathlib.Data.Nat.Fib.Basic,1.69,1.70,-0.01,-0.6
4915,Mathlib.Topology.ClusterPt,1.68,1.69,-0.01,-0.6
4916,Mathlib.LinearAlgebra.RootSystem.Defs,5.88,5.92,-0.04,-0.6
4917,Mathlib.RingTheory.Nakayama,2.85,2.87,-0.02,-0.6
4918,Mathlib.Algebra.Order.PartialSups,1.17,1.18,-0.01,-0.6
4919,Mathlib.AlgebraicTopology.Quasicategory.StrictSegal,2.01,2.02,-0.01,-0.6
4920,Mathlib.Algebra.Module.ZLattice.Basic,10.02,10.08,-0.06,-0.6
4921,Mathlib.Topology.ContinuousMap.Ideals,5.33,5.36,-0.03,-0.6
4922,Mathlib.Analysis.SpecialFunctions.Integrability.Basic,3.33,3.35,-0.02,-0.6
4923,Mathlib.Topology.Constructible,2.32,2.34,-0.01,-0.6
4924,Mathlib.RingTheory.MvPolynomial.EulerIdentity,1.98,2.00,-0.01,-0.6
4925,Mathlib.Algebra.AddTorsor.Basic,1.49,1.50,-0.01,-0.6
4926,Mathlib.Order.Filter.CountablyGenerated,1.49,1.50,-0.01,-0.6
4927,Mathlib.Algebra.Category.Grp.ZModuleEquivalence,1.49,1.50,-0.01,-0.6
4928,Mathlib.Tactic.CategoryTheory.Bicategory.Basic,2.64,2.66,-0.02,-0.6
4929,Mathlib.Condensed.Light.Limits,2.13,2.15,-0.01,-0.6
4930,Mathlib.Probability.Kernel.Integral,2.29,2.31,-0.01,-0.6
4931,Mathlib.Combinatorics.Matroid.Minor.Contract,2.62,2.63,-0.02,-0.6
4932,Mathlib.Algebra.Prime.Defs,1.30,1.31,-0.01,-0.6
4933,Mathlib.Algebra.Order.GroupWithZero.Lex,1.79,1.80,-0.01,-0.6
4934,Mathlib.Data.Set.Disjoint,1.30,1.30,-0.01,-0.6
4935,Mathlib.CategoryTheory.Limits.Shapes.Preorder.Fin,1.30,1.30,-0.01,-0.6
4936,Mathlib.CategoryTheory.Monoidal.Closed.Zero,1.61,1.62,-0.01,-0.6
4937,Mathlib.AlgebraicTopology.SimplicialSet.AnodyneExtensions.Pairing,1.61,1.62,-0.01,-0.6
4938,Mathlib.Order.UpperLower.Basic,4.34,4.37,-0.03,-0.6
4939,Mathlib.CategoryTheory.Limits.Shapes.FunctorToTypes,2.08,2.10,-0.01,-0.6
4940,Mathlib.LinearAlgebra.Matrix.BaseChange,2.24,2.26,-0.01,-0.6
4941,Mathlib.NumberTheory.Transcendental.Lindemann.AnalyticalPart,3.04,3.06,-0.02,-0.6
4942,Mathlib.Order.BooleanAlgebra.Defs,1.28,1.29,-0.01,-0.6
4943,Mathlib.Data.List.ModifyLast,0.79,0.80,-0.01,-0.6
4944,Mathlib.Topology.Constructions,3.02,3.04,-0.02,-0.6
4945,Mathlib.MeasureTheory.Measure.Haar.Quotient,5.71,5.75,-0.04,-0.6
4946,Mathlib.LinearAlgebra.AffineSpace.MidpointZero,1.59,1.60,-0.01,-0.6
4947,Mathlib.RepresentationTheory.Character,2.85,2.87,-0.02,-0.6
4948,Mathlib.Algebra.Order.Quantale,1.58,1.59,-0.01,-0.6
4949,Mathlib.MeasureTheory.Measure.FiniteMeasureExt,3.14,3.16,-0.02,-0.6
4950,Mathlib.AlgebraicTopology.SimplicialSet.Horn,2.50,2.51,-0.02,-0.6
4951,Mathlib.RingTheory.PowerSeries.Trunc,2.49,2.51,-0.02,-0.6
4952,Mathlib.RingTheory.Polynomial.IntegralNormalization,2.64,2.66,-0.02,-0.6
4953,Mathlib.Order.BooleanAlgebra,1.09,1.09,-0.01,-0.6
4954,Mathlib.CategoryTheory.Monad.Types,1.40,1.41,-0.01,-0.6
4955,Mathlib.Data.W.Basic,1.40,1.40,-0.01,-0.6
4956,Mathlib.LinearAlgebra.Matrix.FiniteDimensional,2.01,2.03,-0.01,-0.6
4957,Mathlib.RingTheory.LocalRing.NonLocalRing,1.70,1.72,-0.01,-0.6
4958,Mathlib.Topology.ContinuousMap.Bounded.ArzelaAscoli,2.01,2.02,-0.01,-0.6
4959,Mathlib.LinearAlgebra.Projectivization.Constructions,2.62,2.64,-0.02,-0.6
4960,Mathlib.Order.BourbakiWitt,1.39,1.40,-0.01,-0.6
4961,Mathlib.Topology.Maps.OpenQuotient,1.39,1.40,-0.01,-0.6
4962,Mathlib.CategoryTheory.Triangulated.Opposite.Pretriangulated,2.31,2.32,-0.02,-0.6
4963,Mathlib.Combinatorics.SimpleGraph.Triangle.Removal,4.92,4.95,-0.03,-0.6
4964,Mathlib.CategoryTheory.Limits.Constructions.EventuallyConstant,1.69,1.70,-0.01,-0.6
4965,Mathlib.Algebra.Order.Interval.Finset.SuccPred,1.99,2.01,-0.01,-0.6
4966,Mathlib.Algebra.CharP.Quotient,1.84,1.85,-0.01,-0.6
4967,Mathlib.Analysis.CStarAlgebra.PositiveLinearMap,4.43,4.46,-0.03,-0.7
4968,Mathlib.Analysis.Complex.Polynomial.GaussLucas,2.90,2.92,-0.02,-0.7
4969,Mathlib.Algebra.Ring.Centralizer,1.07,1.07,-0.01,-0.7
4970,Mathlib.Algebra.Colimit.DirectLimit,6.56,6.60,-0.04,-0.7
4971,Mathlib.Topology.Order.Bornology,1.36,1.37,-0.01,-0.7
4972,Mathlib.Probability.Independence.Process,2.72,2.74,-0.02,-0.7
4973,Mathlib.NumberTheory.NumberField.Cyclotomic.Ideal,12.07,12.15,-0.08,-0.7
4974,Mathlib.Data.DFinsupp.Sigma,1.79,1.81,-0.01,-0.7
4975,Mathlib.Analysis.SpecialFunctions.Elliptic.Weierstrass,7.02,7.07,-0.05,-0.7
4976,Mathlib.Analysis.Complex.MeanValue,2.54,2.55,-0.02,-0.7
4977,Mathlib.RingTheory.Noetherian.Orzech,1.79,1.80,-0.01,-0.7
4978,Mathlib.AlgebraicGeometry.EllipticCurve.Affine.Basic,3.28,3.30,-0.02,-0.7
4979,Mathlib.MeasureTheory.Function.ConvergenceInMeasure,2.83,2.85,-0.02,-0.7
4980,Mathlib.Data.Finite.Card,1.48,1.49,-0.01,-0.7
4981,Mathlib.Analysis.SpecialFunctions.Trigonometric.InverseDeriv,2.51,2.52,-0.02,-0.7
4982,Mathlib.Algebra.Polynomial.PartialFractions,2.21,2.22,-0.02,-0.7
4983,Mathlib.Data.Set.Pairwise.List,1.18,1.18,-0.01,-0.7
4984,Mathlib.Analysis.Fourier.AddCircle,4.84,4.88,-0.03,-0.7
4985,Mathlib.Topology.CWComplex.Classical.Subcomplex,2.19,2.21,-0.02,-0.7
4986,Mathlib.RingTheory.Noetherian.Filter,1.46,1.47,-0.01,-0.7
4987,Mathlib.RingTheory.HahnSeries.PowerSeries,2.19,2.21,-0.02,-0.7
4988,Mathlib.Algebra.Group.Center,1.90,1.91,-0.01,-0.7
4989,Mathlib.Data.Finsupp.Order,2.18,2.20,-0.02,-0.7
4990,Mathlib.Data.Nat.Cast.Defs,1.30,1.30,-0.01,-0.7
4991,Mathlib.Analysis.Complex.Hadamard,3.43,3.46,-0.02,-0.7
4992,Mathlib.CategoryTheory.Functor.KanExtension.Dense,1.99,2.00,-0.01,-0.7
4993,Mathlib.Algebra.Order.Monoid.Basic,1.28,1.29,-0.01,-0.7
4994,Mathlib.Algebra.Order.BigOperators.GroupWithZero.Multiset,1.27,1.28,-0.01,-0.7
4995,Mathlib.MeasureTheory.Group.MeasurableEquiv,3.82,3.85,-0.03,-0.7
4996,Mathlib.CategoryTheory.Adjunction.PartialAdjoint,4.23,4.26,-0.03,-0.7
4997,Mathlib.Lean.Meta.CongrTheorems,1.82,1.84,-0.01,-0.7
4998,Mathlib.RingTheory.ChainOfDivisors,2.10,2.12,-0.02,-0.7
4999,Mathlib.LinearAlgebra.PerfectPairing.Restrict,5.17,5.21,-0.04,-0.7
5000,Mathlib.Analysis.Complex.RemovableSingularity,2.93,2.95,-0.02,-0.7
5001,Mathlib.Algebra.Order.Archimedean.Basic,3.63,3.65,-0.03,-0.7
5002,Mathlib.Algebra.BigOperators.Option,1.39,1.40,-0.01,-0.7
5003,Mathlib.Algebra.Central.TensorProduct,2.09,2.10,-0.01,-0.7
5004,Mathlib.Algebra.Order.CompleteField,2.36,2.38,-0.02,-0.7
5005,Mathlib.Algebra.Order.Group.OrderIso,1.38,1.39,-0.01,-0.7
5006,Mathlib.Order.Restriction,1.38,1.39,-0.01,-0.7
5007,Mathlib.CategoryTheory.ObjectProperty.HasCardinalLT,1.38,1.39,-0.01,-0.7
5008,Mathlib.Topology.Compactness.Bases,1.38,1.39,-0.01,-0.7
5009,Mathlib.ModelTheory.Algebra.Field.Basic,2.21,2.22,-0.02,-0.7
5010,Mathlib.Algebra.Group.WithOne.Defs,1.51,1.52,-0.01,-0.7
5011,Mathlib.Order.Filter.Ultrafilter.Defs,1.79,1.80,-0.01,-0.7
5012,Mathlib.AlgebraicTopology.DoldKan.Projections,2.20,2.21,-0.02,-0.7
5013,Mathlib.MeasureTheory.Integral.IntervalIntegral.ContDiff,2.60,2.62,-0.02,-0.7
5014,Mathlib.CategoryTheory.MorphismProperty.Retract,1.37,1.38,-0.01,-0.7
5015,Mathlib.GroupTheory.OreLocalization.Basic,4.35,4.38,-0.03,-0.7
5016,Mathlib.RingTheory.Ideal.Defs,1.50,1.51,-0.01,-0.7
5017,Mathlib.SetTheory.Cardinal.Embedding,1.50,1.51,-0.01,-0.7
5018,Mathlib.CategoryTheory.Comma.Final,1.89,1.90,-0.01,-0.7
5019,Mathlib.Analysis.SpecialFunctions.Log.ERealExp,1.88,1.90,-0.01,-0.7
5020,Mathlib.CategoryTheory.Functor.Functorial,1.20,1.21,-0.01,-0.7
5021,Mathlib.Data.Set.NAry,1.99,2.01,-0.01,-0.7
5022,Mathlib.Order.Filter.Lift,1.59,1.60,-0.01,-0.7
5023,Mathlib.Data.Set.BooleanAlgebra,1.19,1.20,-0.01,-0.7
5024,Mathlib.Analysis.SpecialFunctions.Integrability.LogMeromorphic,3.04,3.06,-0.02,-0.8
5025,Mathlib.RingTheory.PowerSeries.Order,2.38,2.39,-0.02,-0.8
5026,Mathlib.Data.Finset.Union,2.10,2.12,-0.02,-0.8
5027,Mathlib.Algebra.Order.Monoid.WithTop,1.18,1.19,-0.01,-0.8
5028,Mathlib.Logic.Function.DependsOn,1.18,1.19,-0.01,-0.8
5029,Mathlib.LinearAlgebra.Matrix.RowCol,2.10,2.12,-0.02,-0.8
5030,Mathlib.MeasureTheory.Integral.BochnerL1,2.10,2.11,-0.02,-0.8
5031,Mathlib.Tactic.Zify,1.31,1.32,-0.01,-0.8
5032,Mathlib.Analysis.NormedSpace.MultipliableUniformlyOn,2.22,2.24,-0.02,-0.8
5033,Mathlib.Data.List.SplitOn,1.31,1.32,-0.01,-0.8
5034,Mathlib.RingTheory.Ideal.MinimalPrime.Localization,2.09,2.11,-0.02,-0.8
5035,Mathlib.Analysis.Real.Cardinality,2.09,2.10,-0.02,-0.8
5036,Mathlib.Algebra.Module.PointwisePi,1.18,1.18,-0.01,-0.8
5037,Mathlib.Lean.Thunk,0.78,0.79,-0.01,-0.8
5038,Mathlib.Analysis.Normed.Module.TransferInstance,1.82,1.83,-0.01,-0.8
5039,Mathlib.Data.Vector.Defs,1.42,1.43,-0.01,-0.8
5040,Mathlib.Algebra.Category.Grp.AB,2.33,2.35,-0.02,-0.8
5041,Mathlib.Data.Finsupp.PWO,1.29,1.30,-0.01,-0.8
5042,Mathlib.CategoryTheory.CopyDiscardCategory.Basic,1.28,1.29,-0.01,-0.8
5043,Mathlib.Algebra.Polynomial.CancelLeads,2.04,2.06,-0.02,-0.8
5044,Mathlib.Probability.Kernel.Disintegration.StandardBorel,2.80,2.82,-0.02,-0.8
5045,Mathlib.Analysis.Hofer,2.28,2.30,-0.02,-0.8
5046,Mathlib.LinearAlgebra.Matrix.Polynomial,1.89,1.91,-0.02,-0.8
5047,Mathlib.Algebra.Category.Grp.Abelian,2.02,2.04,-0.02,-0.8
5048,Mathlib.Algebra.Lie.NonUnitalNonAssocAlgebra,1.51,1.52,-0.01,-0.8
5049,Mathlib.Algebra.Prime.Lemmas,1.39,1.40,-0.01,-0.8
5050,Mathlib.Combinatorics.Matroid.IndepAxioms,4.03,4.06,-0.03,-0.8
5051,Mathlib.NumberTheory.EulerProduct.DirichletLSeries,3.02,3.04,-0.02,-0.8
5052,Mathlib.CategoryTheory.MorphismProperty.Factorization,3.39,3.42,-0.03,-0.8
5053,Mathlib.Tactic.Linarith.Lemmas,1.38,1.39,-0.01,-0.8
5054,Mathlib.Analysis.Normed.Lp.SmoothApprox,2.63,2.65,-0.02,-0.8
5055,Mathlib.Topology.Algebra.Algebra.Rat,1.50,1.51,-0.01,-0.8
5056,Mathlib.Topology.Algebra.FilterBasis,3.12,3.15,-0.02,-0.8
5057,Mathlib.Data.Finset.Attr,1.00,1.01,-0.01,-0.8
5058,Mathlib.Combinatorics.Quiver.Path.Vertices,1.50,1.51,-0.01,-0.8
5059,Mathlib.Data.Nat.Choose.Sum,1.98,2.00,-0.02,-0.8
5060,Mathlib.LinearAlgebra.Matrix.Charpoly.Coeff,3.93,3.96,-0.03,-0.8
5061,Mathlib.Tactic.CategoryTheory.Monoidal.Datatypes,2.94,2.97,-0.02,-0.8
5062,Mathlib.Tactic.Linarith.Oracle.SimplexAlgorithm,1.71,1.73,-0.01,-0.8
5063,Mathlib.Tactic.Linter.ValidatePRTitle,1.10,1.10,-0.01,-0.8
5064,Mathlib.RingTheory.WittVector.IsPoly,4.14,4.17,-0.03,-0.8
5065,Mathlib.Topology.Sets.CompactOpenCovered,7.79,7.85,-0.06,-0.8
5066,Mathlib.Analysis.CStarAlgebra.Unitary.Connected,8.14,8.21,-0.07,-0.8
5067,Mathlib.CategoryTheory.Square,3.64,3.67,-0.03,-0.8
5068,Mathlib.Order.Antisymmetrization,1.58,1.59,-0.01,-0.8
5069,Mathlib.ModelTheory.ElementarySubstructures,1.57,1.59,-0.01,-0.8
5070,Mathlib.CategoryTheory.Sites.Types,1.69,1.71,-0.01,-0.8
5071,Mathlib.Data.Quot,1.69,1.71,-0.01,-0.8
5072,Mathlib.CategoryTheory.Limits.Shapes.Pullback.HasPullback,3.02,3.05,-0.02,-0.8
5073,Mathlib.MeasureTheory.Integral.ExpDecay,2.41,2.43,-0.02,-0.8
5074,Mathlib.Data.Int.Interval,1.80,1.82,-0.01,-0.8
5075,Mathlib.Order.Basic,3.00,3.03,-0.02,-0.8
5076,Mathlib.Algebra.Order.PUnit,1.08,1.09,-0.01,-0.8
5077,Mathlib.NumberTheory.Cyclotomic.PID,2.52,2.54,-0.02,-0.8
5078,Mathlib.Data.Int.LeastGreatest,1.20,1.21,-0.01,-0.8
5079,Mathlib.Algebra.Module.LocalizedModule.Exact,1.79,1.81,-0.02,-0.8
5080,Mathlib.Algebra.Order.Monoid.NatCast,1.19,1.20,-0.01,-0.8
5081,Mathlib.Algebra.Order.Floor.Defs,1.78,1.79,-0.01,-0.8
5082,Mathlib.Algebra.Polynomial.EraseLead,2.49,2.51,-0.02,-0.8
5083,Mathlib.NumberTheory.LSeries.RiemannZeta,2.95,2.97,-0.03,-0.8
5084,Mathlib.Combinatorics.Additive.RuzsaCovering,1.89,1.90,-0.02,-0.8
5085,Mathlib.Order.Defs.Unbundled,1.30,1.31,-0.01,-0.8
5086,Mathlib.Algebra.Order.Group.CompleteLattice,1.30,1.31,-0.01,-0.8
5087,Mathlib.Control.EquivFunctor.Instances,1.18,1.19,-0.01,-0.8
5088,Mathlib.Algebra.Ring.Nat,1.06,1.07,-0.01,-0.8
5089,Mathlib.Algebra.Module.RingHom,1.29,1.30,-0.01,-0.8
5090,Mathlib.MeasureTheory.Integral.IntervalIntegral,2.22,2.24,-0.02,-0.8
5091,Mathlib.Probability.Kernel.WithDensity,2.80,2.82,-0.02,-0.9
5092,Mathlib.CategoryTheory.Sites.SheafCohomology.Basic,2.32,2.34,-0.02,-0.9
5093,Mathlib.Algebra.Ring.Subring.Order,1.28,1.29,-0.01,-0.9
5094,Mathlib.MeasureTheory.Integral.FundThmCalculus,2.20,2.22,-0.02,-0.9
5095,Mathlib.RingTheory.KrullDimension.LocalRing,2.08,2.10,-0.02,-0.9
5096,Mathlib.Data.NNReal.Star,1.38,1.39,-0.01,-0.9
5097,Mathlib.Data.Prod.Basic,1.49,1.51,-0.01,-0.9
5098,Mathlib.CategoryTheory.Limits.Preserves.Ulift,1.26,1.27,-0.01,-0.9
5099,Mathlib.NumberTheory.Padics.PadicNumbers,6.65,6.71,-0.06,-0.9
5100,Mathlib.RingTheory.IntegralClosure.IsIntegral.Basic,2.29,2.31,-0.02,-0.9
5101,Mathlib.LinearAlgebra.Matrix.Charpoly.Basic,3.55,3.58,-0.03,-0.9
5102,Mathlib.Topology.Order.ProjIcc,1.60,1.61,-0.01,-0.9
5103,Mathlib.MeasureTheory.Integral.RieszMarkovKakutani.Real,7.42,7.48,-0.07,-0.9
5104,Mathlib.Topology.Sheaves.PUnit,1.60,1.61,-0.01,-0.9
5105,Mathlib.RingTheory.TensorProduct.Maps,19.38,19.55,-0.17,-0.9
5106,Mathlib.CategoryTheory.Limits.Creates,2.73,2.75,-0.02,-0.9
5107,Mathlib.Topology.Algebra.Monoid.FunOnFinite,1.48,1.49,-0.01,-0.9
5108,Mathlib.Algebra.Order.Module.PositiveLinearMap,1.47,1.49,-0.01,-0.9
5109,Mathlib.CategoryTheory.Presentable.Finite,1.58,1.60,-0.01,-0.9
5110,Mathlib.LinearAlgebra.Multilinear.Basis,1.92,1.94,-0.02,-0.9
5111,Mathlib.RingTheory.Finiteness.Cardinality,1.91,1.93,-0.02,-0.9
5112,Mathlib.Data.Nat.Hyperoperation,1.69,1.70,-0.02,-0.9
5113,Mathlib.Analysis.Real.Pi.Leibniz,2.59,2.61,-0.02,-0.9
5114,Mathlib.Tactic.Change,0.89,0.90,-0.01,-0.9
5115,Mathlib.Algebra.Homology.Augment,3.12,3.15,-0.03,-0.9
5116,Mathlib.CategoryTheory.Limits.Preserves.Yoneda,1.89,1.91,-0.02,-0.9
5117,Mathlib.Algebra.PEmptyInstances,1.00,1.01,-0.01,-0.9
5118,Mathlib.Algebra.Ring.Subsemiring.Defs,1.89,1.90,-0.02,-0.9
5119,Mathlib.NumberTheory.ModularForms.EisensteinSeries.Basic,2.31,2.33,-0.02,-0.9
5120,Mathlib.Tactic.Linarith.Oracle.SimplexAlgorithm.SimplexAlgorithm,0.99,1.00,-0.01,-0.9
5121,Mathlib.Data.List.ReduceOption,1.32,1.33,-0.01,-0.9
5122,Mathlib.Topology.Algebra.InfiniteSum.NatInt,3.40,3.43,-0.03,-0.9
5123,Mathlib.Algebra.Homology.ComplexShape,1.10,1.11,-0.01,-0.9
5124,Mathlib.LinearAlgebra.Matrix.BilinearForm,4.72,4.76,-0.04,-0.9
5125,Mathlib.Topology.UniformSpace.UniformEmbedding,2.52,2.54,-0.02,-0.9
5126,Mathlib.Tactic.Eval,0.98,0.99,-0.01,-0.9
5127,Mathlib.Algebra.GroupWithZero.TransferInstance,1.31,1.32,-0.01,-0.9
5128,Mathlib.CategoryTheory.GradedObject.Braiding,2.39,2.42,-0.02,-0.9
5129,Mathlib.Data.List.Flatten,1.09,1.10,-0.01,-0.9
5130,Mathlib.Order.Interval.Set.OrdConnected,1.41,1.42,-0.01,-0.9
5131,Mathlib.Probability.Distributions.Gaussian.Basic,5.21,5.25,-0.05,-0.9
5132,Mathlib.Algebra.Polynomial.RingDivision,2.27,2.29,-0.02,-0.9
5133,Mathlib.CategoryTheory.IsomorphismClasses,1.30,1.31,-0.01,-0.9
5134,Mathlib.Analysis.Normed.Module.Completion,2.60,2.62,-0.02,-0.9
5135,Mathlib.Data.Sum.Basic,1.30,1.31,-0.01,-0.9
5136,Mathlib.RingTheory.Flat.EquationalCriterion,5.07,5.12,-0.05,-0.9
5137,Mathlib.LinearAlgebra.Lagrange,3.13,3.16,-0.03,-0.9
5138,Mathlib.Algebra.Group.Invertible.Defs,1.29,1.30,-0.01,-0.9
5139,Mathlib.Algebra.GroupWithZero.Action.ConjAct,1.29,1.30,-0.01,-0.9
5140,Mathlib.Logic.Encodable.Lattice,1.40,1.41,-0.01,-0.9
5141,Mathlib.Algebra.Module.Prod,1.07,1.08,-0.01,-0.9
5142,Mathlib.Algebra.Field.Rat,1.29,1.30,-0.01,-0.9
5143,Mathlib.CategoryTheory.Localization.LocallySmall,1.40,1.41,-0.01,-0.9
5144,Mathlib.Algebra.Order.Group.Action.Flag,1.18,1.19,-0.01,-0.9
5145,Mathlib.NumberTheory.Padics.PadicIntegers,4.07,4.11,-0.04,-0.9
5146,Mathlib.Analysis.SpecialFunctions.Gaussian.PoissonSummation,3.10,3.13,-0.03,-0.9
5147,Mathlib.Order.Category.FinPartOrd,1.71,1.72,-0.02,-0.9
5148,Mathlib.Data.Finsupp.Encodable,1.39,1.40,-0.01,-0.9
5149,Mathlib.Algebra.BigOperators.NatAntidiagonal,1.39,1.40,-0.01,-0.9
5150,Mathlib.LinearAlgebra.FreeModule.Determinant,1.81,1.83,-0.02,-0.9
5151,Mathlib.Algebra.Homology.DerivedCategory.Ext.TStructure,1.92,1.93,-0.02,-0.9
5152,Mathlib.Algebra.Order.GroupWithZero.Unbundled.OrderIso,1.27,1.28,-0.01,-0.9
5153,Mathlib.Algebra.Algebra.Subalgebra.Prod,1.70,1.71,-0.02,-0.9
5154,Mathlib.GroupTheory.GroupAction.Pointwise,1.59,1.60,-0.01,-0.9
5155,Mathlib.Data.Nat.Order.Lemmas,1.06,1.07,-0.01,-0.9
5156,Mathlib.Topology.Hom.ContinuousEval,1.38,1.39,-0.01,-0.9
5157,Mathlib.Algebra.Order.Monoid.Prod,1.27,1.28,-0.01,-0.9
5158,Mathlib.Algebra.Order.Monoid.Submonoid,1.16,1.17,-0.01,-0.9
5159,Mathlib.Algebra.Category.Grp.Ulift,2.32,2.35,-0.02,-0.9
5160,Mathlib.Algebra.AffineMonoid.Irreducible,1.90,1.92,-0.02,-0.9
5161,Mathlib.SetTheory.Game.State,1.58,1.60,-0.01,-0.9
5162,Mathlib.CategoryTheory.Localization.Resolution,2.32,2.34,-0.02,-0.9
5163,Mathlib.CategoryTheory.Presentable.Limits,1.79,1.80,-0.02,-0.9
5164,Mathlib.RingTheory.DedekindDomain.SInteger,2.63,2.65,-0.02,-0.9
5165,Mathlib.Analysis.Calculus.BumpFunction.SmoothApprox,2.52,2.55,-0.02,-0.9
5166,Mathlib.Data.Finsupp.SMul,1.78,1.80,-0.02,-0.9
5167,Mathlib.MeasureTheory.Measure.DiracProba,2.41,2.44,-0.02,-0.9
5168,Mathlib.Algebra.Group.Pointwise.Finset.Basic,5.56,5.61,-0.05,-0.9
5169,Mathlib.Algebra.Homology.Opposite,4.51,4.55,-0.04,-0.9
5170,Mathlib.RingTheory.WittVector.TeichmullerSeries,2.62,2.64,-0.02,-0.9
5171,Mathlib.NumberTheory.ModularForms.Identities,2.20,2.22,-0.02,-0.9
5172,Mathlib.Algebra.Group.Units.Basic,2.51,2.53,-0.02,-0.9
5173,Mathlib.Order.SupIndep,2.82,2.85,-0.03,-0.9
5174,Mathlib.RingTheory.TwoSidedIdeal.Operations,2.40,2.42,-0.02,-0.9
5175,Mathlib.RingTheory.TensorProduct.IsBaseChangeFree,2.08,2.10,-0.02,-1.0
5176,Mathlib.NumberTheory.LSeries.Positivity,2.50,2.52,-0.02,-1.0
5177,Mathlib.Combinatorics.SetFamily.Compression.UV,2.49,2.52,-0.02,-1.0
5178,Mathlib.CategoryTheory.EffectiveEpi.Basic,1.66,1.68,-0.02,-1.0
5179,Mathlib.Algebra.Lie.Cochain,9.32,9.41,-0.09,-1.0
5180,Mathlib.CategoryTheory.Preadditive.Biproducts,6.34,6.40,-0.06,-1.0
5181,Mathlib.CategoryTheory.Shift.SingleFunctors,3.03,3.06,-0.03,-1.0
5182,Mathlib.RingTheory.Spectrum.Prime.Polynomial,8.38,8.46,-0.08,-1.0
5183,Mathlib.Data.Finsupp.Antidiagonal,1.50,1.52,-0.01,-1.0
5184,Mathlib.Algebra.Notation.Pi.Defs,1.30,1.31,-0.01,-1.0
5185,Mathlib.Algebra.GroupWithZero.Defs,1.30,1.31,-0.01,-1.0
5186,Mathlib.Tactic.Linter.TextBased,1.59,1.61,-0.02,-1.0
5187,Mathlib.Algebra.Regular.Defs,1.00,1.01,-0.01,-1.0
5188,Mathlib.Topology.Algebra.Monoid.Defs,1.39,1.41,-0.01,-1.0
5189,Mathlib.Algebra.Polynomial.Lifts,1.79,1.81,-0.02,-1.0
5190,Mathlib.Data.Finsupp.Ext,1.39,1.40,-0.01,-1.0
5191,Mathlib.Analysis.Calculus.InverseFunctionTheorem.ApproximatesLinearOn,6.15,6.21,-0.06,-1.0
5192,Mathlib.Algebra.IsPrimePow,1.49,1.50,-0.01,-1.0
5193,Mathlib.Analysis.Complex.CauchyIntegral,4.96,5.01,-0.05,-1.0
5194,Mathlib.Algebra.Module.Torsion.Free,1.39,1.40,-0.01,-1.0
5195,Mathlib.Data.Matrix.Mul,4.25,4.29,-0.04,-1.0
5196,Mathlib.Data.Nat.Choose.Bounds,1.48,1.50,-0.01,-1.0
5197,Mathlib.Tactic.Finiteness,1.28,1.30,-0.01,-1.0
5198,Mathlib.Algebra.Order.BigOperators.Group.LocallyFinite,1.88,1.89,-0.02,-1.0
5199,Mathlib.Algebra.ContinuedFractions.Basic,1.28,1.29,-0.01,-1.0
5200,Mathlib.Control.Fix,1.18,1.19,-0.01,-1.0
5201,Mathlib.CategoryTheory.Limits.Types.Shapes,1.28,1.29,-0.01,-1.0
5202,Mathlib.CategoryTheory.ObjectProperty.CompleteLattice,1.28,1.29,-0.01,-1.0
5203,Mathlib.Lean.Meta.KAbstractPositions,0.88,0.89,-0.01,-1.0
5204,Mathlib.CategoryTheory.Functor.FunctorHom,2.94,2.96,-0.03,-1.0
5205,Mathlib.CategoryTheory.Sites.Preserves,1.56,1.58,-0.02,-1.0
5206,Mathlib.Algebra.Homology.DerivedCategory.SingleTriangle,2.24,2.26,-0.02,-1.0
5207,Mathlib.CategoryTheory.Limits.EssentiallySmall,1.26,1.28,-0.01,-1.0
5208,Mathlib.CategoryTheory.Closed.FunctorCategory.Basic,1.26,1.27,-0.01,-1.0
5209,Mathlib.Data.Option.Defs,0.78,0.78,-0.01,-1.0
5210,Mathlib.Data.Matrix.DualNumber,1.84,1.86,-0.02,-1.0
5211,Mathlib.Algebra.Ring.Periodic,2.60,2.62,-0.03,-1.0
5212,Mathlib.Geometry.Manifold.ConformalGroupoid,1.92,1.94,-0.02,-1.0
5213,Mathlib.RingTheory.OreLocalization.Basic,1.92,1.94,-0.02,-1.0
5214,Mathlib.CategoryTheory.Category.ReflQuiv,2.20,2.23,-0.02,-1.0
5215,Mathlib.Combinatorics.SimpleGraph.Finite,2.10,2.12,-0.02,-1.0
5216,Mathlib.MeasureTheory.Integral.IntervalIntegral.DerivIntegrable,6.02,6.08,-0.06,-1.0
5217,Mathlib.RingTheory.DividedPowers.RatAlgebra,2.19,2.21,-0.02,-1.0
5218,Mathlib.Data.Sym.Sym2.Order,1.80,1.82,-0.02,-1.0
5219,Mathlib.Tactic.Nontriviality.Core,1.51,1.52,-0.02,-1.0
5220,Mathlib.Probability.Independence.Basic,4.04,4.08,-0.04,-1.1
5221,Mathlib.GroupTheory.Solvable,1.78,1.80,-0.02,-1.1
5222,Mathlib.RingTheory.Coalgebra.GroupLike,2.72,2.75,-0.03,-1.1
5223,Mathlib.Algebra.Group.Idempotent,1.22,1.23,-0.01,-1.1
5224,Mathlib.Algebra.Group.ConjFinite,1.40,1.42,-0.01,-1.1
5225,Mathlib.Probability.Martingale.BorelCantelli,3.08,3.12,-0.03,-1.1
5226,Mathlib.Topology.Algebra.Star.Real,1.50,1.51,-0.02,-1.1
5227,Mathlib.Data.Complex.Exponential,1.59,1.60,-0.02,-1.1
5228,Mathlib.Data.Finsupp.ToDFinsupp,1.87,1.89,-0.02,-1.1
5229,Mathlib.Topology.Sheaves.Forget,1.49,1.51,-0.02,-1.1
5230,Mathlib.Algebra.Divisibility.Prod,1.21,1.22,-0.01,-1.1
5231,Mathlib.Algebra.Module.Card,1.39,1.41,-0.02,-1.1
5232,Mathlib.Data.Finsupp.BigOperators,1.39,1.40,-0.01,-1.1
5233,Mathlib.Algebra.Group.Subgroup.ZPowers.Lemmas,1.39,1.40,-0.01,-1.1
5234,Mathlib.CategoryTheory.CopyDiscardCategory.Deterministic,1.29,1.31,-0.01,-1.1
5235,Mathlib.Tactic.Order.Preprocessing,1.48,1.49,-0.02,-1.1
5236,Mathlib.NumberTheory.Zsqrtd.GaussianInt,2.48,2.51,-0.03,-1.1
5237,Mathlib.RingTheory.Regular.IsSMulRegular,2.85,2.88,-0.03,-1.1
5238,Mathlib.AlgebraicTopology.SimplicialSet.CompStruct,2.30,2.33,-0.03,-1.1
5239,Mathlib.Algebra.Ring.Action.ConjAct,1.29,1.30,-0.01,-1.1
5240,Mathlib.CategoryTheory.Subpresheaf.Sieves,1.38,1.39,-0.01,-1.1
5241,Mathlib.CategoryTheory.Functor.ReflectsIso.Basic,1.19,1.20,-0.01,-1.1
5242,Mathlib.Algebra.Regular.ULift,1.18,1.20,-0.01,-1.1
5243,Mathlib.RingTheory.LocalProperties.Basic,4.15,4.20,-0.05,-1.1
5244,Mathlib.Topology.Algebra.Valued.LocallyCompact,5.05,5.11,-0.06,-1.1
5245,Mathlib.Analysis.Complex.Arg,2.07,2.10,-0.02,-1.1
5246,Mathlib.CategoryTheory.Action.Basic,4.59,4.64,-0.05,-1.1
5247,Mathlib.AlgebraicTopology.DoldKan.Decomposition,1.98,2.00,-0.02,-1.1
5248,Mathlib.Algebra.Category.ModuleCat.LeftResolution,1.88,1.90,-0.02,-1.1
5249,Mathlib.Analysis.Real.Pi.Chudnovsky,2.60,2.62,-0.03,-1.1
5250,Mathlib.RingTheory.Jacobson.Radical,2.86,2.90,-0.03,-1.1
5251,Mathlib.Order.WellFoundedSet,2.50,2.53,-0.03,-1.1
5252,Mathlib.Analysis.InnerProductSpace.Rayleigh,3.84,3.89,-0.04,-1.1
5253,Mathlib.RingTheory.Localization.AtPrime.Extension,2.40,2.43,-0.03,-1.1
5254,Mathlib.Tactic.CategoryTheory.Bicategory.Normalize,2.92,2.95,-0.03,-1.1
5255,Mathlib.CategoryTheory.Subpresheaf.Image,2.29,2.32,-0.03,-1.1
5256,Mathlib.Analysis.Analytic.CPolynomial,8.29,8.39,-0.09,-1.1
5257,Mathlib.Data.List.Lookmap,0.88,0.89,-0.01,-1.1
5258,Mathlib.Topology.ContinuousMap.Star,2.20,2.23,-0.02,-1.1
5259,Mathlib.MeasureTheory.Integral.CurveIntegral.Basic,6.25,6.32,-0.07,-1.1
5260,Mathlib.Probability.Kernel.Composition.KernelLemmas,2.10,2.12,-0.02,-1.1
5261,Mathlib.NumberTheory.Cyclotomic.Three,2.62,2.65,-0.03,-1.1
5262,Mathlib.Util.SleepHeartbeats,0.79,0.79,-0.01,-1.1
5263,Mathlib.Data.Set.Restrict,1.39,1.41,-0.02,-1.1
5264,Mathlib.RingTheory.Jacobson.Polynomial,1.91,1.93,-0.02,-1.1
5265,Mathlib.Algebra.Order.Hom.TypeTags,1.47,1.49,-0.02,-1.1
5266,Mathlib.Geometry.Euclidean.PerpBisector,2.51,2.54,-0.03,-1.1
5267,Mathlib.Data.Nat.GCD.Basic,1.73,1.75,-0.02,-1.1
5268,Mathlib.LinearAlgebra.Dimension.StrongRankCondition,2.91,2.95,-0.03,-1.2
5269,Mathlib.RingTheory.Perfectoid.BDeRham,3.08,3.12,-0.04,-1.2
5270,Mathlib.NumberTheory.MulChar.Duality,2.31,2.33,-0.03,-1.2
5271,Mathlib.CategoryTheory.Abelian.FunctorCategory,2.13,2.16,-0.03,-1.2
5272,Mathlib.Analysis.Normed.Operator.Mul,6.57,6.64,-0.08,-1.2
5273,Mathlib.Testing.Plausible.Functions,1.70,1.72,-0.02,-1.2
5274,Mathlib.MeasureTheory.Integral.Pi,2.98,3.01,-0.04,-1.2
5275,Mathlib.NumberTheory.LSeries.SumCoeff,4.75,4.81,-0.06,-1.2
5276,Mathlib.CategoryTheory.Abelian.Indization,3.22,3.26,-0.04,-1.2
5277,Mathlib.Order.Bounds.OrderIso,1.18,1.20,-0.01,-1.2
5278,Mathlib.Probability.Independence.Integration,3.21,3.25,-0.04,-1.2
5279,Mathlib.Algebra.Order.Monoid.Associated,1.18,1.20,-0.01,-1.2
5280,Mathlib.Topology.Bornology.Absorbs,1.77,1.79,-0.02,-1.2
5281,Mathlib.Analysis.NormedSpace.FunctionSeries,1.68,1.70,-0.02,-1.2
5282,Mathlib.GroupTheory.Perm.Cycle.Concrete,2.19,2.21,-0.03,-1.2
5283,Mathlib.Tactic.FunProp.ContDiff,2.01,2.04,-0.02,-1.2
5284,Mathlib.Topology.Instances.AddCircle.Real,1.92,1.94,-0.02,-1.2
5285,Mathlib.Tactic.CategoryTheory.IsoReassoc,1.17,1.18,-0.01,-1.2
5286,Mathlib.Algebra.GroupWithZero.Regular,1.08,1.10,-0.01,-1.2
5287,Mathlib.Combinatorics.Quiver.Cast,1.08,1.10,-0.01,-1.2
5288,Mathlib.Analysis.Distribution.FourierSchwartz,8.99,9.09,-0.11,-1.2
5289,Mathlib.Data.Option.Basic,1.41,1.43,-0.02,-1.2
5290,Mathlib.Combinatorics.Matroid.Dual,2.08,2.10,-0.02,-1.2
5291,Mathlib.MeasureTheory.Constructions.BorelSpace.Complex,1.91,1.93,-0.02,-1.2
5292,Mathlib.Analysis.Normed.Field.ProperSpace,1.90,1.93,-0.02,-1.2
5293,Mathlib.RingTheory.AlgebraicIndependent.Basic,2.81,2.84,-0.03,-1.2
5294,Mathlib.GroupTheory.ClassEquation,1.57,1.59,-0.02,-1.2
5295,Mathlib.Algebra.Order.Group.Nat,1.07,1.08,-0.01,-1.2
5296,Mathlib.MeasureTheory.Measure.Tight,1.89,1.92,-0.02,-1.2
5297,Mathlib.CategoryTheory.Subobject.WellPowered,1.40,1.41,-0.02,-1.2
5298,Mathlib.CategoryTheory.Triangulated.Orthogonal,1.89,1.91,-0.02,-1.2
5299,Mathlib.Topology.Algebra.InfiniteSum.Constructions,9.28,9.39,-0.11,-1.2
5300,Mathlib.Topology.Algebra.AffineSubspace,1.80,1.83,-0.02,-1.2
5301,Mathlib.CategoryTheory.Limits.Filtered,1.39,1.41,-0.02,-1.2
5302,Mathlib.RingTheory.PowerSeries.WellKnown,2.37,2.40,-0.03,-1.2
5303,Mathlib.Algebra.Group.Nat.Hom,1.30,1.32,-0.02,-1.2
5304,Mathlib.Order.Ideal,2.20,2.22,-0.03,-1.2
5305,Mathlib.MeasureTheory.Integral.CircleAverage,3.74,3.79,-0.05,-1.2
5306,Mathlib.CategoryTheory.Sigma.Basic,1.78,1.80,-0.02,-1.2
5307,Mathlib.RingTheory.Ideal.Prod,2.11,2.13,-0.03,-1.2
5308,Mathlib.GroupTheory.Divisible,1.78,1.80,-0.02,-1.2
5309,Mathlib.Probability.CDF,2.43,2.46,-0.03,-1.2
5310,Mathlib.Analysis.Complex.Polynomial.Basic,3.23,3.27,-0.04,-1.2
5311,Mathlib.CategoryTheory.Sites.Abelian,1.37,1.39,-0.02,-1.2
5312,Mathlib.Data.Finsupp.Option,1.77,1.79,-0.02,-1.2
5313,Mathlib.SetTheory.Cardinal.NatCount,1.37,1.39,-0.02,-1.2
5314,Mathlib.SetTheory.Ordinal.FixedPoint,1.69,1.71,-0.02,-1.2
5315,Mathlib.CategoryTheory.Limits.Shapes.MultiequalizerPullback,1.60,1.62,-0.02,-1.2
5316,Mathlib.LinearAlgebra.SymplecticGroup,2.31,2.34,-0.03,-1.2
5317,Mathlib.LinearAlgebra.Complex.Module,4.46,4.51,-0.06,-1.2
5318,Mathlib.CategoryTheory.NatIso,2.62,2.66,-0.03,-1.2
5319,Mathlib.CategoryTheory.Functor.OfSequence,1.67,1.69,-0.02,-1.2
5320,Mathlib.CategoryTheory.Limits.Shapes.CombinedProducts,1.91,1.93,-0.02,-1.2
5321,Mathlib.CategoryTheory.ChosenFiniteProducts,1.27,1.29,-0.02,-1.2
5322,Mathlib.RingTheory.DiscreteValuationRing.TFAE,3.56,3.61,-0.04,-1.2
5323,Mathlib.Order.CompleteLattice.Defs,1.57,1.59,-0.02,-1.3
5324,Mathlib.Order.Heyting.Basic,3.22,3.26,-0.04,-1.3
5325,Mathlib.Tactic.Continuity.Init,1.02,1.03,-0.01,-1.3
5326,Mathlib.Analysis.InnerProductSpace.StarOrder,4.40,4.45,-0.06,-1.3
5327,Mathlib.Combinatorics.Enumerative.Partition.GenFun,4.71,4.77,-0.06,-1.3
5328,Mathlib.Algebra.Module.Submodule.Ker,2.59,2.62,-0.03,-1.3
5329,Mathlib.RingTheory.NonUnitalSubsemiring.Basic,2.98,3.01,-0.04,-1.3
5330,Mathlib.Analysis.SpecialFunctions.Trigonometric.Bounds,2.97,3.01,-0.04,-1.3
5331,Mathlib.CategoryTheory.Filtered.Final,1.87,1.90,-0.02,-1.3
5332,Mathlib.CategoryTheory.Abelian.Refinements,1.48,1.50,-0.02,-1.3
5333,Mathlib.Analysis.Complex.OpenMapping,2.96,2.99,-0.04,-1.3
5334,Mathlib.Algebra.Category.Grp.CartesianMonoidal,1.79,1.81,-0.02,-1.3
5335,Mathlib.Util.AtomM.Recurse,1.09,1.10,-0.01,-1.3
5336,Mathlib.CategoryTheory.Filtered.Flat,1.39,1.41,-0.02,-1.3
5337,Mathlib.NumberTheory.NumberField.Units.DirichletTheorem,6.64,6.73,-0.09,-1.3
5338,Mathlib.Analysis.NormedSpace.IndicatorFunction,1.47,1.49,-0.02,-1.3
5339,Mathlib.CategoryTheory.CofilteredSystem,1.93,1.96,-0.03,-1.3
5340,Mathlib.Topology.Category.CompHausLike.Basic,1.69,1.72,-0.02,-1.3
5341,Mathlib.Order.GaloisConnection.Basic,1.77,1.79,-0.02,-1.3
5342,Mathlib.Algebra.Order.Field.Basic,4.14,4.20,-0.05,-1.3
5343,Mathlib.MeasureTheory.SetSemiring,2.07,2.10,-0.03,-1.3
5344,Mathlib.Data.Nat.Upto,1.07,1.09,-0.01,-1.3
5345,Mathlib.Data.Nat.ChineseRemainder,1.59,1.61,-0.02,-1.3
5346,Mathlib.RingTheory.Nilpotent.Defs,1.59,1.61,-0.02,-1.3
5347,Mathlib.CategoryTheory.Types.Set,1.29,1.31,-0.02,-1.3
5348,Mathlib.Geometry.Euclidean.SignedDist,5.54,5.61,-0.07,-1.3
5349,Mathlib.Probability.Kernel.Composition.CompMap,1.89,1.91,-0.02,-1.3
5350,Mathlib.MeasureTheory.Covering.VitaliFamily,2.11,2.14,-0.03,-1.3
5351,Mathlib.Combinatorics.Configuration,2.94,2.98,-0.04,-1.3
5352,Mathlib.Algebra.BigOperators.Group.Finset.Basic,6.45,6.53,-0.09,-1.3
5353,Mathlib.Algebra.Group.Hom.Instances,2.32,2.35,-0.03,-1.3
5354,Mathlib.Topology.Category.TopCat.Adjunctions,1.50,1.52,-0.02,-1.3
5355,Mathlib.LinearAlgebra.Alternating.DomCoprod,4.33,4.38,-0.06,-1.3
5356,Mathlib.Tactic.NormNum.LegendreSymbol,3.28,3.32,-0.04,-1.3
5357,Mathlib.Algebra.Order.Invertible,1.26,1.28,-0.02,-1.3
5358,Mathlib.Algebra.Ring.Action.Basic,1.19,1.21,-0.02,-1.3
5359,Mathlib.Combinatorics.Additive.VerySmallDoubling,10.45,10.59,-0.14,-1.3
5360,Mathlib.MeasureTheory.SpecificCodomains.ContinuousMapZero,2.51,2.55,-0.03,-1.3
5361,Mathlib.RingTheory.Polynomial.GaussNorm,1.77,1.80,-0.02,-1.3
5362,Mathlib.Order.Cover,1.99,2.02,-0.03,-1.3
5363,Mathlib.Algebra.Group.Hom.CompTypeclasses,1.11,1.12,-0.01,-1.3
5364,Mathlib.Analysis.SpecialFunctions.Complex.Analytic,2.87,2.91,-0.04,-1.3
5365,Mathlib.CategoryTheory.Limits.Shapes.SplitEqualizer,1.47,1.49,-0.02,-1.3
5366,Mathlib.Analysis.Normed.Group.FunctionSeries,2.13,2.16,-0.03,-1.3
5367,Mathlib.CategoryTheory.Limits.Types.Colimits,1.69,1.71,-0.02,-1.3
5368,Mathlib.Analysis.Normed.Module.MultipliableUniformlyOn,3.74,3.79,-0.05,-1.3
5369,Mathlib.GroupTheory.Coprod.Basic,5.20,5.28,-0.07,-1.3
5370,Mathlib.LinearAlgebra.Multilinear.TensorProduct,1.98,2.00,-0.03,-1.3
5371,Mathlib.Data.List.Iterate,1.17,1.19,-0.02,-1.3
5372,Mathlib.AlgebraicGeometry.IdealSheaf.Subscheme,8.64,8.76,-0.12,-1.3
5373,Mathlib.Data.Nat.Choose.Lucas,1.97,2.00,-0.03,-1.4
5374,Mathlib.Algebra.CharZero.Defs,1.09,1.11,-0.02,-1.4
5375,Mathlib.Deprecated.RingHom,1.16,1.17,-0.02,-1.4
5376,Mathlib.Analysis.Normed.Module.Alternating.Basic,12.45,12.62,-0.17,-1.4
5377,Mathlib.CategoryTheory.Sites.ChosenFiniteProducts,1.37,1.39,-0.02,-1.4
5378,Mathlib.Data.Nat.Cast.Order.Field,1.37,1.39,-0.02,-1.4
5379,Mathlib.Algebra.Order.Disjointed,1.37,1.39,-0.02,-1.4
5380,Mathlib.MeasureTheory.OuterMeasure.BorelCantelli,1.80,1.82,-0.02,-1.4
5381,Mathlib.Data.List.Sublists,1.51,1.53,-0.02,-1.4
5382,Mathlib.LinearAlgebra.Matrix.StdBasis,1.72,1.75,-0.02,-1.4
5383,Mathlib.NumberTheory.NumberField.Completion,2.29,2.32,-0.03,-1.4
5384,Mathlib.Data.Rat.Lemmas,1.57,1.60,-0.02,-1.4
5385,Mathlib.Topology.MetricSpace.Equicontinuity,1.57,1.59,-0.02,-1.4
5386,Mathlib.Data.Finite.Set,1.28,1.30,-0.02,-1.4
5387,Mathlib.RingTheory.NonUnitalSubring.Defs,1.77,1.80,-0.02,-1.4
5388,Mathlib.NumberTheory.ModularForms.QExpansion,4.25,4.32,-0.06,-1.4
5389,Mathlib.Tactic.Recall,0.99,1.00,-0.01,-1.4
5390,Mathlib.Data.Finset.Max,2.62,2.65,-0.04,-1.4
5391,Mathlib.MeasureTheory.Integral.RieszMarkovKakutani.NNReal,3.67,3.73,-0.05,-1.4
5392,Mathlib.Algebra.GroupWithZero.Associated,2.19,2.22,-0.03,-1.4
5393,Mathlib.Data.QPF.Multivariate.Constructions.Prj,1.27,1.29,-0.02,-1.4
5394,Mathlib.Data.Seq.Parallel,1.69,1.72,-0.02,-1.4
5395,Mathlib.MeasureTheory.MeasurableSpace.EventuallyMeasurable,1.41,1.43,-0.02,-1.4
5396,Mathlib.CategoryTheory.Triangulated.HomologicalFunctor,2.74,2.77,-0.04,-1.4
5397,Mathlib.Analysis.Normed.Operator.Banach,9.28,9.41,-0.13,-1.4
5398,Mathlib.Geometry.Manifold.LocalInvariantProperties,2.79,2.83,-0.04,-1.4
5399,Mathlib.Topology.Order.WithTop,3.41,3.46,-0.05,-1.4
5400,Mathlib.Geometry.Manifold.MFDeriv.Atlas,3.83,3.88,-0.05,-1.4
5401,Mathlib.CategoryTheory.Preadditive.Injective.LiftingProperties,1.39,1.41,-0.02,-1.4
5402,Mathlib.Analysis.Analytic.Uniqueness,3.13,3.17,-0.05,-1.4
5403,Mathlib.Algebra.Lie.OfAssociative,3.89,3.95,-0.06,-1.4
5404,Mathlib.Topology.Order.LawsonTopology,2.01,2.04,-0.03,-1.4
5405,Mathlib.GroupTheory.GroupAction.SubMulAction.Closure,1.39,1.41,-0.02,-1.4
5406,Mathlib.Logic.Equiv.Sum,1.60,1.62,-0.02,-1.4
5407,Mathlib.Analysis.Calculus.Deriv.Mul,9.57,9.71,-0.14,-1.4
5408,Mathlib.Data.Nat.Digits.Div,1.39,1.41,-0.02,-1.4
5409,Mathlib.Algebra.Field.NegOnePow,1.59,1.62,-0.02,-1.4
5410,Mathlib.RingTheory.Ideal.MinimalPrime.Basic,1.80,1.82,-0.03,-1.4
5411,Mathlib.Analysis.InnerProductSpace.MulOpposite,2.42,2.46,-0.04,-1.4
5412,Mathlib.Algebra.Order.Antidiag.Finsupp,2.21,2.24,-0.03,-1.4
5413,Mathlib.SetTheory.ZFC.VonNeumann,1.78,1.80,-0.03,-1.4
5414,Mathlib.Algebra.MvPolynomial.Nilpotent,2.59,2.63,-0.04,-1.4
5415,Mathlib.LinearAlgebra.Matrix.HermitianFunctionalCalculus,2.18,2.21,-0.03,-1.4
5416,Mathlib.RingTheory.UniqueFactorizationDomain.Kaplansky,2.18,2.21,-0.03,-1.4
5417,Mathlib.Data.Set.Card.Arithmetic,1.90,1.93,-0.03,-1.4
5418,Mathlib.Analysis.NormedSpace.Alternating.Curry,1.90,1.93,-0.03,-1.5
5419,Mathlib.Algebra.GroupWithZero.Action.Hom,1.29,1.31,-0.02,-1.5
5420,Mathlib.Tactic.ToAdditive,1.01,1.02,-0.01,-1.5
5421,Mathlib.Analysis.Complex.SummableUniformlyOn,2.29,2.32,-0.03,-1.5
5422,Mathlib.Data.Rat.Cast.Defs,2.09,2.12,-0.03,-1.5
5423,Mathlib.Analysis.Complex.ValueDistribution.ProximityFunction,2.69,2.73,-0.04,-1.5
5424,Mathlib.Tactic.FieldSimp.Lemmas,2.08,2.11,-0.03,-1.5
5425,Mathlib.RingTheory.Ideal.Quotient.Noetherian,1.68,1.70,-0.02,-1.5
5426,Mathlib.Combinatorics.SimpleGraph.Walk,1.27,1.29,-0.02,-1.5
5427,Mathlib.Data.Array.Extract,1.20,1.22,-0.02,-1.5
5428,Mathlib.Lean.GoalsLocation,0.80,0.81,-0.01,-1.5
5429,Mathlib.Algebra.Polynomial.Bivariate,4.67,4.74,-0.07,-1.5
5430,Mathlib.Probability.Moments.IntegrableExpMul,4.34,4.40,-0.06,-1.5
5431,Mathlib.Analysis.SpecialFunctions.Pow.NNReal,5.07,5.14,-0.08,-1.5
5432,Mathlib.Topology.ContinuousMap.Sigma,1.40,1.42,-0.02,-1.5
5433,Mathlib.Topology.Sets.Compacts,2.72,2.76,-0.04,-1.5
5434,Mathlib.Combinatorics.Matroid.Rank.Cardinal,1.99,2.02,-0.03,-1.5
5435,Mathlib.Analysis.Convex.SpecificFunctions.Deriv,2.52,2.56,-0.04,-1.5
5436,Mathlib.Combinatorics.SetFamily.AhlswedeZhang,2.58,2.62,-0.04,-1.5
5437,Mathlib.RingTheory.Coalgebra.TensorProduct,8.13,8.26,-0.12,-1.5
5438,Mathlib.Order.Filter.AtTopBot.Tendsto,1.37,1.40,-0.02,-1.5
5439,Mathlib.CategoryTheory.Monoidal.ExternalProduct,1.18,1.20,-0.02,-1.5
5440,Mathlib.CategoryTheory.Localization.CalculusOfFractions.Fractions,1.57,1.59,-0.02,-1.5
5441,Mathlib.CategoryTheory.Generator.Presheaf,1.89,1.92,-0.03,-1.5
5442,Mathlib.Topology.Algebra.Module.UniformConvergence,2.28,2.32,-0.04,-1.5
5443,Mathlib.Algebra.Ring.Torsion,1.11,1.12,-0.02,-1.5
5444,Mathlib.LinearAlgebra.AffineSpace.Simplex.Centroid,1.69,1.72,-0.03,-1.5
5445,Mathlib.RingTheory.Congruence.BigOperators,1.30,1.32,-0.02,-1.5
5446,Mathlib.Probability.IdentDistrib,2.79,2.83,-0.04,-1.5
5447,Mathlib.Algebra.Polynomial.HasseDeriv,2.27,2.31,-0.04,-1.5
5448,Mathlib.Tactic.CC.Addition,5.88,5.97,-0.09,-1.5
5449,Mathlib.Algebra.Order.Ring.GeomSum,1.87,1.90,-0.03,-1.5
5450,Mathlib.Topology.ContinuousOn,2.38,2.42,-0.04,-1.5
5451,Mathlib.Data.Fin.SuccPredOrder,1.28,1.30,-0.02,-1.5
5452,Mathlib.Data.PNat.Defs,1.21,1.23,-0.02,-1.5
5453,Mathlib.GroupTheory.Congruence.Defs,2.61,2.65,-0.04,-1.5
5454,Mathlib.CategoryTheory.Limits.Types.Products,1.78,1.81,-0.03,-1.5
5455,Mathlib.GroupTheory.GroupExtension.Defs,2.79,2.83,-0.04,-1.6
5456,Mathlib.Analysis.InnerProductSpace.ProdL2,2.85,2.90,-0.04,-1.6
5457,Mathlib.Data.Prod.TProd,1.38,1.41,-0.02,-1.6
5458,Mathlib.Combinatorics.SetFamily.Shadow,3.58,3.64,-0.06,-1.6
5459,Mathlib.Algebra.Homology.HomologicalComplexAbelian,2.01,2.04,-0.03,-1.6
5460,Mathlib.NumberTheory.NumberField.InfinitePlace.Basic,5.83,5.92,-0.09,-1.6
5461,Mathlib.Algebra.BigOperators.Ring.Multiset,1.50,1.53,-0.02,-1.6
5462,Mathlib.CategoryTheory.Enriched.Ordinary.Basic,2.81,2.86,-0.04,-1.6
5463,Mathlib.SetTheory.Cardinal.UnivLE,1.50,1.52,-0.02,-1.6
5464,Mathlib.Analysis.Normed.Module.Dual,4.97,5.05,-0.08,-1.6
5465,Mathlib.Analysis.Normed.Module.Complemented,4.28,4.35,-0.07,-1.6
5466,Mathlib.CategoryTheory.Adjunction.Unique,1.67,1.70,-0.03,-1.6
5467,Mathlib.FieldTheory.Differential.Basic,3.53,3.59,-0.06,-1.6
5468,Mathlib.Tactic.ProdAssoc,1.30,1.32,-0.02,-1.6
5469,Mathlib.Probability.Moments.Basic,3.22,3.27,-0.05,-1.6
5470,Mathlib.Algebra.GroupWithZero.Action.Basic,1.36,1.38,-0.02,-1.6
5471,Mathlib.CategoryTheory.Limits.Types.Pushouts,2.20,2.24,-0.04,-1.6
5472,Mathlib.Analysis.Convex.KreinMilman,2.39,2.42,-0.04,-1.6
5473,Mathlib.AlgebraicTopology.ModelCategory.Instances,1.89,1.92,-0.03,-1.6
5474,Mathlib.Data.Sym.Card,1.58,1.61,-0.03,-1.6
5475,Mathlib.Data.Nat.Prime.Pow,1.16,1.18,-0.02,-1.6
5476,Mathlib.Data.Multiset.AddSub,1.58,1.61,-0.03,-1.6
5477,Mathlib.Combinatorics.SimpleGraph.Walks.Traversal,2.00,2.04,-0.03,-1.6
5478,Mathlib.Algebra.Homology.AlternatingConst,2.60,2.65,-0.04,-1.6
5479,Mathlib.Algebra.Group.Pi.Basic,1.69,1.72,-0.03,-1.6
5480,Mathlib.GroupTheory.Abelianization.Finite,1.39,1.41,-0.02,-1.6
5481,Mathlib.RingTheory.Adjoin.Tower,2.17,2.21,-0.04,-1.6
5482,Mathlib.Topology.ApproximateUnit,1.51,1.53,-0.02,-1.6
5483,Mathlib.Tactic.Explode.Datatypes,0.79,0.80,-0.01,-1.6
5484,Mathlib.Combinatorics.SimpleGraph.Dart,1.39,1.41,-0.02,-1.6
5485,Mathlib.Data.List.Pairwise,1.08,1.10,-0.02,-1.6
5486,Mathlib.Algebra.Group.Submonoid.Finsupp,1.62,1.65,-0.03,-1.6
5487,Mathlib.Data.Nat.Find,1.50,1.52,-0.02,-1.6
5488,Mathlib.Lean.Meta.DiscrTree,0.78,0.79,-0.01,-1.6
5489,Mathlib.Analysis.BoundedVariation,2.64,2.68,-0.04,-1.6
5490,Mathlib.Algebra.BigOperators.GroupWithZero.Action,1.80,1.83,-0.03,-1.6
5491,Mathlib.Algebra.Ring.Submonoid.Basic,1.20,1.22,-0.02,-1.6
5492,Mathlib.CategoryTheory.Sites.Descent.IsPrestack,2.94,2.98,-0.05,-1.6
5493,Mathlib.Algebra.Category.Grp.LargeColimits,2.08,2.12,-0.04,-1.7
5494,Mathlib.Algebra.Regular.Prod,1.19,1.21,-0.02,-1.7
5495,Mathlib.Data.Set.Image,3.55,3.61,-0.06,-1.7
5496,Mathlib.CategoryTheory.Generator.Preadditive,1.47,1.49,-0.02,-1.7
5497,Mathlib.Data.Nat.Choose.Dvd,1.17,1.19,-0.02,-1.7
5498,Mathlib.GroupTheory.FiniteAbelian.Duality,2.23,2.26,-0.04,-1.7
5499,Mathlib.Algebra.Category.ModuleCat.FilteredColimits,2.40,2.44,-0.04,-1.7
5500,Mathlib.FieldTheory.Normal.Basic,5.37,5.46,-0.09,-1.7
5501,Mathlib.NumberTheory.NumberField.Cyclotomic.PID,2.97,3.02,-0.05,-1.7
5502,Mathlib.Order.ZornAtoms,1.28,1.30,-0.02,-1.7
5503,Mathlib.AlgebraicGeometry.Scheme,7.75,7.88,-0.13,-1.7
5504,Mathlib.LinearAlgebra.GeneralLinearGroup,1.69,1.72,-0.03,-1.7
5505,Mathlib.CategoryTheory.Functor.Currying,3.67,3.73,-0.06,-1.7
5506,Mathlib.Data.Set.Equitable,1.51,1.54,-0.03,-1.7
5507,Mathlib.Topology.Algebra.NonUnitalAlgebra,2.73,2.78,-0.05,-1.7
5508,Mathlib.Data.Multiset.Sum,1.27,1.30,-0.02,-1.7
5509,Mathlib.MeasureTheory.Group.Prod,4.40,4.47,-0.08,-1.7
5510,Mathlib.MeasureTheory.Constructions.BorelSpace.ContinuousLinearMap,2.72,2.76,-0.05,-1.7
5511,Mathlib.RingTheory.Noetherian.Defs,1.78,1.82,-0.03,-1.7
5512,Mathlib.CategoryTheory.Monoidal.Opposite.Mon_,1.78,1.81,-0.03,-1.7
5513,Mathlib.Data.List.NodupEquivFin,1.50,1.52,-0.03,-1.7
5514,Mathlib.Data.DList.Instances,1.61,1.64,-0.03,-1.7
5515,Mathlib.Algebra.Module.BigOperators,1.49,1.52,-0.03,-1.7
5516,Mathlib.NumberTheory.NumberField.CanonicalEmbedding.FundamentalCone,7.22,7.35,-0.13,-1.7
5517,Mathlib.Geometry.Manifold.ContMDiff.Constructions,4.74,4.83,-0.08,-1.7
5518,Mathlib.CategoryTheory.Monoidal.Closed.Enrichment,1.48,1.51,-0.03,-1.7
5519,Mathlib.CategoryTheory.Preadditive.Projective.LiftingProperties,1.37,1.39,-0.02,-1.7
5520,Mathlib.Order.Hom.Lex,1.47,1.50,-0.03,-1.7
5521,Mathlib.Data.Set.SymmDiff,1.08,1.10,-0.02,-1.7
5522,Mathlib.Combinatorics.Matroid.Map,2.49,2.53,-0.04,-1.7
5523,Mathlib.Algebra.DirectSum.Internal,4.75,4.83,-0.08,-1.7
5524,Mathlib.GroupTheory.SpecificGroups.Cyclic,6.88,7.01,-0.12,-1.7
5525,Mathlib.CategoryTheory.EssentialImage,1.69,1.72,-0.03,-1.7
5526,Mathlib.Algebra.Order.Group.Int,1.07,1.09,-0.02,-1.7
5527,Mathlib.Tactic.Relation.Symm,0.78,0.80,-0.01,-1.8
5528,Mathlib.CategoryTheory.Sites.Coherent.CoherentSheaves,1.57,1.59,-0.03,-1.8
5529,Mathlib.Algebra.BigOperators.Group.Finset.Lemmas,1.40,1.42,-0.03,-1.8
5530,Mathlib.RingTheory.UniqueFactorizationDomain.FactorSet,2.52,2.56,-0.04,-1.8
5531,Mathlib.RingTheory.WittVector.Teichmuller,2.07,2.10,-0.04,-1.8
5532,Mathlib.GroupTheory.SpecificGroups.ZGroup,3.46,3.52,-0.06,-1.8
5533,Mathlib.Order.Quotient,1.28,1.30,-0.02,-1.8
5534,Mathlib.Order.Category.BddDistLat,2.11,2.15,-0.04,-1.8
5535,Mathlib.Data.Nat.Prime.Infinite,1.17,1.19,-0.02,-1.8
5536,Mathlib.CategoryTheory.Limits.IsLimit,6.37,6.49,-0.12,-1.8
5537,Mathlib.Analysis.Normed.Group.HomCompletion,2.32,2.37,-0.04,-1.8
5538,Mathlib.Computability.Reduce,1.77,1.80,-0.03,-1.8
5539,Mathlib.Algebra.Module.Torsion.Prod,1.16,1.18,-0.02,-1.8
5540,Mathlib.Topology.Sequences,1.82,1.85,-0.03,-1.8
5541,Mathlib.Algebra.Order.Group.MinMax,1.37,1.40,-0.02,-1.8
5542,Mathlib.Topology.Hom.ContinuousEvalConst,1.37,1.40,-0.02,-1.8
5543,Mathlib.NumberTheory.NumberField.Basic,5.00,5.09,-0.09,-1.8
5544,Mathlib.LinearAlgebra.FreeModule.IdealQuotient,2.42,2.46,-0.04,-1.8
5545,Mathlib.Analysis.Complex.Schwarz,2.63,2.68,-0.05,-1.8
5546,Mathlib.Data.List.Intervals,1.37,1.40,-0.02,-1.8
5547,Mathlib.Algebra.Order.Nonneg.Floor,1.26,1.28,-0.02,-1.8
5548,Mathlib.CategoryTheory.Closed.FunctorCategory.Complete,1.25,1.28,-0.02,-1.8
5549,Mathlib.RingTheory.PowerSeries.PiTopology,2.18,2.22,-0.04,-1.8
5550,Mathlib.CategoryTheory.Sites.Sieves,3.58,3.65,-0.07,-1.8
5551,Mathlib.CategoryTheory.Elementwise,1.30,1.32,-0.02,-1.8
5552,Mathlib.CategoryTheory.ComposableArrows.Basic,12.22,12.44,-0.23,-1.8
5553,Mathlib.Topology.Order.LiminfLimsup,2.21,2.26,-0.04,-1.8
5554,Mathlib.LinearAlgebra.Complex.Orientation,1.78,1.81,-0.03,-1.8
5555,Mathlib.CategoryTheory.Preadditive.Injective.Resolution,1.88,1.92,-0.03,-1.8
5556,Mathlib.Algebra.Ring.Invertible,1.50,1.53,-0.03,-1.8
5557,Mathlib.Analysis.Calculus.LagrangeMultipliers,2.74,2.79,-0.05,-1.8
5558,Mathlib.Analysis.SpecialFunctions.ContinuousFunctionalCalculus.ExpLog,1.98,2.02,-0.04,-1.8
5559,Mathlib.RepresentationTheory.FinGroupCharZero,3.32,3.38,-0.06,-1.8
5560,Mathlib.SetTheory.Cardinal.Ordinal,1.60,1.63,-0.03,-1.8
5561,Mathlib.Data.Fintype.Sum,1.49,1.51,-0.03,-1.9
5562,Mathlib.Analysis.NormedSpace.OperatorNorm.Prod,1.80,1.83,-0.03,-1.9
5563,Mathlib.NumberTheory.GaussSum,4.12,4.20,-0.08,-1.9
5564,Mathlib.SetTheory.Ordinal.Topology,2.00,2.04,-0.04,-1.9
5565,Mathlib.RingTheory.WittVector.Basic,3.42,3.48,-0.06,-1.9
5566,Mathlib.CategoryTheory.Monoidal.FunctorCategory,4.10,4.18,-0.08,-1.9
5567,Mathlib.Data.Multiset.MapFold,1.89,1.93,-0.04,-1.9
5568,Mathlib.MeasureTheory.Integral.Periodic,2.20,2.25,-0.04,-1.9
5569,Mathlib.Algebra.Category.Ring.Instances,1.99,2.03,-0.04,-1.9
5570,Mathlib.CategoryTheory.Bicategory.Functor.Lax,4.25,4.33,-0.08,-1.9
5571,Mathlib.Util.GetAllModules,0.79,0.80,-0.02,-1.9
5572,Mathlib.Order.KonigLemma,1.78,1.81,-0.03,-1.9
5573,Mathlib.CategoryTheory.Monad.Algebra,3.17,3.23,-0.06,-1.9
5574,Mathlib.Algebra.GroupWithZero.ProdHom,1.51,1.54,-0.03,-1.9
5575,Mathlib.CategoryTheory.Bicategory.Functor.StrictPseudofunctor,2.54,2.59,-0.05,-1.9
5576,Mathlib.RingTheory.Ideal.Over,3.26,3.33,-0.06,-1.9
5577,Mathlib.MeasureTheory.Integral.IntervalIntegral.TrapezoidalRule,4.18,4.26,-0.08,-1.9
5578,Mathlib.LinearAlgebra.Matrix.Unique,1.59,1.63,-0.03,-1.9
5579,Mathlib.MeasureTheory.Function.ConditionalExpectation.Basic,3.65,3.72,-0.07,-1.9
5580,Mathlib.Combinatorics.Additive.PluenneckeRuzsa,4.52,4.61,-0.09,-1.9
5581,Mathlib.RingTheory.Ideal.IsPrincipal,2.31,2.35,-0.04,-1.9
5582,Mathlib.Tactic.Qify,1.28,1.31,-0.03,-1.9
5583,Mathlib.Algebra.Regular.Pow,1.28,1.30,-0.03,-1.9
5584,Mathlib.Geometry.Manifold.LocalDiffeomorph,3.78,3.85,-0.07,-1.9
5585,Mathlib.CategoryTheory.Functor.Category,2.49,2.54,-0.05,-1.9
5586,Mathlib.FieldTheory.Minpoly.IsConjRoot,3.05,3.11,-0.06,-1.9
5587,Mathlib.MeasureTheory.Measure.ProbabilityMeasure,4.16,4.24,-0.08,-1.9
5588,Mathlib.Analysis.Convex.SpecificFunctions.Basic,2.42,2.46,-0.05,-1.9
5589,Mathlib.Order.Interval.Lex,1.41,1.44,-0.03,-2.0
5590,Mathlib.Analysis.SpecificLimits.Normed,5.78,5.89,-0.12,-2.0
5591,Mathlib.Probability.Variance,2.20,2.25,-0.04,-2.0
5592,Mathlib.CategoryTheory.Discrete.Basic,2.35,2.40,-0.05,-2.0
5593,Mathlib.FieldTheory.Relrank,5.04,5.14,-0.10,-2.0
5594,Mathlib.Data.Multiset.Pi,1.39,1.42,-0.03,-2.0
5595,Mathlib.Algebra.HierarchyDesign,0.99,1.01,-0.02,-2.0
5596,Mathlib.RingTheory.LocalProperties.Reduced,1.99,2.03,-0.04,-2.0
5597,Mathlib.Algebra.Star.Rat,1.29,1.32,-0.03,-2.0
5598,Mathlib.SetTheory.Cardinal.ToNat,1.59,1.62,-0.03,-2.0
5599,Mathlib.RingTheory.Prime,1.58,1.61,-0.03,-2.0
5600,Mathlib.Geometry.Manifold.Instances.UnitsOfNormedAlgebra,2.52,2.57,-0.05,-2.0
5601,Mathlib.Analysis.Calculus.LocalExtr.LineDeriv,2.62,2.67,-0.05,-2.0
5602,Mathlib.Topology.UniformSpace.Matrix,1.58,1.61,-0.03,-2.0
5603,Mathlib.CategoryTheory.Distributive.Cartesian,1.48,1.51,-0.03,-2.0
5604,Mathlib.Algebra.Group.UniqueProds.Basic,3.80,3.88,-0.08,-2.0
5605,Mathlib.Data.NNReal.Basic,1.77,1.80,-0.04,-2.0
5606,Mathlib.MeasureTheory.Integral.VitaliCaratheodory,2.11,2.15,-0.04,-2.0
5607,Mathlib.CategoryTheory.Comma.StructuredArrow.Small,1.27,1.30,-0.03,-2.0
5608,Mathlib.CategoryTheory.Limits.Shapes.IsTerminal,3.18,3.24,-0.06,-2.0
5609,Mathlib.Topology.Instances.Discrete,1.46,1.49,-0.03,-2.0
5610,Mathlib.RingTheory.RingInvo,1.26,1.29,-0.03,-2.0
5611,Mathlib.Topology.CompactOpen,2.62,2.68,-0.05,-2.0
5612,Mathlib.Data.Int.NatPrime,1.17,1.19,-0.02,-2.0
5613,Mathlib.CategoryTheory.PEmpty,1.16,1.19,-0.02,-2.0
5614,Mathlib.Geometry.Manifold.VectorBundle.LocalFrame,4.50,4.59,-0.09,-2.0
5615,Mathlib.Analysis.Normed.Operator.Extend,7.16,7.30,-0.15,-2.0
5616,Mathlib.Analysis.SpecialFunctions.Complex.Arg,3.29,3.35,-0.07,-2.0
5617,Mathlib.Condensed.Light.TopCatAdjunction,2.85,2.90,-0.06,-2.0
5618,Mathlib.Data.Nat.GCD.BigOperators,1.40,1.43,-0.03,-2.0
5619,Mathlib.Algebra.Category.ModuleCat.Algebra,1.83,1.87,-0.04,-2.0
5620,Mathlib.Algebra.Category.Grp.Basic,3.85,3.93,-0.08,-2.0
5621,Mathlib.Algebra.Order.Ring.Star,1.39,1.42,-0.03,-2.0
5622,Mathlib.Analysis.BoxIntegral.DivergenceTheorem,3.53,3.60,-0.07,-2.1
5623,Mathlib.Data.Rat.Cardinal,1.38,1.40,-0.03,-2.1
5624,Mathlib.GroupTheory.MonoidLocalization.Finite,1.38,1.40,-0.03,-2.1
5625,Mathlib.CategoryTheory.Abelian.SerreClass.Basic,1.47,1.50,-0.03,-2.1
5626,Mathlib.GroupTheory.Perm.Finite,1.89,1.93,-0.04,-2.1
5627,Mathlib.Data.ENNReal.Order,1.27,1.30,-0.03,-2.1
5628,Mathlib.GroupTheory.EckmannHilton,1.09,1.11,-0.02,-2.1
5629,Mathlib.Data.Fintype.Units,1.36,1.39,-0.03,-2.1
5630,Mathlib.MeasureTheory.Measure.Count,1.97,2.02,-0.04,-2.1
5631,Mathlib.Control.Random,1.27,1.29,-0.03,-2.1
5632,Mathlib.RingTheory.PowerSeries.Ideal,2.86,2.92,-0.06,-2.1
5633,Mathlib.Analysis.SpecialFunctions.MulExpNegMulSq,2.39,2.44,-0.05,-2.1
5634,Mathlib.CategoryTheory.Limits.Types.ColimitType,1.78,1.82,-0.04,-2.1
5635,Mathlib.MeasureTheory.Measure.Decomposition.IntegralRNDeriv,2.76,2.82,-0.06,-2.1
5636,Mathlib.Order.CompletePartialOrder,1.26,1.29,-0.03,-2.1
5637,Mathlib.RingTheory.Ideal.IdempotentFG,1.73,1.76,-0.04,-2.1
5638,Mathlib.Algebra.GroupWithZero.InjSurj,1.40,1.43,-0.03,-2.1
5639,Mathlib.CategoryTheory.Category.Factorisation,1.59,1.62,-0.03,-2.1
5640,Mathlib.Topology.Algebra.Group.Pointwise,3.26,3.33,-0.07,-2.1
5641,Mathlib.Data.Multiset.Pairwise,1.21,1.23,-0.03,-2.1
5642,Mathlib.Analysis.NormedSpace.OperatorNorm.Completeness,1.81,1.85,-0.04,-2.1
5643,Mathlib.Data.FinEnum,1.99,2.04,-0.04,-2.1
5644,Mathlib.Algebra.Polynomial.Identities,1.90,1.94,-0.04,-2.1
5645,Mathlib.Probability.Independence.CharacteristicFunction,3.09,3.16,-0.07,-2.1
5646,Mathlib.CategoryTheory.ObjectProperty.ColimitsClosure,1.48,1.51,-0.03,-2.1
5647,Mathlib.RingTheory.TwoSidedIdeal.Basic,1.98,2.02,-0.04,-2.1
5648,Mathlib.Algebra.GroupWithZero.Torsion,1.38,1.41,-0.03,-2.1
5649,Mathlib.Computability.AkraBazzi.AkraBazzi,8.10,8.27,-0.18,-2.1
5650,Mathlib.Order.Hom.Order,1.38,1.41,-0.03,-2.1
5651,Mathlib.NumberTheory.Harmonic.Bounds,2.48,2.54,-0.05,-2.1
5652,Mathlib.Order.Filter.Pointwise,4.14,4.23,-0.09,-2.1
5653,Mathlib.Data.Finsupp.Sigma,1.46,1.50,-0.03,-2.1
5654,Mathlib.Topology.Instances.AddCircle.DenseSubgroup,2.10,2.14,-0.05,-2.1
5655,Mathlib.LinearAlgebra.AffineSpace.AffineEquiv,5.61,5.73,-0.12,-2.1
5656,Mathlib.Data.FunLike.Basic,1.09,1.12,-0.02,-2.2
5657,Mathlib.MeasureTheory.Group.Integral,3.37,3.44,-0.07,-2.2
5658,Mathlib.Order.Cofinal,1.18,1.21,-0.03,-2.2
5659,Mathlib.CategoryTheory.Core,2.50,2.55,-0.05,-2.2
5660,Mathlib.Analysis.InnerProductSpace.Harmonic.Basic,2.81,2.87,-0.06,-2.2
5661,Mathlib.CategoryTheory.ObjectProperty.EpiMono,1.45,1.48,-0.03,-2.2
5662,Mathlib.SetTheory.Cardinal.Arithmetic,2.08,2.12,-0.05,-2.2
5663,Mathlib.RingTheory.Localization.Algebra,3.79,3.88,-0.08,-2.2
5664,Mathlib.Analysis.Calculus.ContDiff.Bounds,7.74,7.91,-0.17,-2.2
5665,Mathlib.AlgebraicGeometry.Morphisms.UnderlyingMap,2.70,2.76,-0.06,-2.2
5666,Mathlib.Algebra.Order.Group.Basic,1.48,1.52,-0.03,-2.2
5667,Mathlib.Algebra.Order.Group.Cone,1.48,1.51,-0.03,-2.2
5668,Mathlib.Algebra.Ring.Action.Subobjects,1.16,1.19,-0.03,-2.2
5669,Mathlib.MeasureTheory.Integral.DominatedConvergence,4.20,4.29,-0.09,-2.2
5670,Mathlib.LinearAlgebra.TensorProduct.Graded.External,6.10,6.24,-0.14,-2.2
5671,Mathlib.RingTheory.QuotSMulTop,4.31,4.41,-0.10,-2.2
5672,Mathlib.Topology.PreorderRestrict,1.29,1.32,-0.03,-2.2
5673,Mathlib.MeasureTheory.Integral.Lebesgue.DominatedConvergence,2.08,2.13,-0.05,-2.2
5674,Mathlib.Order.Interval.Set.Defs,1.10,1.12,-0.02,-2.2
5675,Mathlib.Computability.PostTuringMachine,2.99,3.06,-0.07,-2.2
5676,Mathlib.Geometry.Euclidean.Congruence,2.94,3.01,-0.07,-2.2
5677,Mathlib.Tactic.Linarith.Parsing,1.58,1.61,-0.04,-2.2
5678,Mathlib.RingTheory.WittVector.DiscreteValuationRing,2.45,2.50,-0.06,-2.2
5679,Mathlib.Dynamics.OmegaLimit,1.88,1.92,-0.04,-2.2
5680,Mathlib.AlgebraicGeometry.Sites.MorphismProperty,2.31,2.36,-0.05,-2.2
5681,Mathlib.Algebra.MonoidAlgebra.NoZeroDivisors,1.70,1.74,-0.04,-2.2
5682,Mathlib.GroupTheory.Perm.MaximalSubgroups,3.87,3.96,-0.09,-2.2
5683,Mathlib.MeasureTheory.Measure.Haar.NormedSpace,3.73,3.82,-0.09,-2.3
5684,Mathlib.Tactic.Polyrith,0.78,0.80,-0.02,-2.3
5685,Mathlib.Algebra.NeZero,1.00,1.02,-0.02,-2.3
5686,Mathlib.Analysis.Asymptotics.Theta,2.81,2.88,-0.06,-2.3
5687,Mathlib.Algebra.BigOperators.Group.Finset.Piecewise,2.60,2.66,-0.06,-2.3
5688,Mathlib.Algebra.Order.Hom.Monoid,3.16,3.23,-0.07,-2.3
5689,Mathlib.Geometry.RingedSpace.OpenImmersion,13.15,13.45,-0.30,-2.3
5690,Mathlib.CategoryTheory.Groupoid.FreeGroupoidOfCategory,2.07,2.12,-0.05,-2.3
5691,Mathlib.Analysis.Normed.Module.PiTensorProduct.ProjectiveSeminorm,4.83,4.94,-0.11,-2.3
5692,Mathlib.RingTheory.Adjoin.Field,3.28,3.35,-0.08,-2.3
5693,Mathlib.Dynamics.BirkhoffSum.Basic,1.38,1.41,-0.03,-2.3
5694,Mathlib.Tactic.ApplyAt,0.90,0.92,-0.02,-2.3
5695,Mathlib.Tactic.Translate.ToAdditive,1.20,1.23,-0.03,-2.3
5696,Mathlib.Algebra.Group.Shrink,1.58,1.62,-0.04,-2.3
5697,Mathlib.CategoryTheory.Category.Cat.AsSmall,1.28,1.31,-0.03,-2.3
5698,Mathlib.CategoryTheory.Closed.Ideal,1.37,1.40,-0.03,-2.3
5699,Mathlib.Combinatorics.SimpleGraph.DeleteEdges,1.58,1.62,-0.04,-2.3
5700,Mathlib.Analysis.InnerProductSpace.Projection.Basic,6.87,7.03,-0.16,-2.3
5701,Mathlib.RingTheory.Spectrum.Prime.FreeLocus,6.36,6.51,-0.15,-2.3
5702,Mathlib.CategoryTheory.Functor.Derived.RightDerived,2.08,2.13,-0.05,-2.3
5703,Mathlib.Data.Complex.BigOperators,1.69,1.73,-0.04,-2.3
5704,Mathlib.CategoryTheory.Limits.Shapes.StrictInitial,1.48,1.51,-0.03,-2.3
5705,Mathlib.Data.Int.ConditionallyCompleteOrder,1.39,1.42,-0.03,-2.3
5706,Mathlib.Data.Complex.FiniteDimensional,1.73,1.77,-0.04,-2.3
5707,Mathlib.Logic.Small.List,1.18,1.21,-0.03,-2.3
5708,Mathlib.Algebra.Homology.ShortComplex.Ab,2.02,2.07,-0.05,-2.3
5709,Mathlib.Order.WellFounded,1.26,1.29,-0.03,-2.3
5710,Mathlib.Analysis.Calculus.Taylor,4.53,4.64,-0.11,-2.3
5711,Mathlib.Topology.FiberBundle.IsHomeomorphicTrivialBundle,1.26,1.29,-0.03,-2.3
5712,Mathlib.RingTheory.FractionalIdeal.Extended,3.65,3.73,-0.09,-2.3
5713,Mathlib.NumberTheory.NumberField.AdeleRing,3.10,3.17,-0.07,-2.3
5714,Mathlib.Algebra.Lie.CartanMatrix,2.08,2.13,-0.05,-2.3
5715,Mathlib.Algebra.Order.Module.Pointwise,1.67,1.71,-0.04,-2.3
5716,Mathlib.RingTheory.Bialgebra.Equiv,4.33,4.44,-0.10,-2.3
5717,Mathlib.RepresentationTheory.Subrepresentation,2.20,2.25,-0.05,-2.4
5718,Mathlib.Order.Interval.Set.Limit,1.29,1.32,-0.03,-2.4
5719,Mathlib.Analysis.Normed.Affine.AddTorsor,2.95,3.02,-0.07,-2.4
5720,Mathlib.Util.AssertNoSorry,0.79,0.81,-0.02,-2.4
5721,Mathlib.Algebra.Homology.DerivedCategory.Ext.Basic,4.26,4.37,-0.10,-2.4
5722,Mathlib.RingTheory.Ideal.Basis,1.78,1.82,-0.04,-2.4
5723,Mathlib.Data.Set.Lattice,2.94,3.01,-0.07,-2.4
5724,Mathlib.Order.Interval.Set.Disjoint,1.90,1.95,-0.05,-2.4
5725,Mathlib.Algebra.CharP.IntermediateField,1.81,1.86,-0.04,-2.4
5726,Mathlib.Algebra.Ring.Action.Submonoid,1.28,1.31,-0.03,-2.4
5727,Mathlib.Order.Hom.BoundedLattice,2.80,2.87,-0.07,-2.4
5728,Mathlib.CategoryTheory.MorphismProperty.IsSmall,1.28,1.31,-0.03,-2.4
5729,Mathlib.MeasureTheory.Covering.OneDim,2.39,2.44,-0.06,-2.4
5730,Mathlib.Logic.IsEmpty,1.07,1.09,-0.03,-2.4
5731,Mathlib.Algebra.Order.Monoid.OrderDual,1.07,1.09,-0.03,-2.4
5732,Mathlib.Data.Nat.MaxPowDiv,1.35,1.39,-0.03,-2.4
5733,Mathlib.Algebra.Order.Interval.Set.SuccPred,1.93,1.97,-0.05,-2.4
5734,Mathlib.Analysis.SpecialFunctions.Pow.NthRootLemmas,3.23,3.31,-0.08,-2.4
5735,Mathlib.Algebra.Homology.Embedding.ExtendHomology,3.47,3.56,-0.08,-2.4
5736,Mathlib.Analysis.LocallyConvex.Polar,4.53,4.64,-0.11,-2.4
5737,Mathlib.Data.Fintype.Pigeonhole,1.39,1.42,-0.03,-2.4
5738,Mathlib.Algebra.Homology.HomotopyCategory.Shift,3.70,3.79,-0.09,-2.4
5739,Mathlib.Analysis.Calculus.BumpFunction.Convolution,3.17,3.25,-0.08,-2.4
5740,Mathlib.Dynamics.FixedPoints.Prufer,1.30,1.33,-0.03,-2.4
5741,Mathlib.Order.Part,1.18,1.21,-0.03,-2.4
5742,Mathlib.CategoryTheory.Sites.LocallyBijective,1.91,1.95,-0.05,-2.4
5743,Mathlib.Data.QPF.Multivariate.Constructions.Fix,1.58,1.62,-0.04,-2.4
5744,Mathlib.Condensed.Discrete.Characterization,4.70,4.82,-0.12,-2.4
5745,Mathlib.Computability.AkraBazzi.SumTransform,9.99,10.24,-0.25,-2.4
5746,Mathlib.Topology.ContinuousMap.StarOrdered,2.95,3.02,-0.07,-2.4
5747,Mathlib.CategoryTheory.Bicategory.Modification.Oplax,3.43,3.52,-0.08,-2.4
5748,Mathlib.Topology.Defs.Basic,1.29,1.32,-0.03,-2.4
5749,Mathlib.Topology.EMetricSpace.Pi,1.69,1.73,-0.04,-2.4
5750,Mathlib.Tactic.CategoryTheory.CategoryStar,0.77,0.78,-0.02,-2.4
5751,Mathlib.Data.NNRat.Order,1.29,1.32,-0.03,-2.4
5752,Mathlib.Algebra.Ring.Equiv,3.14,3.22,-0.08,-2.4
5753,Mathlib.Algebra.Order.Group.Lattice,1.37,1.40,-0.03,-2.4
5754,Mathlib.Analysis.InnerProductSpace.Spectrum,4.46,4.57,-0.11,-2.4
5755,Mathlib.Tactic.Cases,1.28,1.32,-0.03,-2.4
5756,Mathlib.LinearAlgebra.TensorPower.Basic,6.10,6.25,-0.15,-2.4
5757,Mathlib.LinearAlgebra.SymmetricAlgebra.Basic,3.68,3.78,-0.09,-2.4
5758,Mathlib.Data.Finset.Pairwise,1.40,1.44,-0.03,-2.4
5759,Mathlib.LinearAlgebra.RootSystem.Chain,6.34,6.50,-0.16,-2.4
5760,Mathlib.CategoryTheory.Closed.Zero,1.27,1.31,-0.03,-2.4
5761,Mathlib.Analysis.Calculus.IteratedDeriv.WithinZpow,2.07,2.12,-0.05,-2.4
5762,Mathlib.NumberTheory.LSeries.DirichletContinuation,3.13,3.21,-0.08,-2.5
5763,Mathlib.LinearAlgebra.Matrix.Ideal,3.04,3.12,-0.08,-2.5
5764,Mathlib.CategoryTheory.Sites.CoversTop,1.46,1.50,-0.04,-2.5
5765,Mathlib.Data.Int.Order.Units,1.26,1.29,-0.03,-2.5
5766,Mathlib.FieldTheory.Perfect,3.11,3.19,-0.08,-2.5
5767,Mathlib.NumberTheory.FermatPsp,2.84,2.91,-0.07,-2.5
5768,Mathlib.Algebra.Ring.PUnit,0.98,1.01,-0.02,-2.5
5769,Mathlib.Algebra.Ring.Submonoid,1.22,1.25,-0.03,-2.5
5770,Mathlib.RingTheory.Norm.Defs,2.00,2.05,-0.05,-2.5
5771,Mathlib.Algebra.Category.MonCat.FilteredColimits,3.28,3.37,-0.08,-2.5
5772,Mathlib.Logic.Function.OfArity,1.17,1.20,-0.03,-2.5
5773,Mathlib.Algebra.Order.Hom.Submonoid,1.17,1.20,-0.03,-2.5
5774,Mathlib.Algebra.Group.Conj,1.36,1.40,-0.03,-2.5
5775,Mathlib.CategoryTheory.LocallyDirected,1.36,1.40,-0.03,-2.5
5776,Mathlib.Algebra.Module.DedekindDomain,2.06,2.12,-0.05,-2.5
5777,Mathlib.Analysis.Calculus.LHopital,2.80,2.87,-0.07,-2.5
5778,Mathlib.Geometry.Manifold.MFDeriv.SpecificFunctions,11.38,11.67,-0.29,-2.5
5779,Mathlib.SetTheory.ZFC.PSet,1.47,1.51,-0.04,-2.5
5780,Mathlib.Order.Category.Frm,1.59,1.63,-0.04,-2.5
5781,Mathlib.Analysis.Calculus.Deriv.Shift,2.21,2.27,-0.06,-2.5
5782,Mathlib.Algebra.Order.Algebra,1.28,1.31,-0.03,-2.5
5783,Mathlib.Topology.Sheaves.Alexandrov,2.42,2.48,-0.06,-2.5
5784,Mathlib.Data.ZMod.Defs,1.69,1.73,-0.04,-2.5
5785,Mathlib.NumberTheory.ModularForms.ArithmeticSubgroups,4.29,4.40,-0.11,-2.5
5786,Mathlib.LinearAlgebra.LeftExact,1.57,1.61,-0.04,-2.5
5787,Mathlib.Data.ENNReal.Basic,2.94,3.02,-0.08,-2.6
5788,Mathlib.CategoryTheory.Category.RelCat,2.10,2.15,-0.05,-2.6
5789,Mathlib.CategoryTheory.Bicategory.Kan.HasKan,2.02,2.07,-0.05,-2.6
5790,Mathlib.LinearAlgebra.Matrix.GeneralLinearGroup.FinTwo,4.72,4.85,-0.12,-2.6
5791,Mathlib.RingTheory.Ideal.Colon,2.06,2.11,-0.05,-2.6
5792,Mathlib.MeasureTheory.Function.LpSpace.DomAct.Basic,4.30,4.41,-0.11,-2.6
5793,Mathlib.Analysis.Normed.Operator.Prod,5.21,5.34,-0.14,-2.6
5794,Mathlib.LinearAlgebra.AffineSpace.ContinuousAffineEquiv,1.60,1.64,-0.04,-2.6
5795,Mathlib.Probability.Density,2.94,3.02,-0.08,-2.6
5796,Mathlib.CategoryTheory.Discrete.StructuredArrow,1.70,1.74,-0.05,-2.6
5797,Mathlib.Algebra.Algebra.Subalgebra.Pi,1.58,1.62,-0.04,-2.6
5798,Mathlib.Tactic.FinCases,1.39,1.43,-0.04,-2.6
5799,Mathlib.NumberTheory.LegendreSymbol.QuadraticReciprocity,2.78,2.85,-0.07,-2.6
5800,Mathlib.RingTheory.Finiteness.Quotient,1.99,2.04,-0.05,-2.6
5801,Mathlib.CategoryTheory.Types.Basic,1.69,1.73,-0.04,-2.6
5802,Mathlib.FieldTheory.Tower,1.68,1.73,-0.05,-2.6
5803,Mathlib.Analysis.Normed.Affine.Isometry,8.04,8.25,-0.21,-2.6
5804,Mathlib.Order.OrdContinuous,1.38,1.42,-0.04,-2.6
5805,Mathlib.AlgebraicTopology.TopologicalSimplex,2.09,2.14,-0.06,-2.6
5806,Mathlib.Topology.Order.Hom.Esakia,1.79,1.83,-0.05,-2.6
5807,Mathlib.AlgebraicGeometry.Sites.SmallAffineZariski,2.75,2.83,-0.07,-2.6
5808,Mathlib.Analysis.Calculus.Deriv.Pow,3.05,3.13,-0.08,-2.6
5809,Mathlib.Topology.FiberBundle.Basic,2.75,2.82,-0.07,-2.6
5810,Mathlib.AlgebraicGeometry.Morphisms.Preimmersion,2.37,2.43,-0.06,-2.6
5811,Mathlib.LinearAlgebra.FreeModule.Finite.Matrix,2.44,2.51,-0.07,-2.6
5812,Mathlib.Order.Filter.IndicatorFunction,1.48,1.52,-0.04,-2.6
5813,Mathlib.RingTheory.Localization.Integer,1.59,1.63,-0.04,-2.6
5814,Mathlib.Analysis.Polynomial.Factorization,2.54,2.61,-0.07,-2.6
5815,Mathlib.Order.ScottContinuity.Complete,1.18,1.21,-0.03,-2.6
5816,Mathlib.Analysis.BoxIntegral.Integrability,3.24,3.33,-0.09,-2.6
5817,Mathlib.CategoryTheory.Groupoid.VertexGroup,1.39,1.43,-0.04,-2.7
5818,Mathlib.RingTheory.UniqueFactorizationDomain.Nat,1.36,1.39,-0.04,-2.7
5819,Mathlib.GroupTheory.Congruence.Basic,2.09,2.15,-0.06,-2.7
5820,Mathlib.Data.DFinsupp.Encodable,1.28,1.32,-0.03,-2.7
5821,Mathlib.LinearAlgebra.Matrix.Orthogonal,1.39,1.43,-0.04,-2.7
5822,Mathlib.Data.DFinsupp.BigOperators,3.70,3.80,-0.10,-2.7
5823,Mathlib.CategoryTheory.Triangulated.Adjunction,2.71,2.78,-0.07,-2.7
5824,Mathlib.Control.Bitraversable.Instances,1.39,1.43,-0.04,-2.7
5825,Mathlib.Order.Sublattice,2.85,2.93,-0.08,-2.7
5826,Mathlib.Algebra.GCDMonoid.Finset,1.57,1.61,-0.04,-2.7
5827,Mathlib.Order.Radical,1.28,1.31,-0.03,-2.7
5828,Mathlib.CategoryTheory.Sites.Coherent.ExtensiveTopology,1.57,1.61,-0.04,-2.7
5829,Mathlib.Dynamics.TopologicalEntropy.DynamicalEntourage,1.46,1.50,-0.04,-2.7
5830,Mathlib.CategoryTheory.Abelian.GrothendieckCategory.ColimCoyoneda,3.20,3.29,-0.09,-2.7
5831,Mathlib.RingTheory.Bialgebra.MonoidAlgebra,3.16,3.25,-0.09,-2.7
5832,Mathlib.Logic.Equiv.Embedding,1.16,1.19,-0.03,-2.7
5833,Mathlib.RingTheory.LocalRing.Defs,0.98,1.00,-0.03,-2.7
5834,Mathlib.MeasureTheory.Measure.WithDensity,3.87,3.98,-0.11,-2.7
5835,Mathlib.Tactic.MoveAdd,1.59,1.64,-0.04,-2.7
5836,Mathlib.CategoryTheory.Localization.CalculusOfFractions.OfAdjunction,1.26,1.30,-0.03,-2.7
5837,Mathlib.Algebra.Order.Monoid.Units,1.26,1.30,-0.04,-2.7
5838,Mathlib.Data.Sum.Lattice,1.72,1.77,-0.05,-2.7
5839,Mathlib.Algebra.MonoidAlgebra.Grading,2.98,3.06,-0.08,-2.7
5840,Mathlib.Topology.MetricSpace.CauSeqFilter,1.72,1.77,-0.05,-2.7
5841,Mathlib.CategoryTheory.LiftingProperties.Basic,1.58,1.62,-0.04,-2.7
5842,Mathlib.CategoryTheory.MorphismProperty.Composition,1.68,1.73,-0.05,-2.7
5843,Mathlib.Order.SuccPred.CompleteLinearOrder,1.57,1.61,-0.04,-2.7
5844,Mathlib.LinearAlgebra.Matrix.SchurComplement,4.38,4.50,-0.12,-2.7
5845,Mathlib.Algebra.Algebra.Defs,1.96,2.01,-0.05,-2.7
5846,Mathlib.GroupTheory.Perm.ClosureSwap,1.60,1.64,-0.04,-2.7
5847,Mathlib.Algebra.Order.Group.TypeTags,1.06,1.09,-0.03,-2.7
5848,Mathlib.CategoryTheory.Groupoid.FreeGroupoid,1.48,1.53,-0.04,-2.8
5849,Mathlib.Probability.Kernel.Composition.Comp,2.26,2.32,-0.06,-2.8
5850,Mathlib.Algebra.Group.Subsemigroup.Basic,1.69,1.74,-0.05,-2.8
5851,Mathlib.Probability.ConditionalExpectation,2.84,2.92,-0.08,-2.8
5852,Mathlib.Probability.Kernel.RadonNikodym,3.14,3.23,-0.09,-2.8
5853,Mathlib.MeasureTheory.Integral.Bochner.Set,7.37,7.58,-0.21,-2.8
5854,Mathlib.NumberTheory.Cyclotomic.Rat,2.58,2.66,-0.07,-2.8
5855,Mathlib.Data.Fin.Pigeonhole,1.29,1.33,-0.04,-2.8
5856,Mathlib.Algebra.Divisibility.Hom,1.19,1.22,-0.03,-2.8
5857,Mathlib.Algebra.Category.ModuleCat.Topology.Basic,11.91,12.25,-0.34,-2.8
5858,Mathlib.RingTheory.Localization.Away.Lemmas,2.02,2.08,-0.06,-2.8
5859,Mathlib.Data.List.Shortlex,1.50,1.54,-0.04,-2.8
5860,Mathlib.CategoryTheory.Comma.LocallySmall,1.25,1.29,-0.04,-2.8
5861,Mathlib.Data.Real.Sign,1.28,1.32,-0.04,-2.8
5862,Mathlib.Tactic.Clean,0.76,0.78,-0.02,-2.8
5863,Mathlib.Algebra.GroupWithZero.Action.End,1.18,1.21,-0.03,-2.8
5864,Mathlib.CategoryTheory.ObjectProperty.Equivalence,1.38,1.42,-0.04,-2.8
5865,Mathlib.RepresentationTheory.FDRep,3.59,3.70,-0.10,-2.8
5866,Mathlib.Algebra.Homology.TotalComplex,4.07,4.19,-0.12,-2.8
5867,Mathlib.MeasureTheory.Integral.IntervalIntegral.Periodic,3.64,3.75,-0.11,-2.8
5868,Mathlib.CategoryTheory.Sums.Products,4.53,4.66,-0.13,-2.8
5869,Mathlib.LinearAlgebra.Finsupp.LSum,3.05,3.14,-0.09,-2.8
5870,Mathlib.LinearAlgebra.RootSystem.Finite.G2,12.71,13.08,-0.37,-2.8
5871,Mathlib.Tactic.Monotonicity.Basic,0.89,0.91,-0.03,-2.8
5872,Mathlib.Data.List.OfFn,1.36,1.41,-0.04,-2.8
5873,Mathlib.Algebra.Ring.Semireal.Defs,1.36,1.40,-0.04,-2.9
5874,Mathlib.Analysis.Complex.PhragmenLindelof,4.15,4.27,-0.12,-2.9
5875,Mathlib.Data.Rat.Floor,3.64,3.74,-0.11,-2.9
5876,Mathlib.Data.Multiset.Functor,1.50,1.54,-0.04,-2.9
5877,Mathlib.MeasureTheory.Constructions.UnitInterval,2.54,2.62,-0.08,-2.9
5878,Mathlib.LinearAlgebra.FreeProduct.Basic,3.14,3.23,-0.09,-2.9
5879,Mathlib.FieldTheory.ChevalleyWarning,2.63,2.71,-0.08,-2.9
5880,Mathlib.FieldTheory.Galois.Profinite,9.04,9.31,-0.27,-2.9
5881,Mathlib.MeasureTheory.Measure.Typeclasses.SFinite,2.80,2.88,-0.08,-2.9
5882,Mathlib.Algebra.Order.Nonneg.Module,1.48,1.53,-0.04,-2.9
5883,Mathlib.MeasureTheory.Topology,1.89,1.94,-0.06,-2.9
5884,Mathlib.CategoryTheory.Monoidal.Rigid.Braided,1.48,1.52,-0.04,-2.9
5885,Mathlib.CategoryTheory.Monoidal.Action.Opposites,4.17,4.29,-0.12,-2.9
5886,Mathlib.Algebra.NonAssoc.PreLie.Basic,1.88,1.94,-0.06,-2.9
5887,Mathlib.Algebra.DirectSum.LinearMap,3.16,3.25,-0.09,-2.9
5888,Mathlib.CategoryTheory.Monoidal.Braided.Basic,6.04,6.21,-0.18,-2.9
5889,Mathlib.Order.CompleteLattice.Finset,1.57,1.62,-0.05,-2.9
5890,Mathlib.Algebra.EuclideanDomain.Int,1.07,1.10,-0.03,-2.9
5891,Mathlib.Geometry.RingedSpace.LocallyRingedSpace.HasColimits,3.44,3.54,-0.10,-2.9
5892,Mathlib.Combinatorics.SimpleGraph.Turan,1.47,1.51,-0.04,-2.9
5893,Mathlib.Order.SuccPred.IntervalSucc,2.39,2.47,-0.07,-2.9
5894,Mathlib.Tactic.GCongr.CoreAttrs,1.00,1.03,-0.03,-2.9
5895,Mathlib.Lean.LocalContext,0.76,0.79,-0.02,-2.9
5896,Mathlib.RingTheory.ReesAlgebra,2.02,2.08,-0.06,-2.9
5897,Mathlib.Util.LongNames,0.76,0.78,-0.02,-2.9
5898,Mathlib.Analysis.Complex.Isometry,2.83,2.92,-0.09,-2.9
5899,Mathlib.Data.List.ChainOfFn,1.18,1.22,-0.04,-3.0
5900,Mathlib.Topology.Category.Profinite.Nobeling.Induction,2.24,2.30,-0.07,-3.0
5901,Mathlib.Geometry.Euclidean.Angle.Oriented.Affine,6.08,6.26,-0.18,-3.0
5902,Mathlib.Order.Bounds.Lattice,1.18,1.22,-0.04,-3.0
5903,Mathlib.Analysis.SpecialFunctions.Pow.Integral,2.43,2.50,-0.07,-3.0
5904,Mathlib.Order.Directed,1.47,1.52,-0.04,-3.0
5905,Mathlib.AlgebraicGeometry.EllipticCurve.Affine.Formula,4.65,4.79,-0.14,-3.0
5906,Mathlib.Order.SuccPred.Tree,1.59,1.64,-0.05,-3.0
5907,Mathlib.CategoryTheory.Adjunction.Lifting.Left,2.01,2.07,-0.06,-3.0
5908,Mathlib.Algebra.Order.Monoid.Canonical.Basic,1.29,1.33,-0.04,-3.0
5909,Mathlib.LinearAlgebra.JordanChevalley,2.94,3.03,-0.09,-3.0
5910,Mathlib.Algebra.Order.BigOperators.Group.List,1.81,1.86,-0.06,-3.0
5911,Mathlib.Analysis.InnerProductSpace.PiL2,15.39,15.87,-0.48,-3.0
5912,Mathlib.Probability.Distributions.Pareto,2.64,2.72,-0.08,-3.0
5913,Mathlib.Algebra.Homology.GrothendieckAbelian,1.61,1.66,-0.05,-3.0
5914,Mathlib.Algebra.Divisibility.Units,1.38,1.42,-0.04,-3.0
5915,Mathlib.Probability.Decision.Risk.Defs,2.01,2.08,-0.06,-3.0
5916,Mathlib.CategoryTheory.Bicategory.Extension,2.48,2.56,-0.08,-3.0
5917,Mathlib.Algebra.Field.TransferInstance,1.37,1.41,-0.04,-3.0
5918,Mathlib.Topology.UniformSpace.Completion,2.13,2.20,-0.07,-3.1
5919,Mathlib.Algebra.Order.Ring.Unbundled.Basic,3.11,3.21,-0.10,-3.1
5920,Mathlib.CategoryTheory.Limits.Preserves.Shapes.Equalizers,1.93,1.99,-0.06,-3.1
5921,Mathlib.CategoryTheory.Action.Monoidal,3.94,4.07,-0.13,-3.1
5922,Mathlib.Algebra.Ring.Subring.Units,1.29,1.33,-0.04,-3.1
5923,Mathlib.LinearAlgebra.FreeModule.Finite.CardQuotient,2.52,2.60,-0.08,-3.1
5924,Mathlib.Order.Interval.Set.ProjIcc,1.67,1.72,-0.05,-3.1
5925,Mathlib.Analysis.Fourier.ZMod,3.93,4.05,-0.12,-3.1
5926,Mathlib.RingTheory.Finiteness.Small,1.82,1.88,-0.06,-3.1
5927,Mathlib.CategoryTheory.Monoidal.Discrete,2.88,2.97,-0.09,-3.1
5928,Mathlib.SetTheory.Cardinal.Finsupp,1.47,1.52,-0.05,-3.1
5929,Mathlib.LinearAlgebra.QuadraticForm.Basic,10.95,11.30,-0.35,-3.1
5930,Mathlib.GroupTheory.Coset.Card,2.46,2.54,-0.08,-3.1
5931,Mathlib.Algebra.Star.CHSH,2.87,2.96,-0.09,-3.1
5932,Mathlib.GroupTheory.GroupAction.DomAct.Basic,2.02,2.09,-0.07,-3.1
5933,Mathlib.NumberTheory.Modular,5.16,5.32,-0.17,-3.1
5934,Mathlib.Algebra.Order.SuccPred,2.08,2.15,-0.07,-3.1
5935,Mathlib.Algebra.Category.Ring.Colimits,2.95,3.04,-0.09,-3.1
5936,Mathlib.Order.SuccPred.Basic,3.13,3.23,-0.10,-3.1
5937,Mathlib.Probability.CondVar,3.15,3.25,-0.10,-3.1
5938,Mathlib.Topology.Homotopy.HSpaces,2.34,2.42,-0.08,-3.1
5939,Mathlib.Algebra.Homology.DerivedCategory.Ext.ExtClass,3.05,3.15,-0.10,-3.1
5940,Mathlib.Topology.Category.CompHausLike.Limits,2.24,2.31,-0.07,-3.2
5941,Mathlib.Tactic.FindSyntax,0.98,1.01,-0.03,-3.2
5942,Mathlib.Analysis.Normed.Group.Bounded,2.32,2.40,-0.08,-3.2
5943,Mathlib.RingTheory.OreLocalization.Ring,2.83,2.92,-0.09,-3.2
5944,Mathlib.Analysis.SpecialFunctions.Log.Monotone,2.16,2.23,-0.07,-3.2
5945,Mathlib.Condensed.TopCatAdjunction,2.73,2.82,-0.09,-3.2
5946,Mathlib.AlgebraicGeometry.ProjectiveSpectrum.Proper,8.09,8.36,-0.27,-3.2
5947,Mathlib.CategoryTheory.Opposites,4.38,4.53,-0.15,-3.2
5948,Mathlib.Algebra.Lie.Weights.Linear,4.96,5.12,-0.16,-3.2
5949,Mathlib.Topology.Algebra.ProperAction.Basic,2.30,2.37,-0.08,-3.2
5950,Mathlib.Geometry.Manifold.DerivationBundle,6.13,6.33,-0.20,-3.2
5951,Mathlib.RingTheory.Norm.Basic,3.10,3.20,-0.10,-3.2
5952,Mathlib.Algebra.Order.Pi,1.47,1.52,-0.05,-3.2
5953,Mathlib.Analysis.Normed.Lp.lpSpace,15.56,16.08,-0.52,-3.2
5954,Mathlib.Analysis.Normed.Module.Multilinear.Basic,21.82,22.54,-0.73,-3.2
5955,Mathlib.Testing.Plausible.Testable,0.99,1.02,-0.03,-3.2
5956,Mathlib.RingTheory.Finiteness.Ideal,1.79,1.85,-0.06,-3.3
5957,Mathlib.CategoryTheory.Localization.HasLocalization,1.28,1.32,-0.04,-3.3
5958,Mathlib.Algebra.Order.Sub.Basic,1.37,1.41,-0.05,-3.3
5959,Mathlib.Data.Fintype.Perm,1.90,1.97,-0.06,-3.3
5960,Mathlib.Algebra.GCDMonoid.Basic,4.60,4.75,-0.16,-3.3
5961,Mathlib.Analysis.Complex.ValueDistribution.CharacteristicFunction,2.63,2.72,-0.09,-3.3
5962,Mathlib.Analysis.Convex.Extreme,2.06,2.13,-0.07,-3.3
5963,Mathlib.Data.Rat.Sqrt,1.26,1.31,-0.04,-3.3
5964,Mathlib.Probability.HasLaw,2.43,2.52,-0.08,-3.3
5965,Mathlib.CategoryTheory.WithTerminal.Basic,14.38,14.87,-0.49,-3.3
5966,Mathlib.Tactic.NormNum.Parity,1.43,1.48,-0.05,-3.3
5967,Mathlib.NumberTheory.EllipticDivisibilitySequence,4.08,4.22,-0.14,-3.3
5968,Mathlib.GroupTheory.GroupAction.Quotient,3.05,3.16,-0.10,-3.3
5969,Mathlib.Logic.Equiv.Nat,1.19,1.23,-0.04,-3.3
5970,Mathlib.Geometry.Euclidean.Sphere.SecondInter,2.75,2.85,-0.10,-3.3
5971,Mathlib.LinearAlgebra.SpecialLinearGroup,7.52,7.78,-0.26,-3.3
5972,Mathlib.Algebra.Group.Equiv.Defs,2.54,2.63,-0.09,-3.3
5973,Mathlib.Algebra.Order.Nonneg.Ring,1.79,1.85,-0.06,-3.3
5974,Mathlib.Data.Nat.EvenOddRec,1.15,1.19,-0.04,-3.4
5975,Mathlib.Analysis.Meromorphic.Divisor,3.71,3.84,-0.13,-3.4
5976,Mathlib.CategoryTheory.Bicategory.Functor.Cat,1.75,1.81,-0.06,-3.4
5977,Mathlib.Tactic.NormNum.BigOperators,3.04,3.15,-0.11,-3.4
5978,Mathlib.Algebra.Order.Star.Basic,3.62,3.74,-0.13,-3.4
5979,Mathlib.Topology.MetricSpace.GromovHausdorffRealized,3.44,3.56,-0.12,-3.4
5980,Mathlib.AlgebraicGeometry.Modules.Presheaf,2.03,2.10,-0.07,-3.4
5981,Mathlib.Tactic.GCongr.Core,2.57,2.66,-0.09,-3.4
5982,Mathlib.LinearAlgebra.TensorProduct.Tower,16.04,16.60,-0.56,-3.4
5983,Mathlib.Order.OmegaCompletePartialOrder,2.51,2.60,-0.09,-3.4
5984,Mathlib.MeasureTheory.Function.LpSpace.Complete,2.82,2.92,-0.10,-3.4
5985,Mathlib.Probability.Independence.Kernel.IndepFun,6.03,6.24,-0.21,-3.4
5986,Mathlib.CategoryTheory.ChosenFiniteProducts.InfSemilattice,1.39,1.44,-0.05,-3.4
5987,Mathlib.RingTheory.CotangentLocalizationAway,1.91,1.97,-0.07,-3.4
5988,Mathlib.Tactic.Ring.RingNF,2.02,2.09,-0.07,-3.4
5989,Mathlib.Data.Finset.Lattice.Union,1.48,1.53,-0.05,-3.4
5990,Mathlib.Order.BoundedOrder.Lattice,1.28,1.32,-0.04,-3.4
5991,Mathlib.CategoryTheory.Limits.Shapes.Pullback.Cospan,2.21,2.28,-0.08,-3.4
5992,Mathlib.RingTheory.Polynomial.Resultant.Basic,17.25,17.86,-0.61,-3.4
5993,Mathlib.SetTheory.Game.Ordinal,2.23,2.31,-0.08,-3.4
5994,Mathlib.Analysis.LocallyConvex.PointwiseConvergence,2.42,2.51,-0.09,-3.4
5995,Mathlib.Algebra.Category.Ring.Basic,3.42,3.54,-0.12,-3.4
5996,Mathlib.Order.CompleteBooleanAlgebra,3.21,3.33,-0.11,-3.5
5997,Mathlib.Algebra.Azumaya.Basic,2.65,2.75,-0.10,-3.5
5998,Mathlib.MeasureTheory.Integral.DivergenceTheorem,6.21,6.43,-0.22,-3.5
5999,Mathlib.Tactic.CC.Datatypes,2.87,2.97,-0.10,-3.5
6000,Mathlib.Data.Set.Sups,3.48,3.60,-0.12,-3.5
6001,Mathlib.Tactic.LiftLets,0.89,0.92,-0.03,-3.5
6002,Mathlib.Probability.Martingale.Basic,4.24,4.40,-0.15,-3.5
6003,Mathlib.Algebra.Polynomial.Splits,2.85,2.96,-0.10,-3.5
6004,Mathlib.Analysis.Complex.ValueDistribution.CountingFunction,4.79,4.96,-0.17,-3.5
6005,Mathlib.Algebra.Homology.Embedding.Boundary,1.47,1.52,-0.05,-3.5
6006,Mathlib.CategoryTheory.SmallObject.Basic,1.57,1.63,-0.06,-3.5
6007,Mathlib.Probability.Kernel.CompProdEqIff,2.43,2.51,-0.09,-3.5
6008,Mathlib.FieldTheory.KummerPolynomial,2.31,2.40,-0.08,-3.5
6009,Mathlib.Order.Heyting.Hom,2.12,2.20,-0.08,-3.5
6010,Mathlib.RingTheory.Kaehler.Basic,21.61,22.39,-0.79,-3.5
6011,Mathlib.LinearAlgebra.Matrix.GeneralLinearGroup.Defs,3.41,3.54,-0.12,-3.5
6012,Mathlib.CategoryTheory.Comma.StructuredArrow.Basic,9.95,10.31,-0.36,-3.5
6013,Mathlib.LinearAlgebra.Multilinear.FiniteDimensional,1.95,2.02,-0.07,-3.5
6014,Mathlib.CategoryTheory.Monoidal.Action.Basic,4.91,5.09,-0.18,-3.5
6015,Mathlib.MeasureTheory.Covering.DensityTheorem,2.52,2.61,-0.09,-3.5
6016,Mathlib.Algebra.Divisibility.Finite,1.20,1.25,-0.04,-3.5
6017,Mathlib.Topology.Algebra.OpenSubgroup,3.12,3.23,-0.11,-3.5
6018,Mathlib.Order.Filter.Subsingleton,1.40,1.45,-0.05,-3.5
6019,Mathlib.FieldTheory.Normal.Closure,4.04,4.19,-0.15,-3.5
6020,Mathlib.CategoryTheory.Limits.Pi,1.39,1.44,-0.05,-3.5
6021,Mathlib.Topology.VectorBundle.Constructions,3.65,3.78,-0.13,-3.5
6022,Mathlib.Data.Finsupp.Notation,1.52,1.58,-0.06,-3.5
6023,Mathlib.Algebra.Module.Hom,1.52,1.58,-0.06,-3.6
6024,Mathlib.Tactic.TermCongr,2.58,2.67,-0.09,-3.6
6025,Mathlib.SetTheory.Cardinal.ENat,2.11,2.19,-0.08,-3.6
6026,Mathlib.RingTheory.KrullDimension.Regular,2.91,3.02,-0.11,-3.6
6027,Mathlib.Order.Filter.Tendsto,1.48,1.54,-0.05,-3.6
6028,Mathlib.Analysis.Calculus.DerivativeTest,2.96,3.07,-0.11,-3.6
6029,Mathlib.Dynamics.Ergodic.Action.Basic,2.15,2.23,-0.08,-3.6
6030,Mathlib.LinearAlgebra.Projectivization.Cardinality,2.42,2.51,-0.09,-3.6
6031,Mathlib.Topology.ContinuousMap.ZeroAtInfty,5.42,5.62,-0.20,-3.6
6032,Mathlib.Geometry.Manifold.SmoothApprox,2.63,2.73,-0.10,-3.6
6033,Mathlib.Order.Interval.Set.UnorderedInterval,2.30,2.39,-0.09,-3.6
6034,Mathlib.AlgebraicGeometry.EllipticCurve.DivisionPolynomial.Degree,3.88,4.02,-0.15,-3.6
6035,Mathlib.Data.Part,2.21,2.30,-0.08,-3.6
6036,Mathlib.GroupTheory.Coxeter.Length,2.21,2.29,-0.08,-3.6
6037,Mathlib.RingTheory.Localization.Defs,4.95,5.14,-0.19,-3.6
6038,Mathlib.Lean.Json,0.77,0.80,-0.03,-3.6
6039,Mathlib.RingTheory.Spectrum.Prime.ConstructibleSet,2.55,2.65,-0.10,-3.6
6040,Mathlib.Data.Tree.Get,0.77,0.80,-0.03,-3.6
6041,Mathlib.RingTheory.MvPolynomial.Basic,1.83,1.90,-0.07,-3.6
6042,Mathlib.Algebra.Star.BigOperators,1.27,1.32,-0.05,-3.6
6043,Mathlib.Analysis.SpecialFunctions.Log.ENNRealLog,2.55,2.65,-0.10,-3.7
6044,Mathlib.CategoryTheory.Limits.VanKampen,4.29,4.45,-0.16,-3.7
6045,Mathlib.Combinatorics.Hindman,1.81,1.88,-0.07,-3.7
6046,Mathlib.Analysis.Normed.Operator.Bilinear,13.24,13.75,-0.51,-3.7
6047,Mathlib.ModelTheory.Algebra.Ring.Basic,1.94,2.01,-0.07,-3.7
6048,Mathlib.CategoryTheory.Conj,1.36,1.41,-0.05,-3.7
6049,Mathlib.MeasureTheory.Integral.Bochner.FundThmCalculus,2.30,2.39,-0.09,-3.7
6050,Mathlib.Algebra.Star.Prod,1.28,1.33,-0.05,-3.7
6051,Mathlib.RingTheory.Localization.Away.AdjoinRoot,2.12,2.20,-0.08,-3.7
6052,Mathlib.Data.Nat.Factorial.DoubleFactorial,1.46,1.52,-0.06,-3.7
6053,Mathlib.LinearAlgebra.TensorProduct.Quotient,6.11,6.34,-0.23,-3.7
6054,Mathlib.Logic.Function.Coequalizer,0.78,0.81,-0.03,-3.7
6055,Mathlib.Order.BooleanAlgebra.Set,2.13,2.21,-0.08,-3.7
6056,Mathlib.RingTheory.Spectrum.Prime.LTSeries,2.41,2.50,-0.09,-3.7
6057,Mathlib.CategoryTheory.Whiskering,8.41,8.74,-0.33,-3.7
6058,Mathlib.AlgebraicGeometry.EllipticCurve.Affine.Point,12.14,12.61,-0.47,-3.7
6059,Mathlib.Analysis.RCLike.BoundedContinuous,3.26,3.38,-0.13,-3.7
6060,Mathlib.Topology.Homotopy.Equiv,1.94,2.01,-0.07,-3.7
6061,Mathlib.Topology.MetricSpace.Bounded,2.62,2.72,-0.10,-3.8
6062,Mathlib.Algebra.Order.Interval.Set.Group,1.90,1.97,-0.07,-3.8
6063,Mathlib.MeasureTheory.Measure.HasOuterApproxClosed,2.62,2.72,-0.10,-3.8
6064,Mathlib.Data.Finset.Update,1.58,1.65,-0.06,-3.8
6065,Mathlib.Tactic.CategoryTheory.Monoidal.Normalize,3.35,3.48,-0.13,-3.8
6066,Mathlib.Data.Finset.Lattice.Prod,1.58,1.65,-0.06,-3.8
6067,Mathlib.GroupTheory.GroupAction.Defs,2.50,2.60,-0.10,-3.8
6068,Mathlib.CategoryTheory.PathCategory.MorphismProperty,1.27,1.32,-0.05,-3.8
6069,Mathlib.Analysis.Normed.Group.ZeroAtInfty,2.21,2.30,-0.09,-3.8
6070,Mathlib.Data.Rat.Encodable,1.17,1.22,-0.05,-3.8
6071,Mathlib.CategoryTheory.Subobject.NoetherianObject,1.50,1.55,-0.06,-3.8
6072,Mathlib.RingTheory.WittVector.Identities,2.33,2.42,-0.09,-3.8
6073,Mathlib.Analysis.Calculus.BumpFunction.Normed,2.94,3.05,-0.12,-3.8
6074,Mathlib.Combinatorics.Quiver.Covering,1.41,1.47,-0.06,-3.8
6075,Mathlib.LinearAlgebra.Quotient.Defs,2.09,2.17,-0.08,-3.8
6076,Mathlib.CategoryTheory.Comma.Basic,6.87,7.14,-0.27,-3.8
6077,Mathlib.Algebra.Homology.DerivedCategory.KInjective,1.74,1.80,-0.07,-3.8
6078,Mathlib.LinearAlgebra.Matrix.Irreducible.Defs,2.03,2.12,-0.08,-3.8
6079,Mathlib.Algebra.GroupWithZero.Nat,0.98,1.02,-0.04,-3.8
6080,Mathlib.Analysis.SpecialFunctions.Sigmoid,2.84,2.95,-0.11,-3.8
6081,Mathlib.CategoryTheory.ObjectProperty.Shift,1.30,1.36,-0.05,-3.8
6082,Mathlib.Algebra.Order.Floor.Semiring,2.31,2.40,-0.09,-3.8
6083,Mathlib.Data.Fin.SuccPred,2.50,2.60,-0.10,-3.9
6084,Mathlib.Order.Category.BddLat,2.54,2.65,-0.10,-3.9
6085,Mathlib.MeasureTheory.Function.LpSpace.Basic,9.25,9.62,-0.37,-3.9
6086,Mathlib.Algebra.FreeMonoid.Symbols,1.27,1.32,-0.05,-3.9
6087,Mathlib.Algebra.Order.Module.Defs,4.64,4.83,-0.19,-3.9
6088,Mathlib.Geometry.Manifold.MFDeriv.Tangent,2.53,2.63,-0.10,-3.9
6089,Mathlib.Tactic.CategoryTheory.Bicategory.Datatypes,2.95,3.07,-0.12,-3.9
6090,Mathlib.Analysis.Convex.Deriv,4.23,4.40,-0.17,-3.9
6091,Mathlib.NumberTheory.LegendreSymbol.QuadraticChar.Basic,2.40,2.49,-0.10,-3.9
6092,Mathlib.RingTheory.DedekindDomain.Ideal.Lemmas,8.52,8.86,-0.34,-3.9
6093,Mathlib.FieldTheory.PrimitiveElement,4.37,4.54,-0.18,-3.9
6094,Mathlib.Geometry.Manifold.LocalSourceTargetProperty,2.54,2.64,-0.10,-3.9
6095,Mathlib.Topology.Sheaves.Functors,2.76,2.87,-0.11,-3.9
6096,Mathlib.GroupTheory.Commutator.Basic,2.04,2.13,-0.08,-3.9
6097,Mathlib.Data.Set.MulAntidiagonal,1.50,1.56,-0.06,-3.9
6098,Mathlib.LinearAlgebra.ExteriorAlgebra.OfAlternating,3.69,3.84,-0.15,-3.9
6099,Mathlib.Analysis.SpecialFunctions.SmoothTransition,2.40,2.50,-0.10,-3.9
6100,Mathlib.Geometry.Manifold.MFDeriv.UniqueDifferential,2.70,2.81,-0.11,-3.9
6101,Mathlib.RingTheory.Coalgebra.MulOpposite,2.06,2.14,-0.08,-3.9
6102,Mathlib.Analysis.Calculus.Deriv.MeanValue,3.09,3.22,-0.13,-3.9
6103,Mathlib.Analysis.Normed.Module.RCLike.Basic,2.20,2.29,-0.09,-3.9
6104,Mathlib.CategoryTheory.Equivalence.Symmetry,2.15,2.24,-0.09,-3.9
6105,Mathlib.Data.Finset.Sort,2.83,2.95,-0.12,-3.9
6106,Mathlib.AlgebraicGeometry.Morphisms.Immersion,3.15,3.28,-0.13,-3.9
6107,Mathlib.CategoryTheory.Category.PartialFun,1.73,1.80,-0.07,-3.9
6108,Mathlib.FieldTheory.PerfectClosure,3.44,3.58,-0.14,-3.9
6109,Mathlib.RingTheory.Extension.Cotangent.Basis,9.17,9.54,-0.38,-3.9
6110,Mathlib.RingTheory.Bezout,1.61,1.67,-0.07,-3.9
6111,Mathlib.NumberTheory.Real.Irrational,2.56,2.66,-0.10,-3.9
6112,Mathlib.Analysis.Calculus.LineDeriv.Measurable,2.63,2.74,-0.11,-3.9
6113,Mathlib.RingTheory.LocalProperties.Submodule,2.63,2.73,-0.11,-4.0
6114,Mathlib.Algebra.Homology.ImageToKernel,1.82,1.90,-0.07,-4.0
6115,Mathlib.Probability.Decision.Risk.Basic,2.52,2.63,-0.10,-4.0
6116,Mathlib.CategoryTheory.Retract,1.87,1.95,-0.08,-4.0
6117,Mathlib.Order.Hom.WithTopBot,1.82,1.89,-0.07,-4.0
6118,Mathlib.Analysis.SpecificLimits.FloorPow,4.36,4.54,-0.18,-4.0
6119,Mathlib.Analysis.Normed.Lp.WithLp,2.42,2.52,-0.10,-4.0
6120,Mathlib.Algebra.Group.Units.Defs,2.53,2.63,-0.10,-4.0
6121,Mathlib.Topology.ContinuousMap.BoundedCompactlySupported,2.11,2.20,-0.09,-4.0
6122,Mathlib.Order.Category.DistLat,1.77,1.85,-0.07,-4.0
6123,Mathlib.Tactic.Linarith.Frontend,2.32,2.42,-0.10,-4.0
6124,Mathlib.AlgebraicTopology.DoldKan.FunctorGamma,2.92,3.04,-0.12,-4.0
6125,Mathlib.RingTheory.AlgebraicIndependent.RankAndCardinality,3.40,3.54,-0.14,-4.0
6126,Mathlib.Condensed.Epi,2.51,2.61,-0.11,-4.0
6127,Mathlib.Data.Set.Finite.Range,1.28,1.34,-0.05,-4.0
6128,Mathlib.CategoryTheory.Limits.HasLimits,4.87,5.08,-0.21,-4.0
6129,Mathlib.Analysis.SpecialFunctions.Trigonometric.Chebyshev,2.42,2.53,-0.10,-4.0
6130,Mathlib.Algebra.BigOperators.GroupWithZero.Finset,1.35,1.41,-0.06,-4.0
6131,Mathlib.Algebra.Group.Subgroup.Basic,4.08,4.25,-0.17,-4.0
6132,Mathlib.AlgebraicGeometry.GluingOneHypercover,2.20,2.30,-0.09,-4.0
6133,Mathlib.RingTheory.ZMod.Torsion,1.92,2.00,-0.08,-4.0
6134,Mathlib.Order.Monotone.Monovary,1.51,1.57,-0.06,-4.1
6135,Mathlib.Logic.Small.Set,1.22,1.27,-0.05,-4.1
6136,Mathlib.Algebra.Algebra.Unitization,6.78,7.07,-0.29,-4.1
6137,Mathlib.CategoryTheory.Endofunctor.Algebra,3.72,3.88,-0.16,-4.1
6138,Mathlib.NumberTheory.LSeries.Deriv,2.61,2.73,-0.11,-4.1
6139,Mathlib.Order.DirectedInverseSystem,3.76,3.92,-0.16,-4.1
6140,Mathlib.AlgebraicGeometry.Fiber,2.52,2.63,-0.11,-4.1
6141,Mathlib.Tactic.Widget.StringDiagram,4.47,4.66,-0.19,-4.1
6142,Mathlib.ModelTheory.LanguageMap,2.32,2.42,-0.10,-4.1
6143,Mathlib.Analysis.Normed.Operator.BoundedLinearMaps,5.46,5.69,-0.24,-4.1
6144,Mathlib.CategoryTheory.Balanced,1.28,1.33,-0.06,-4.1
6145,Mathlib.Tactic.CategoryTheory.Bicategory.PureCoherence,2.32,2.42,-0.10,-4.1
6146,Mathlib.CategoryTheory.Monoidal.Rigid.FunctorCategory,2.13,2.22,-0.09,-4.1
6147,Mathlib.Tactic.Order.CollectFacts,2.80,2.92,-0.12,-4.1
6148,Mathlib.Algebra.BigOperators.Expect,2.63,2.75,-0.11,-4.1
6149,Mathlib.CategoryTheory.Monoidal.Tor,1.70,1.78,-0.07,-4.2
6150,Mathlib.RingTheory.IsAdjoinRoot,5.11,5.33,-0.22,-4.2
6151,Mathlib.Algebra.Order.Archimedean.Class,5.27,5.50,-0.23,-4.2
6152,Mathlib.RingTheory.Ideal.Quotient.PowTransition,2.55,2.66,-0.11,-4.2
6153,Mathlib.Analysis.Normed.Algebra.Unitization,5.38,5.61,-0.23,-4.2
6154,Mathlib.Analysis.SpecialFunctions.Complex.CircleMap,2.41,2.52,-0.10,-4.2
6155,Mathlib.AlgebraicGeometry.StructureSheaf,8.15,8.51,-0.36,-4.2
6156,Mathlib.RingTheory.WittVector.StructurePolynomial,2.83,2.95,-0.12,-4.2
6157,Mathlib.AlgebraicTopology.DoldKan.Compatibility,2.41,2.52,-0.11,-4.2
6158,Mathlib.Algebra.Order.GroupWithZero.Canonical,2.91,3.04,-0.13,-4.2
6159,Mathlib.Algebra.Group.Pointwise.Set.Scalar,1.70,1.78,-0.07,-4.2
6160,Mathlib.Analysis.Convex.Star,2.83,2.96,-0.12,-4.2
6161,Mathlib.Geometry.Manifold.GroupLieAlgebra,4.64,4.85,-0.21,-4.2
6162,Mathlib.Geometry.Manifold.Bordism,2.93,3.06,-0.13,-4.2
6163,Mathlib.Data.Rat.NatSqrt.Real,1.94,2.02,-0.09,-4.2
6164,Mathlib.Algebra.Ring.Associator,1.49,1.55,-0.07,-4.2
6165,Mathlib.Analysis.CStarAlgebra.ContinuousFunctionalCalculus.Unital,9.67,10.10,-0.43,-4.3
6166,Mathlib.Probability.Independence.ZeroOne,2.79,2.91,-0.12,-4.3
6167,Mathlib.RingTheory.Unramified.Basic,3.10,3.24,-0.14,-4.3
6168,Mathlib.Algebra.Module.LinearMap.End,2.92,3.04,-0.13,-4.3
6169,Mathlib.Order.Category.Semilat,1.81,1.90,-0.08,-4.3
6170,Mathlib.CategoryTheory.Monoidal.Free.Coherence,3.67,3.84,-0.16,-4.3
6171,Mathlib.NumberTheory.Chebyshev,2.41,2.52,-0.11,-4.3
6172,Mathlib.Topology.Algebra.MulAction,2.34,2.45,-0.10,-4.3
6173,Mathlib.Algebra.Order.Floor.Ring,4.86,5.08,-0.22,-4.3
6174,Mathlib.CategoryTheory.Limits.Fubini,6.39,6.68,-0.29,-4.3
6175,Mathlib.Probability.Independence.InfinitePi,2.52,2.63,-0.11,-4.3
6176,Mathlib.Combinatorics.Additive.SubsetSum,1.67,1.74,-0.07,-4.3
6177,Mathlib.Topology.Baire.BaireMeasurable,2.11,2.21,-0.10,-4.3
6178,Mathlib.Geometry.Manifold.MFDeriv.Basic,10.38,10.84,-0.47,-4.3
6179,Mathlib.AlgebraicGeometry.IdealSheaf.Basic,7.03,7.35,-0.32,-4.3
6180,Mathlib.AlgebraicTopology.SimplexCategory.Defs,1.51,1.57,-0.07,-4.3
6181,Mathlib.Topology.Category.Profinite.Nobeling,1.90,1.99,-0.09,-4.3
6182,Mathlib.RingTheory.DedekindDomain.Instances,11.29,11.80,-0.51,-4.3
6183,Mathlib.CategoryTheory.Shift.Induced,2.92,3.05,-0.13,-4.3
6184,Mathlib.Algebra.BigOperators.Group.Finset.Indicator,1.48,1.55,-0.07,-4.3
6185,Mathlib.MeasureTheory.Function.StronglyMeasurable.Lp,2.31,2.42,-0.10,-4.3
6186,Mathlib.RingTheory.RingHom.FinitePresentation,4.68,4.89,-0.21,-4.4
6187,Mathlib.RingTheory.Spectrum.Prime.IsOpenComapC,2.00,2.09,-0.09,-4.4
6188,Mathlib.CategoryTheory.Limits.Shapes.Pullback.Categorical.CatCospanTransform,8.43,8.81,-0.38,-4.4
6189,Mathlib.LinearAlgebra.Eigenspace.Basic,5.90,6.17,-0.27,-4.4
6190,Mathlib.Topology.Sheaves.Limits,1.71,1.78,-0.08,-4.4
6191,Mathlib.NumberTheory.SumTwoSquares,2.93,3.06,-0.13,-4.4
6192,Mathlib.Topology.Algebra.Group.SubmonoidClosure,1.81,1.89,-0.08,-4.4
6193,Mathlib.AlgebraicGeometry.Morphisms.IsIso,2.22,2.32,-0.10,-4.4
6194,Mathlib.CategoryTheory.Category.Pairwise,1.92,2.00,-0.09,-4.4
6195,Mathlib.Tactic.Positivity.Core,2.96,3.09,-0.14,-4.4
6196,Mathlib.Algebra.Lie.Free,2.83,2.96,-0.13,-4.4
6197,Mathlib.Geometry.Manifold.Algebra.Monoid,5.17,5.41,-0.24,-4.4
6198,Mathlib.LinearAlgebra.Eigenspace.Pi,3.74,3.91,-0.17,-4.4
6199,Mathlib.Geometry.Euclidean.Sphere.Ptolemy,2.62,2.74,-0.12,-4.4
6200,Mathlib.RingTheory.PowerSeries.Substitution,2.66,2.79,-0.12,-4.4
6201,Mathlib.RingTheory.Valuation.RankOne,2.23,2.33,-0.10,-4.4
6202,Mathlib.Analysis.Complex.UnitDisc.Basic,3.27,3.42,-0.15,-4.4
6203,Mathlib.MeasureTheory.Integral.IntervalIntegral.LebesgueDifferentiationThm,3.14,3.28,-0.15,-4.4
6204,Mathlib.Topology.ContinuousMap.Bounded.Star,2.31,2.42,-0.11,-4.4
6205,Mathlib.GroupTheory.Congruence.Opposite,1.17,1.22,-0.05,-4.4
6206,Mathlib.CategoryTheory.Groupoid.Basic,1.27,1.33,-0.06,-4.4
6207,Mathlib.Algebra.Group.Defs,3.08,3.23,-0.14,-4.4
6208,Mathlib.GroupTheory.Archimedean,1.81,1.89,-0.08,-4.4
6209,Mathlib.Order.Filter.Basic,2.61,2.73,-0.12,-4.4
6210,Mathlib.Geometry.Manifold.IsManifold.InteriorBoundary,2.75,2.88,-0.13,-4.4
6211,Mathlib.RingTheory.ZMod.UnitsCyclic,3.16,3.31,-0.15,-4.4
6212,Mathlib.CategoryTheory.Sites.NonabelianCohomology.H1,1.76,1.85,-0.08,-4.4
6213,Mathlib.Probability.Kernel.Disintegration.CondCDF,2.62,2.74,-0.12,-4.4
6214,Mathlib.Order.Hom.CompleteLattice,2.59,2.71,-0.12,-4.5
6215,Mathlib.Analysis.SpecialFunctions.Trigonometric.Complex,3.08,3.23,-0.14,-4.5
6216,Mathlib.CategoryTheory.ConnectedComponents,1.47,1.54,-0.07,-4.5
6217,Mathlib.Algebra.BigOperators.Finsupp.Basic,3.75,3.93,-0.18,-4.5
6218,Mathlib.NumberTheory.MulChar.Lemmas,2.60,2.72,-0.12,-4.5
6219,Mathlib.Data.Nat.Factorization.Basic,2.11,2.21,-0.10,-4.5
6220,Mathlib.Algebra.Category.ModuleCat.Simple,1.96,2.05,-0.09,-4.5
6221,Mathlib.MeasureTheory.Measure.Lebesgue.Complex,2.60,2.72,-0.12,-4.5
6222,Mathlib.Combinatorics.Enumerative.Partition.Glaisher,4.88,5.12,-0.23,-4.5
6223,Mathlib.Geometry.Euclidean.Inversion.Calculus,3.50,3.67,-0.17,-4.5
6224,Mathlib.RingTheory.Valuation.Minpoly,1.91,2.00,-0.09,-4.5
6225,Mathlib.Analysis.MeanInequalitiesPow,3.42,3.59,-0.16,-4.5
6226,Mathlib.Algebra.Group.Pointwise.Finset.Scalar,2.20,2.30,-0.10,-4.5
6227,Mathlib.Order.CompleteLatticeIntervals,2.03,2.12,-0.10,-4.5
6228,Mathlib.Analysis.NormedSpace.OperatorNorm.Asymptotics,1.81,1.90,-0.09,-4.5
6229,Mathlib.Order.Interval.Finset.Fin,2.61,2.73,-0.12,-4.5
6230,Mathlib.Tactic.Monotonicity.Lemmas,1.17,1.23,-0.06,-4.6
6231,Mathlib.Probability.Kernel.IonescuTulcea.PartialTraj,3.33,3.49,-0.16,-4.6
6232,Mathlib.LinearAlgebra.Matrix.GeneralLinearGroup.Basic,2.55,2.67,-0.12,-4.6
6233,Mathlib.Topology.TietzeExtension,2.97,3.11,-0.14,-4.6
6234,Mathlib.RingTheory.Spectrum.Prime.ChevalleyComplexity,13.33,13.97,-0.64,-4.6
6235,Mathlib.Algebra.Group.Submonoid.Membership,3.24,3.39,-0.15,-4.6
6236,Mathlib.Data.Finset.Functor,1.52,1.60,-0.07,-4.6
6237,Mathlib.Analysis.Normed.MulAction,2.92,3.06,-0.14,-4.6
6238,Mathlib.Analysis.CStarAlgebra.ContinuousFunctionalCalculus.Integral,5.27,5.52,-0.25,-4.6
6239,Mathlib.RingTheory.UniqueFactorizationDomain.GCDMonoid,1.56,1.64,-0.07,-4.6
6240,Mathlib.Order.Minimal,2.10,2.20,-0.10,-4.6
6241,Mathlib.Order.TransfiniteIteration,1.48,1.55,-0.07,-4.6
6242,Mathlib.CategoryTheory.Limits.Preserves.Shapes.AbelianImages,2.02,2.11,-0.10,-4.6
6243,Mathlib.Analysis.Distribution.TestFunction,6.54,6.85,-0.31,-4.6
6244,Mathlib.Algebra.Order.Module.Synonym,1.18,1.24,-0.06,-4.6
6245,Mathlib.Analysis.Normed.Module.Alternating.Curry,3.04,3.19,-0.15,-4.6
6246,Mathlib.Order.SuccPred.Limit,2.71,2.84,-0.13,-4.6
6247,Mathlib.Data.Real.Pi.Irrational,2.21,2.32,-0.11,-4.6
6248,Mathlib.Analysis.SpecialFunctions.Pow.Real,4.14,4.34,-0.20,-4.6
6249,Mathlib.Combinatorics.Additive.ErdosGinzburgZiv,2.83,2.97,-0.14,-4.6
6250,Mathlib.Geometry.Manifold.ContMDiff.Atlas,3.02,3.16,-0.15,-4.6
6251,Mathlib.Order.Category.Lat,1.71,1.79,-0.08,-4.6
6252,Mathlib.Combinatorics.SimpleGraph.Connectivity.Connected,2.41,2.52,-0.12,-4.6
6253,Mathlib.Algebra.Homology.DerivedCategory.TStructure,2.12,2.22,-0.10,-4.6
6254,Mathlib.SetTheory.Surreal.Basic,2.22,2.33,-0.11,-4.6
6255,Mathlib.CategoryTheory.Functor.TwoSquare,1.91,2.00,-0.09,-4.6
6256,Mathlib.RingTheory.LocalRing.ResidueField.Defs,1.56,1.63,-0.08,-4.7
6257,Mathlib.GroupTheory.FreeGroup.IsFreeGroup,1.52,1.59,-0.07,-4.7
6258,Mathlib.Logic.Lemmas,1.21,1.27,-0.06,-4.7
6259,Mathlib.MeasureTheory.Measure.Typeclasses.Finite,3.11,3.27,-0.15,-4.7
6260,Mathlib.Algebra.Order.Group.PosPart,2.09,2.19,-0.10,-4.7
6261,Mathlib.RingTheory.Coalgebra.Hom,3.25,3.40,-0.16,-4.7
6262,Mathlib.Algebra.AddConstMap.Equiv,1.61,1.69,-0.08,-4.7
6263,Mathlib.CategoryTheory.Sites.Coherent.ExtensiveSheaves,1.81,1.90,-0.09,-4.7
6264,Mathlib.Order.Interval.Set.Image,1.61,1.69,-0.08,-4.7
6265,Mathlib.SetTheory.Cardinal.Finite,2.01,2.11,-0.10,-4.7
6266,Mathlib.Algebra.Module.Equiv.Defs,5.54,5.81,-0.27,-4.7
6267,Mathlib.Analysis.SpecialFunctions.Pow.Complex,3.00,3.15,-0.15,-4.7
6268,Mathlib.Order.Filter.AtTopBot.Interval,1.90,2.00,-0.09,-4.7
6269,Mathlib.CategoryTheory.Abelian.EpiWithInjectiveKernel,1.70,1.78,-0.08,-4.7
6270,Mathlib.Algebra.Order.Ring.Abs,1.99,2.09,-0.10,-4.7
6271,Mathlib.Topology.Algebra.Constructions,1.89,1.99,-0.09,-4.7
6272,Mathlib.Algebra.Homology.DerivedCategory.FullyFaithful,1.81,1.90,-0.09,-4.7
6273,Mathlib.LinearAlgebra.FreeModule.StrongRankCondition,1.67,1.75,-0.08,-4.7
6274,Mathlib.MeasureTheory.Measure.FiniteMeasureProd,3.02,3.17,-0.15,-4.7
6275,Mathlib.RingTheory.SimpleModule.Rank,1.73,1.81,-0.09,-4.7
6276,Mathlib.Condensed.Discrete.Basic,2.04,2.14,-0.10,-4.8
6277,Mathlib.Data.Real.Pi.Bounds,1.90,2.00,-0.10,-4.8
6278,Mathlib.Computability.DFA,1.72,1.80,-0.09,-4.8
6279,Mathlib.Order.Filter.Interval,2.44,2.56,-0.12,-4.8
6280,Mathlib.FieldTheory.AlgebraicClosure,3.35,3.52,-0.17,-4.8
6281,Mathlib.Algebra.Module.End,1.28,1.34,-0.06,-4.8
6282,Mathlib.Probability.Kernel.Disintegration.Basic,2.65,2.79,-0.13,-4.8
6283,Mathlib.Data.Sign.Basic,2.21,2.32,-0.11,-4.8
6284,Mathlib.MeasureTheory.Measure.Comap,2.21,2.32,-0.11,-4.8
6285,Mathlib.RingTheory.Polynomial.IsIntegral,2.42,2.54,-0.12,-4.8
6286,Mathlib.Algebra.Homology.Localization,2.62,2.75,-0.13,-4.8
6287,Mathlib.Geometry.Manifold.Algebra.LeftInvariantDerivation,14.46,15.20,-0.73,-4.8
6288,Mathlib.RingTheory.RootsOfUnity.Complex,2.81,2.95,-0.14,-4.8
6289,Mathlib.Algebra.Order.Ring.Ordering.Defs,2.09,2.20,-0.11,-4.8
6290,Mathlib.LinearAlgebra.Basis.Prod,1.62,1.70,-0.08,-4.8
6291,Mathlib.Analysis.Normed.Affine.ContinuousAffineMap,3.53,3.71,-0.18,-4.8
6292,Mathlib.MeasureTheory.MeasurableSpace.CountablyGenerated,1.79,1.88,-0.09,-4.8
6293,Mathlib.Analysis.SpecialFunctions.Pow.Deriv,6.11,6.42,-0.31,-4.8
6294,Mathlib.Algebra.Field.Action.ConjAct,1.29,1.36,-0.07,-4.9
6295,Mathlib.Analysis.SpecialFunctions.Pow.Asymptotics,2.65,2.78,-0.14,-4.9
6296,Mathlib.Algebra.Ring.BooleanRing,2.31,2.43,-0.12,-4.9
6297,Mathlib.CategoryTheory.SingleObj,1.72,1.81,-0.09,-4.9
6298,Mathlib.Algebra.Order.BigOperators.Group.Multiset,1.70,1.79,-0.09,-4.9
6299,Mathlib.CategoryTheory.Join.Opposites,2.11,2.22,-0.11,-4.9
6300,Mathlib.Algebra.Homology.HomologySequenceLemmas,3.05,3.20,-0.16,-4.9
6301,Mathlib.Data.QPF.Univariate.Basic,1.60,1.68,-0.08,-4.9
6302,Mathlib.Tactic.Simproc.Factors,1.62,1.70,-0.08,-4.9
6303,Mathlib.CategoryTheory.ObjectProperty.Small,1.83,1.93,-0.09,-4.9
6304,Mathlib.AlgebraicGeometry.OpenImmersion,5.67,5.96,-0.29,-4.9
6305,Mathlib.RingTheory.Localization.AtPrime,1.50,1.58,-0.08,-4.9
6306,Mathlib.Order.BooleanSubalgebra,4.84,5.09,-0.25,-4.9
6307,Mathlib.Data.Matrix.Bilinear,2.10,2.21,-0.11,-4.9
6308,Mathlib.Analysis.SpecialFunctions.Pochhammer,2.33,2.45,-0.12,-4.9
6309,Mathlib.Analysis.Calculus.FDeriv.Norm,3.46,3.64,-0.18,-4.9
6310,Mathlib.CategoryTheory.ObjectProperty.Opposite,1.26,1.33,-0.06,-4.9
6311,Mathlib.MeasureTheory.Measure.Haar.Disintegration,5.25,5.53,-0.27,-4.9
6312,Mathlib.CategoryTheory.Limits.Presheaf,5.98,6.29,-0.31,-4.9
6313,Mathlib.Analysis.NormedSpace.OperatorNorm.Bilinear,1.83,1.93,-0.09,-4.9
6314,Mathlib.Topology.UniformSpace.UniformApproximation,1.50,1.58,-0.08,-4.9
6315,Mathlib.AlgebraicGeometry.EllipticCurve.Projective.Basic,4.23,4.45,-0.22,-4.9
6316,Mathlib.Analysis.SpecialFunctions.Complex.Log,2.33,2.45,-0.12,-4.9
6317,Mathlib.MeasureTheory.Constructions.Cylinders,1.78,1.88,-0.09,-5.0
6318,Mathlib.AlgebraicGeometry.Modules.Tilde,5.21,5.48,-0.27,-5.0
6319,Mathlib.FieldTheory.MvRatFunc.Rank,2.52,2.65,-0.13,-5.0
6320,Mathlib.Combinatorics.Additive.Energy,4.09,4.30,-0.21,-5.0
6321,Mathlib.Topology.UniformSpace.Defs,2.10,2.21,-0.11,-5.0
6322,Mathlib.Geometry.Manifold.VectorBundle.Riemannian,16.01,16.85,-0.84,-5.0
6323,Mathlib.NumberTheory.ClassNumber.AdmissibleCardPowDegree,2.63,2.77,-0.14,-5.0
6324,Mathlib.Algebra.Polynomial.Module.AEval,7.94,8.36,-0.42,-5.0
6325,Mathlib.CategoryTheory.Bicategory.FunctorBicategory.Pseudo,2.93,3.08,-0.15,-5.0
6326,Mathlib.Order.ConditionallyCompleteLattice.Basic,2.49,2.62,-0.13,-5.0
6327,Mathlib.CategoryTheory.FinCategory.Basic,1.27,1.34,-0.07,-5.0
6328,Mathlib.RingTheory.Coalgebra.MonoidAlgebra,1.91,2.02,-0.10,-5.0
6329,Mathlib.LinearAlgebra.Dimension.Subsingleton,1.51,1.59,-0.08,-5.0
6330,Mathlib.CategoryTheory.Monoidal.Transport,2.75,2.90,-0.15,-5.0
6331,Mathlib.Algebra.Group.Fin.Basic,1.40,1.47,-0.07,-5.0
6332,Mathlib.Data.Multiset.Filter,1.60,1.69,-0.08,-5.0
6333,Mathlib.Algebra.Group.Equiv.TypeTags,1.84,1.94,-0.10,-5.0
6334,Mathlib.Algebra.Tropical.Basic,1.69,1.78,-0.09,-5.1
6335,Mathlib.Analysis.Normed.Module.ENormedSpace,2.91,3.07,-0.16,-5.1
6336,Mathlib.GroupTheory.FreeGroup.Basic,4.88,5.14,-0.26,-5.1
6337,Mathlib.Algebra.Ring.ULift,1.80,1.90,-0.10,-5.1
6338,Mathlib.Combinatorics.SimpleGraph.StronglyRegular,1.89,1.99,-0.10,-5.1
6339,Mathlib.Analysis.Normed.Group.NullSubmodule,1.90,2.00,-0.10,-5.1
6340,Mathlib.MeasureTheory.VectorMeasure.Decomposition.RadonNikodym,2.31,2.44,-0.12,-5.1
6341,Mathlib.Tactic.NormNum.Eq,1.60,1.69,-0.09,-5.1
6342,Mathlib.Analysis.Calculus.LineDeriv.QuadraticMap,2.72,2.86,-0.15,-5.1
6343,Mathlib.Analysis.Complex.ExponentialBounds,2.31,2.43,-0.12,-5.1
6344,Mathlib.Analysis.Normed.Operator.CompleteCodomain,2.73,2.88,-0.15,-5.1
6345,Mathlib.Algebra.Lie.Rank,3.56,3.76,-0.19,-5.1
6346,Mathlib.Topology.Algebra.InfiniteSum.TsumUniformlyOn,2.52,2.66,-0.14,-5.1
6347,Mathlib.Algebra.Order.Interval.Set.Instances,1.98,2.09,-0.11,-5.1
6348,Mathlib.GroupTheory.Congruence.BigOperators,1.28,1.35,-0.07,-5.1
6349,Mathlib.Analysis.Complex.IsIntegral,1.72,1.81,-0.09,-5.1
6350,Mathlib.CategoryTheory.Limits.Preserves.Shapes.BinaryProducts,1.50,1.58,-0.08,-5.1
6351,Mathlib.Order.Interval.Set.Fin,2.31,2.43,-0.12,-5.1
6352,Mathlib.Algebra.Order.Hom.Ring,1.98,2.08,-0.11,-5.1
6353,Mathlib.Topology.Defs.Sequences,1.16,1.23,-0.06,-5.1
6354,Mathlib.Analysis.Normed.Operator.NNNorm,3.36,3.54,-0.18,-5.1
6355,Mathlib.Algebra.Group.Pointwise.Finset.Interval,1.96,2.06,-0.11,-5.1
6356,Mathlib.Dynamics.BirkhoffSum.QuasiMeasurePreserving,1.80,1.90,-0.10,-5.2
6357,Mathlib.Order.ScottContinuity.Prod,1.61,1.70,-0.09,-5.2
6358,Mathlib.Algebra.Order.Monoid.LocallyFiniteOrder,4.13,4.35,-0.22,-5.2
6359,Mathlib.Tactic.NormNum.RealSqrt,2.33,2.46,-0.13,-5.2
6360,Mathlib.Data.Rat.BigOperators,1.37,1.45,-0.07,-5.2
6361,Mathlib.Order.Interval.Set.Basic,2.19,2.31,-0.12,-5.2
6362,Mathlib.RingTheory.Extension.Basic,13.43,14.16,-0.73,-5.2
6363,Mathlib.Algebra.Polynomial.Inductions,2.04,2.15,-0.11,-5.2
6364,Mathlib.CategoryTheory.Limits.Preserves.Bifunctor,4.18,4.41,-0.23,-5.2
6365,Mathlib.Algebra.Group.Submonoid.Basic,2.02,2.13,-0.11,-5.2
6366,Mathlib.FieldTheory.Minpoly.MinpolyDiv,2.71,2.86,-0.15,-5.2
6367,Mathlib.RingTheory.Spectrum.Prime.Jacobson,2.00,2.11,-0.11,-5.2
6368,Mathlib.AlgebraicGeometry.Sites.Etale,2.22,2.34,-0.12,-5.2
6369,Mathlib.Algebra.DirectSum.Basic,3.10,3.27,-0.17,-5.2
6370,Mathlib.Condensed.Light.Module,2.65,2.79,-0.15,-5.2
6371,Mathlib.Data.Fin.Tuple.Embedding,1.31,1.38,-0.07,-5.2
6372,Mathlib.SetTheory.Ordinal.Arithmetic,3.44,3.63,-0.19,-5.2
6373,Mathlib.CategoryTheory.Bicategory.FunctorBicategory.Oplax,2.41,2.54,-0.13,-5.2
6374,Mathlib.Algebra.Category.ModuleCat.EpiMono,1.70,1.79,-0.09,-5.2
6375,Mathlib.CategoryTheory.Products.Basic,3.53,3.72,-0.19,-5.2
6376,Mathlib.Analysis.Normed.Algebra.Ultra,1.70,1.79,-0.09,-5.2
6377,Mathlib.Std.Data.HashMap,0.76,0.80,-0.04,-5.2
6378,Mathlib.Tactic.Sat.FromLRAT,1.84,1.94,-0.10,-5.2
6379,Mathlib.Data.Fintype.Defs,1.84,1.94,-0.10,-5.3
6380,Mathlib.CategoryTheory.Category.Bipointed,1.60,1.69,-0.09,-5.3
6381,Mathlib.Data.Sym.Sym2,3.81,4.02,-0.21,-5.3
6382,Mathlib.Analysis.Calculus.ContDiff.RCLike,2.69,2.85,-0.15,-5.3
6383,Mathlib.Analysis.SpecialFunctions.Trigonometric.ComplexDeriv,2.10,2.22,-0.12,-5.3
6384,Mathlib.MeasureTheory.Measure.LogLikelihoodRatio,2.50,2.63,-0.14,-5.3
6385,Mathlib.CategoryTheory.IsConnected,1.75,1.85,-0.10,-5.3
6386,Mathlib.Analysis.Normed.Group.Completeness,1.80,1.90,-0.10,-5.3
6387,Mathlib.Data.Finset.Sum,1.91,2.02,-0.11,-5.3
6388,Mathlib.Algebra.Order.AbsoluteValue.Euclidean,1.30,1.37,-0.07,-5.3
6389,Mathlib.CategoryTheory.Monad.Equalizer,1.59,1.68,-0.09,-5.3
6390,Mathlib.SetTheory.Ordinal.Enum,1.49,1.58,-0.08,-5.3
6391,Mathlib.Combinatorics.Additive.Corner.Roth,4.24,4.48,-0.24,-5.3
6392,Mathlib.AlgebraicGeometry.EllipticCurve.Group,1.82,1.93,-0.10,-5.3
6393,Mathlib.Analysis.Analytic.IteratedFDeriv,4.99,5.27,-0.28,-5.3
6394,Mathlib.Topology.Algebra.ProperConstSMul,1.52,1.61,-0.09,-5.3
6395,Mathlib.AlgebraicTopology.DoldKan.Faces,2.74,2.90,-0.15,-5.4
6396,Mathlib.Algebra.Group.TransferInstance,1.63,1.72,-0.09,-5.4
6397,Mathlib.Condensed.Light.InternallyProjective,2.83,2.99,-0.16,-5.4
6398,Mathlib.Topology.Algebra.Group.GroupTopology,1.80,1.90,-0.10,-5.4
6399,Mathlib.Analysis.Calculus.IteratedDeriv.Lemmas,3.41,3.60,-0.19,-5.4
6400,Mathlib.Algebra.Module.Submodule.Defs,2.51,2.65,-0.14,-5.4
6401,Mathlib.CategoryTheory.Limits.ColimitLimit,1.60,1.70,-0.09,-5.4
6402,Mathlib.Tactic.NoncommRing,1.41,1.49,-0.08,-5.4
6403,Mathlib.Tactic.CategoryTheory.Coherence.Normalize,2.04,2.16,-0.12,-5.4
6404,Mathlib.Logic.Embedding.Set,1.50,1.58,-0.08,-5.4
6405,Mathlib.Order.ScottContinuity,1.14,1.21,-0.07,-5.4
6406,Mathlib.Analysis.Calculus.AddTorsor.Coord,2.31,2.44,-0.13,-5.4
6407,Mathlib.Analysis.Calculus.MeanValue,5.36,5.67,-0.30,-5.4
6408,Mathlib.Data.PNat.Basic,1.60,1.69,-0.09,-5.4
6409,Mathlib.Data.Int.AbsoluteValue,1.30,1.37,-0.07,-5.4
6410,Mathlib.RingTheory.Coprime.Basic,1.89,2.00,-0.11,-5.4
6411,Mathlib.Analysis.SpecialFunctions.Log.Deriv,5.90,6.24,-0.34,-5.4
6412,Mathlib.LinearAlgebra.RootSystem.Irreducible,3.35,3.54,-0.19,-5.4
6413,Mathlib.Algebra.Order.Field.Pi,1.38,1.46,-0.08,-5.4
6414,Mathlib.Topology.Connected.PathConnected,2.54,2.68,-0.15,-5.4
6415,Mathlib.Data.Pi.Interval,1.42,1.50,-0.08,-5.4
6416,Mathlib.Computability.Partrec,2.38,2.51,-0.14,-5.4
6417,Mathlib.Algebra.Order.Ring.Idempotent,2.03,2.14,-0.12,-5.4
6418,Mathlib.Tactic.NormNum.Inv,1.78,1.88,-0.10,-5.4
6419,Mathlib.Algebra.Order.Hom.MonoidWithZero,1.99,2.10,-0.11,-5.4
6420,Mathlib.Data.NNRat.Defs,1.88,1.99,-0.11,-5.4
6421,Mathlib.Probability.Kernel.Composition.Lemmas,1.98,2.10,-0.11,-5.4
6422,Mathlib.Analysis.NormedSpace.OperatorNorm.NNNorm,1.79,1.89,-0.10,-5.4
6423,Mathlib.Algebra.Module.LinearMap.Basic,1.72,1.82,-0.10,-5.5
6424,Mathlib.Order.RelIso.Set,1.20,1.26,-0.07,-5.5
6425,Mathlib.CategoryTheory.EssentiallySmall,1.70,1.79,-0.10,-5.5
6426,Mathlib.AlgebraicGeometry.Spec,5.64,5.96,-0.33,-5.5
6427,Mathlib.Analysis.SpecialFunctions.Trigonometric.Deriv,8.49,8.98,-0.49,-5.5
6428,Mathlib.NumberTheory.Padics.MahlerBasis,4.02,4.25,-0.23,-5.5
6429,Mathlib.Order.PartialSups,1.72,1.82,-0.10,-5.5
6430,Mathlib.Data.Multiset.UnionInter,1.79,1.90,-0.10,-5.5
6431,Mathlib.Data.Sigma.Order,1.50,1.58,-0.09,-5.5
6432,Mathlib.Analysis.NormedSpace.Alternating.Basic,1.84,1.95,-0.11,-5.5
6433,Mathlib.CategoryTheory.Abelian.Projective.Dimension,2.22,2.35,-0.13,-5.5
6434,Mathlib.Data.Nat.Factorization.Defs,1.81,1.91,-0.10,-5.5
6435,Mathlib.Order.BooleanGenerators,1.50,1.58,-0.09,-5.5
6436,Mathlib.Analysis.Calculus.UniformLimitsDeriv,3.76,3.98,-0.22,-5.5
6437,Mathlib.AlgebraicGeometry.EllipticCurve.Jacobian.Formula,6.87,7.27,-0.40,-5.5
6438,Mathlib.NumberTheory.DirichletCharacter.Bounds,1.99,2.10,-0.12,-5.5
6439,Mathlib.ModelTheory.Semantics,3.94,4.17,-0.23,-5.5
6440,Mathlib.RingTheory.TwoSidedIdeal.BigOperators,1.30,1.37,-0.08,-5.5
6441,Mathlib.Geometry.RingedSpace.PresheafedSpace.Gluing,8.88,9.40,-0.52,-5.5
6442,Mathlib.Data.Finsupp.Pointwise,1.60,1.69,-0.09,-5.5
6443,Mathlib.Probability.Distributions.Fernique,5.82,6.16,-0.34,-5.5
6444,Mathlib.Analysis.Calculus.LocalExtr.Polynomial,2.07,2.19,-0.12,-5.6
6445,Mathlib.NumberTheory.Transcendental.Liouville.Basic,3.27,3.47,-0.19,-5.6
6446,Mathlib.CategoryTheory.Bicategory.Functor.LocallyDiscrete,4.16,4.40,-0.25,-5.6
6447,Mathlib.Algebra.Order.Monovary,3.50,3.71,-0.21,-5.6
6448,Mathlib.RingTheory.NonUnitalSubsemiring.Defs,1.73,1.83,-0.10,-5.6
6449,Mathlib.Tactic.LinearCombination',2.01,2.13,-0.12,-5.6
6450,Mathlib.Analysis.InnerProductSpace.EuclideanDist,3.24,3.43,-0.19,-5.6
6451,Mathlib.Algebra.Group.Pointwise.Set.Lattice,1.79,1.89,-0.11,-5.6
6452,Mathlib.CategoryTheory.Monoidal.Action.LinearFunctor,2.41,2.55,-0.14,-5.6
6453,Mathlib.Algebra.Homology.Linear,2.42,2.57,-0.14,-5.6
6454,Mathlib.Tactic.CategoryTheory.Monoidal.Basic,2.64,2.80,-0.16,-5.6
6455,Mathlib.AlgebraicTopology.MooreComplex,2.78,2.95,-0.17,-5.6
6456,Mathlib.Combinatorics.SimpleGraph.Regularity.Equitabilise,2.10,2.22,-0.12,-5.6
6457,Mathlib.Order.SuccPred.Relation,1.37,1.46,-0.08,-5.6
6458,Mathlib.Algebra.MonoidAlgebra.ToDirectSum,2.21,2.34,-0.13,-5.6
6459,Mathlib.Analysis.Calculus.Monotone,3.04,3.22,-0.18,-5.6
6460,Mathlib.Analysis.SpecialFunctions.Complex.Circle,2.28,2.42,-0.14,-5.7
6461,Mathlib.Data.Finset.Basic,2.38,2.53,-0.14,-5.7
6462,Mathlib.CategoryTheory.Galois.Decomposition,2.08,2.21,-0.12,-5.7
6463,Mathlib.CategoryTheory.Limits.Shapes.Terminal,2.50,2.65,-0.15,-5.7
6464,Mathlib.Analysis.Calculus.SmoothSeries,4.56,4.83,-0.27,-5.7
6465,Mathlib.Data.Finset.Prod,2.00,2.12,-0.12,-5.7
6466,Mathlib.Tactic.NormNum.Ineq,2.76,2.92,-0.17,-5.7
6467,Mathlib.Algebra.Pointwise.Stabilizer,2.41,2.55,-0.15,-5.7
6468,Mathlib.NumberTheory.KummerDedekind,5.05,5.35,-0.30,-5.7
6469,Mathlib.Tactic.FieldSimp,7.07,7.50,-0.43,-5.7
6470,Mathlib.Analysis.Calculus.ContDiff.FiniteDimension,2.62,2.78,-0.16,-5.7
6471,Mathlib.Data.Finset.Image,2.40,2.55,-0.15,-5.7
6472,Mathlib.AlgebraicGeometry.Morphisms.Proper,2.72,2.88,-0.16,-5.7
6473,Mathlib.LinearAlgebra.Matrix.ToLinearEquiv,2.62,2.78,-0.16,-5.7
6474,Mathlib.NumberTheory.VonMangoldt,1.79,1.90,-0.11,-5.7
6475,Mathlib.Algebra.Star.Subsemiring,1.60,1.70,-0.10,-5.7
6476,Mathlib.CategoryTheory.Shift.Quotient,1.80,1.91,-0.11,-5.7
6477,Mathlib.CategoryTheory.Triangulated.Subcategory,2.41,2.56,-0.15,-5.7
6478,Mathlib.Combinatorics.SimpleGraph.Regularity.Bound,3.77,4.00,-0.23,-5.7
6479,Mathlib.Probability.Independence.Kernel.Indep,3.78,4.01,-0.23,-5.7
6480,Mathlib.Order.Preorder.Chain,1.59,1.69,-0.10,-5.7
6481,Mathlib.Order.Birkhoff,2.00,2.12,-0.12,-5.7
6482,Mathlib.Algebra.Ring.Subring.MulOpposite,1.71,1.81,-0.10,-5.7
6483,Mathlib.Analysis.SpecialFunctions.Log.NegMulLog,2.43,2.57,-0.15,-5.7
6484,Mathlib.RingTheory.FractionalIdeal.Basic,4.33,4.59,-0.26,-5.8
6485,Mathlib.Tactic.NormNum.GCD,2.22,2.36,-0.14,-5.8
6486,Mathlib.MeasureTheory.Integral.IntegrableOn,3.85,4.09,-0.24,-5.8
6487,Mathlib.Tactic.Simproc.Divisors,1.29,1.37,-0.08,-5.8
6488,Mathlib.LinearAlgebra.AffineSpace.Defs,1.01,1.07,-0.06,-5.8
6489,Mathlib.Computability.RegularExpressions,2.00,2.13,-0.12,-5.8
6490,Mathlib.CategoryTheory.Sums.Basic,4.33,4.59,-0.27,-5.8
6491,Mathlib.Logic.Equiv.Set,2.20,2.33,-0.13,-5.8
6492,Mathlib.CategoryTheory.Enriched.HomCongr,1.51,1.60,-0.09,-5.8
6493,Mathlib.GroupTheory.NoncommCoprod,1.80,1.92,-0.11,-5.8
6494,Mathlib.Analysis.Calculus.FDeriv.Prod,12.58,13.36,-0.78,-5.8
6495,Mathlib.Analysis.NormedSpace.Multilinear.Basic,1.82,1.93,-0.11,-5.8
6496,Mathlib.Tactic.Linarith.Oracle.FourierMotzkin,1.51,1.60,-0.09,-5.8
6497,Mathlib.Analysis.Calculus.Deriv.Inv,3.32,3.52,-0.21,-5.8
6498,Mathlib.RingTheory.Noetherian.UniqueFactorizationDomain,1.63,1.73,-0.10,-5.8
6499,Mathlib.Combinatorics.SimpleGraph.Regularity.Chunk,8.15,8.66,-0.51,-5.8
6500,Mathlib.RingTheory.DedekindDomain.PID,3.02,3.21,-0.19,-5.8
6501,Mathlib.Data.Set.Monotone,1.29,1.37,-0.08,-5.8
6502,Mathlib.Order.Defs.PartialOrder,1.31,1.39,-0.08,-5.8
6503,Mathlib.CategoryTheory.FiberedCategory.Grothendieck,2.53,2.68,-0.16,-5.8
6504,Mathlib.CategoryTheory.Monoidal.Functor,8.78,9.33,-0.55,-5.9
6505,Mathlib.Algebra.Module.NatInt,1.59,1.69,-0.10,-5.9
6506,Mathlib.CategoryTheory.Abelian.GrothendieckAxioms.Indization,1.62,1.72,-0.10,-5.9
6507,Mathlib.CategoryTheory.FintypeCat,1.80,1.91,-0.11,-5.9
6508,Mathlib.Analysis.Normed.Group.InfiniteSum,2.00,2.13,-0.12,-5.9
6509,Mathlib.Combinatorics.SimpleGraph.IncMatrix,1.60,1.70,-0.10,-5.9
6510,Mathlib.LinearAlgebra.Matrix.Charpoly.FiniteField,2.08,2.21,-0.13,-5.9
6511,Mathlib.Condensed.Explicit,2.27,2.41,-0.14,-5.9
6512,Mathlib.Topology.Algebra.Module.TransferInstance,1.69,1.80,-0.11,-5.9
6513,Mathlib.Data.Finset.BooleanAlgebra,1.50,1.60,-0.09,-5.9
6514,Mathlib.CategoryTheory.Bicategory.Opposites,1.98,2.10,-0.12,-5.9
6515,Mathlib.CategoryTheory.Bicategory.NaturalTransformation.Pseudo,5.37,5.70,-0.34,-5.9
6516,Mathlib.Condensed.Light.Instances,2.28,2.42,-0.14,-5.9
6517,Mathlib.CategoryTheory.Bicategory.SingleObj,1.61,1.71,-0.10,-5.9
6518,Mathlib.AlgebraicGeometry.Morphisms.UniversallyInjective,2.29,2.44,-0.14,-5.9
6519,Mathlib.RingTheory.Polynomial.Vieta,2.23,2.37,-0.14,-5.9
6520,Mathlib.Order.ModularLattice,1.80,1.91,-0.11,-5.9
6521,Mathlib.Condensed.Light.Basic,1.89,2.01,-0.12,-5.9
6522,Mathlib.CategoryTheory.Preadditive.Projective.Resolution,2.00,2.13,-0.13,-5.9
6523,Mathlib.Probability.Kernel.Invariance,2.03,2.16,-0.13,-5.9
6524,Mathlib.Data.PEquiv,1.49,1.59,-0.09,-5.9
6525,Mathlib.Algebra.Group.Ext,1.41,1.50,-0.09,-5.9
6526,Mathlib.Analysis.Calculus.Deriv.Star,2.74,2.92,-0.17,-5.9
6527,Mathlib.Condensed.Discrete.Colimit,5.29,5.63,-0.33,-5.9
6528,Mathlib.Analysis.SpecialFunctions.Log.Base,3.46,3.67,-0.22,-5.9
6529,Mathlib.NumberTheory.Transcendental.Liouville.LiouvilleWith,2.81,2.98,-0.18,-5.9
6530,Mathlib.Analysis.CStarAlgebra.Multiplier,13.80,14.67,-0.87,-5.9
6531,Mathlib.Algebra.Ring.Int.Units,1.08,1.15,-0.07,-5.9
6532,Mathlib.Algebra.Module.Basic,1.50,1.60,-0.10,-6.0
6533,Mathlib.AlgebraicGeometry.Modules.Sheaf,2.22,2.36,-0.14,-6.0
6534,Mathlib.CategoryTheory.Bicategory.EqToHom,1.31,1.39,-0.08,-6.0
6535,Mathlib.Order.Closure,1.81,1.92,-0.11,-6.0
6536,Mathlib.CategoryTheory.Localization.Predicate,2.70,2.87,-0.17,-6.0
6537,Mathlib.Order.Category.CompleteLat,1.73,1.83,-0.11,-6.0
6538,Mathlib.Order.Interval.Multiset,1.59,1.70,-0.10,-6.0
6539,Mathlib.LinearAlgebra.DirectSum.Finsupp,3.56,3.79,-0.23,-6.0
6540,Mathlib.Order.Filter.Defs,2.00,2.13,-0.13,-6.0
6541,Mathlib.Algebra.Order.Sub.Unbundled.Basic,1.39,1.48,-0.09,-6.0
6542,Mathlib.Analysis.Calculus.FDeriv.Const,3.52,3.75,-0.23,-6.0
6543,Mathlib.Algebra.GCDMonoid.Nat,1.40,1.49,-0.09,-6.0
6544,Mathlib.FieldTheory.IsAlgClosed.AlgebraicClosure,4.29,4.57,-0.28,-6.0
6545,Mathlib.Data.Int.Log,2.16,2.30,-0.14,-6.0
6546,Mathlib.Order.Partition.Equipartition,1.81,1.93,-0.12,-6.1
6547,Mathlib.Analysis.Normed.Operator.BanachSteinhaus,2.12,2.26,-0.14,-6.1
6548,Mathlib.Algebra.MvPolynomial.Cardinal,1.59,1.70,-0.10,-6.1
6549,Mathlib.Algebra.Category.AlgebraCat.Symmetric,1.50,1.60,-0.10,-6.1
6550,Mathlib.RingTheory.Etale.Kaehler,21.19,22.56,-1.37,-6.1
6551,Mathlib.Algebra.Group.Pointwise.Set.Basic,5.09,5.42,-0.33,-6.1
6552,Mathlib.MeasureTheory.Measure.Decomposition.Hahn,2.62,2.79,-0.17,-6.1
6553,Mathlib.Algebra.Ring.Identities,2.04,2.17,-0.13,-6.1
6554,Mathlib.CategoryTheory.Bicategory.Functor.Prelax,1.79,1.90,-0.12,-6.1
6555,Mathlib.Tactic.CategoryTheory.Coherence,1.88,2.00,-0.12,-6.1
6556,Mathlib.GroupTheory.FreeGroup.CyclicallyReduced,2.42,2.57,-0.16,-6.1
6557,Mathlib.Topology.MetricSpace.UniformConvergence,4.06,4.33,-0.26,-6.1
6558,Mathlib.Data.Prod.Lex,1.92,2.05,-0.12,-6.1
6559,Mathlib.RingTheory.Flat.CategoryTheory,2.03,2.16,-0.13,-6.1
6560,Mathlib.Analysis.InnerProductSpace.Projection.Minimal,3.85,4.11,-0.25,-6.1
6561,Mathlib.Algebra.Field.ULift,1.40,1.49,-0.09,-6.1
6562,Mathlib.Algebra.Group.Subgroup.MulOppositeLemmas,1.59,1.70,-0.10,-6.1
6563,Mathlib.Order.SupClosed,3.12,3.33,-0.20,-6.1
6564,Mathlib.Analysis.InnerProductSpace.OfNorm,4.40,4.69,-0.29,-6.2
6565,Mathlib.MeasureTheory.Measure.Typeclasses.NoAtoms,1.89,2.01,-0.12,-6.2
6566,Mathlib.MeasureTheory.MeasurableSpace.Basic,1.58,1.69,-0.10,-6.2
6567,Mathlib.Data.WSeq.Relation,2.51,2.67,-0.17,-6.2
6568,Mathlib.Algebra.Ring.Subsemiring.MulOpposite,1.62,1.73,-0.11,-6.2
6569,Mathlib.Topology.JacobsonSpace,1.62,1.73,-0.11,-6.2
6570,Mathlib.Analysis.Meromorphic.Basic,4.22,4.49,-0.28,-6.2
6571,Mathlib.RingTheory.UniqueFactorizationDomain.Finite,1.38,1.47,-0.09,-6.2
6572,Mathlib.Order.UpperLower.CompleteLattice,2.40,2.55,-0.16,-6.2
6573,Mathlib.Algebra.Order.Module.OrderedSMul,1.59,1.69,-0.10,-6.2
6574,Mathlib.AlgebraicTopology.SimplicialSet.SubcomplexColimits,1.60,1.71,-0.11,-6.2
6575,Mathlib.RingTheory.RootsOfUnity.Minpoly,2.40,2.56,-0.16,-6.2
6576,Mathlib.Data.Fintype.Sets,1.59,1.69,-0.10,-6.2
6577,Mathlib.CategoryTheory.MorphismProperty.IsInvertedBy,1.36,1.45,-0.09,-6.2
6578,Mathlib.LinearAlgebra.RootSystem.RootPairingCat,1.88,2.01,-0.12,-6.2
6579,Mathlib.Analysis.Calculus.FDeriv.Extend,3.06,3.26,-0.20,-6.2
6580,Mathlib.SetTheory.Cardinal.Basic,2.83,3.02,-0.19,-6.2
6581,Mathlib.Order.Interval.Set.WithBotTop,1.29,1.38,-0.09,-6.2
6582,Mathlib.Analysis.Convex.Topology,3.13,3.33,-0.21,-6.2
6583,Mathlib.CategoryTheory.Monoidal.End,3.05,3.25,-0.20,-6.2
6584,Mathlib.LinearAlgebra.Multilinear.Pi,1.80,1.92,-0.12,-6.3
6585,Mathlib.Order.Fin.Basic,1.68,1.79,-0.11,-6.3
6586,Mathlib.Algebra.Order.Group.Action,1.12,1.20,-0.07,-6.3
6587,Mathlib.Order.Atoms,3.55,3.79,-0.24,-6.3
6588,Mathlib.Analysis.Calculus.Deriv.Support,1.91,2.04,-0.13,-6.3
6589,Mathlib.Data.Nat.Cast.Order.Ring,1.49,1.59,-0.10,-6.3
6590,Mathlib.Algebra.ContinuedFractions.ContinuantsRecurrence,1.37,1.46,-0.09,-6.3
6591,Mathlib.AlgebraicGeometry.Cover.MorphismProperty,3.25,3.47,-0.22,-6.3
6592,Mathlib.Order.SymmDiff,1.98,2.11,-0.13,-6.3
6593,Mathlib.Topology.Defs.Filter,1.71,1.82,-0.11,-6.3
6594,Mathlib.Algebra.Polynomial.Sequence,2.02,2.16,-0.14,-6.3
6595,Mathlib.Analysis.Meromorphic.TrailingCoefficient,3.60,3.84,-0.24,-6.3
6596,Mathlib.LinearAlgebra.CliffordAlgebra.Contraction,6.46,6.89,-0.44,-6.3
6597,Mathlib.Tactic.LinearCombination,1.91,2.04,-0.13,-6.3
6598,Mathlib.RingTheory.KrullDimension.PID,2.03,2.17,-0.14,-6.3
6599,Mathlib.Algebra.Group.PUnit,1.02,1.09,-0.07,-6.3
6600,Mathlib.Data.List.Sort,3.07,3.27,-0.21,-6.3
6601,Mathlib.NumberTheory.Zsqrtd.ToReal,1.82,1.94,-0.12,-6.3
6602,Mathlib.Algebra.Group.Subsemigroup.Defs,1.60,1.71,-0.11,-6.3
6603,Mathlib.Data.Set.Pairwise.Lattice,1.49,1.59,-0.10,-6.3
6604,Mathlib.Geometry.Euclidean.Angle.Sphere,4.49,4.79,-0.30,-6.3
6605,Mathlib.Data.Analysis.Filter,2.08,2.22,-0.14,-6.3
6606,Mathlib.Geometry.Euclidean.Triangle,3.72,3.97,-0.25,-6.3
6607,Mathlib.Algebra.Module.Equiv.Basic,6.52,6.96,-0.44,-6.4
6608,Mathlib.Algebra.Order.Ring.Unbundled.Rat,2.22,2.38,-0.15,-6.4
6609,Mathlib.Data.Set.Order,1.30,1.38,-0.09,-6.4
6610,Mathlib.Analysis.Calculus.Deriv.Comp,6.93,7.40,-0.47,-6.4
6611,Mathlib.AlgebraicGeometry.EllipticCurve.DivisionPolynomial.Basic,3.72,3.97,-0.25,-6.4
6612,Mathlib.Algebra.GroupWithZero.Submonoid.Primal,1.10,1.18,-0.07,-6.4
6613,Mathlib.Data.Real.CompleteField,1.72,1.83,-0.12,-6.4
6614,Mathlib.Order.Notation,1.41,1.50,-0.10,-6.4
6615,Mathlib.Logic.Encodable.Basic,1.79,1.91,-0.12,-6.4
6616,Mathlib.AlgebraicGeometry.PointsPi,3.22,3.44,-0.22,-6.4
6617,Mathlib.Topology.GDelta.Basic,1.49,1.60,-0.10,-6.4
6618,Mathlib.Algebra.Order.Floor.Div,2.39,2.55,-0.16,-6.4
6619,Mathlib.Order.Filter.Bases.Basic,2.21,2.36,-0.15,-6.4
6620,Mathlib.Computability.AkraBazzi.GrowsPolynomially,4.81,5.14,-0.33,-6.4
6621,Mathlib.RingTheory.Ideal.Height,2.94,3.14,-0.20,-6.4
6622,Mathlib.Topology.Bornology.Basic,1.49,1.59,-0.10,-6.4
6623,Mathlib.Data.Finset.Empty,1.39,1.48,-0.10,-6.4
6624,Mathlib.MeasureTheory.Measure.Sub,2.11,2.26,-0.15,-6.4
6625,Mathlib.Data.Multiset.FinsetOps,1.49,1.59,-0.10,-6.4
6626,Mathlib.CategoryTheory.Limits.Shapes.Pullback.Square,1.38,1.48,-0.09,-6.4
6627,Mathlib.GroupTheory.GroupAction.DomAct.ActionHom,1.29,1.38,-0.09,-6.4
6628,Mathlib.Data.Nat.Factorial.NatCast,1.48,1.58,-0.10,-6.4
6629,Mathlib.CategoryTheory.Monoidal.Closed.Transport,1.20,1.29,-0.08,-6.4
6630,Mathlib.Order.PFilter,1.52,1.63,-0.10,-6.4
6631,Mathlib.LinearAlgebra.QuadraticForm.Complex,2.84,3.04,-0.20,-6.5
6632,Mathlib.Topology.Algebra.Module.Equiv,10.40,11.12,-0.72,-6.5
6633,Mathlib.Data.Int.WithZero,1.49,1.59,-0.10,-6.5
6634,Mathlib.Data.Finset.Defs,1.59,1.70,-0.11,-6.5
6635,Mathlib.CategoryTheory.ConcreteCategory.Basic,1.77,1.90,-0.12,-6.5
6636,Mathlib.Algebra.Group.Basic,4.83,5.17,-0.33,-6.5
6637,Mathlib.Tactic.ApplyFun,1.51,1.62,-0.10,-6.5
6638,Mathlib.Topology.UniformSpace.Real,1.49,1.59,-0.10,-6.5
6639,Mathlib.LinearAlgebra.RootSystem.CartanMatrix,5.26,5.62,-0.37,-6.5
6640,Mathlib.Algebra.Module.Congruence.Defs,1.79,1.91,-0.12,-6.5
6641,Mathlib.Topology.Basic,1.38,1.48,-0.10,-6.5
6642,Mathlib.Algebra.Ring.Aut,1.31,1.40,-0.09,-6.5
6643,Mathlib.Topology.Category.LightProfinite.Extend,2.52,2.69,-0.18,-6.5
6644,Mathlib.FieldTheory.Finite.Basic,4.21,4.50,-0.29,-6.5
6645,Mathlib.Combinatorics.Additive.ETransform,1.72,1.84,-0.12,-6.5
6646,Mathlib.Tactic.NormNum.IsCoprime,1.51,1.61,-0.11,-6.5
6647,Mathlib.Topology.Algebra.InfiniteSum.ENNReal,1.81,1.93,-0.13,-6.5
6648,Mathlib.RingTheory.SimpleModule.IsAlgClosed,2.01,2.15,-0.14,-6.5
6649,Mathlib.Data.List.FinRange,1.29,1.38,-0.09,-6.5
6650,Mathlib.LinearAlgebra.RootSystem.Base,6.02,6.44,-0.42,-6.5
6651,Mathlib.MeasureTheory.Integral.SetToL1,16.98,18.17,-1.19,-6.5
6652,Mathlib.Topology.Order,2.07,2.21,-0.15,-6.5
6653,Mathlib.Analysis.BoxIntegral.Basic,7.02,7.51,-0.49,-6.6
6654,Mathlib.Topology.ContinuousMap.Bounded.Normed,6.02,6.44,-0.42,-6.6
6655,Mathlib.CategoryTheory.Limits.FormalCoproducts,5.72,6.12,-0.40,-6.6
6656,Mathlib.LinearAlgebra.ExteriorPower.Pairing,3.17,3.39,-0.22,-6.6
6657,Mathlib.Algebra.Symmetrized,2.84,3.04,-0.20,-6.6
6658,Mathlib.CategoryTheory.Category.TwoP,1.52,1.62,-0.11,-6.6
6659,Mathlib.NumberTheory.Padics.PadicVal.Defs,1.40,1.50,-0.10,-6.6
6660,Mathlib.NumberTheory.Harmonic.Int,1.71,1.83,-0.12,-6.6
6661,Mathlib.Tactic.CategoryTheory.BicategoryCoherence,1.70,1.82,-0.12,-6.6
6662,Mathlib.LinearAlgebra.AffineSpace.FiniteDimensional,4.12,4.41,-0.29,-6.6
6663,Mathlib.RingTheory.UniqueFactorizationDomain.Multiplicative,1.67,1.79,-0.12,-6.6
6664,Mathlib.Analysis.Normed.Order.Lattice,2.19,2.34,-0.15,-6.6
6665,Mathlib.RingTheory.Ideal.KrullsHeightTheorem,3.63,3.88,-0.26,-6.6
6666,Mathlib.Tactic.Ring.Basic,7.77,8.32,-0.55,-6.6
6667,Mathlib.Condensed.Light.Epi,2.66,2.85,-0.19,-6.6
6668,Mathlib.CategoryTheory.Limits.Yoneda,1.69,1.81,-0.12,-6.6
6669,Mathlib.Order.Interval.Set.InitialSeg,1.52,1.63,-0.11,-6.6
6670,Mathlib.Order.Heyting.Regular,1.72,1.84,-0.12,-6.6
6671,Mathlib.Algebra.Module.Submodule.EqLocus,1.48,1.58,-0.10,-6.6
6672,Mathlib.CategoryTheory.Comma.Arrow,2.31,2.47,-0.16,-6.6
6673,Mathlib.AlgebraicGeometry.Cover.Over,4.77,5.11,-0.34,-6.7
6674,Mathlib.GroupTheory.Submonoid.Center,1.89,2.02,-0.14,-6.7
6675,Mathlib.LinearAlgebra.CliffordAlgebra.SpinGroup,3.79,4.06,-0.27,-6.7
6676,Mathlib.Algebra.Order.Hom.Basic,1.59,1.71,-0.11,-6.7
6677,Mathlib.Condensed.Light.Small,3.02,3.24,-0.22,-6.7
6678,Mathlib.Order.MinMax,1.31,1.41,-0.09,-6.7
6679,Mathlib.Analysis.Normed.Module.FiniteDimension,6.60,7.07,-0.47,-6.7
6680,Mathlib.MeasureTheory.OuterMeasure.Basic,2.11,2.26,-0.15,-6.7
6681,Mathlib.Topology.Sheaves.MayerVietoris,1.91,2.05,-0.14,-6.7
6682,Mathlib.Algebra.Group.Units.Opposite,1.24,1.33,-0.09,-6.7
6683,Mathlib.Data.List.Duplicate,1.20,1.28,-0.09,-6.7
6684,Mathlib.Combinatorics.SimpleGraph.Regularity.Energy,1.50,1.61,-0.11,-6.7
6685,Mathlib.MeasureTheory.Measure.Lebesgue.EqHaar,6.40,6.86,-0.46,-6.7
6686,Mathlib.Analysis.Calculus.FDeriv.Comp,3.94,4.22,-0.28,-6.7
6687,Mathlib.CategoryTheory.Sites.PseudofunctorSheafOver,1.82,1.95,-0.13,-6.7
6688,Mathlib.CategoryTheory.MorphismProperty.Basic,1.89,2.02,-0.14,-6.7
6689,Mathlib.RingTheory.Congruence.Defs,1.98,2.12,-0.14,-6.7
6690,Mathlib.Algebra.Order.Group.Indicator,1.69,1.81,-0.12,-6.7
6691,Mathlib.NumberTheory.Wilson,1.96,2.10,-0.14,-6.7
6692,Mathlib.Order.Disjointed,1.57,1.69,-0.11,-6.8
6693,Mathlib.Data.Nat.Cast.Field,1.19,1.27,-0.09,-6.8
6694,Mathlib.Topology.Order.Rolle,1.49,1.60,-0.11,-6.8
6695,Mathlib.Order.Interval.Set.Pi,1.68,1.80,-0.12,-6.8
6696,Mathlib.RingTheory.WittVector.Defs,2.49,2.67,-0.18,-6.8
6697,Mathlib.Algebra.Order.GroupWithZero.WithZero,1.40,1.50,-0.10,-6.8
6698,Mathlib.GroupTheory.GroupAction.ConjAct,1.91,2.05,-0.14,-6.8
6699,Mathlib.AlgebraicGeometry.Morphisms.Etale,2.41,2.59,-0.18,-6.8
6700,Mathlib.CategoryTheory.Functor.Const,1.69,1.81,-0.12,-6.8
6701,Mathlib.Logic.Equiv.Fin.Basic,1.71,1.84,-0.12,-6.8
6702,Mathlib.Data.Num.Bitwise,1.60,1.72,-0.12,-6.8
6703,Mathlib.Topology.NhdsSet,1.50,1.61,-0.11,-6.8
6704,Mathlib.Analysis.NormedSpace.PiTensorProduct.ProjectiveSeminorm,1.82,1.95,-0.13,-6.8
6705,Mathlib.Logic.Encodable.Pi,1.31,1.41,-0.10,-6.8
6706,Mathlib.MeasureTheory.Measure.Typeclasses.Probability,2.40,2.58,-0.18,-6.8
6707,Mathlib.Data.Fin.Embedding,1.29,1.39,-0.09,-6.8
6708,Mathlib.Data.Nat.PowModTotient,1.79,1.93,-0.13,-6.9
6709,Mathlib.Algebra.Notation.Support,1.67,1.79,-0.12,-6.9
6710,Mathlib.Order.Interval.Finset.Basic,5.64,6.06,-0.42,-6.9
6711,Mathlib.Data.Multiset.Powerset,1.64,1.76,-0.12,-6.9
6712,Mathlib.GroupTheory.FiniteAbelian.Basic,2.63,2.82,-0.19,-6.9
6713,Mathlib.Computability.ContextFreeGrammar,1.83,1.96,-0.14,-6.9
6714,Mathlib.Combinatorics.Enumerative.DoubleCounting,1.58,1.70,-0.12,-6.9
6715,Mathlib.CategoryTheory.Adjunction.Additive,1.77,1.90,-0.13,-6.9
6716,Mathlib.CategoryTheory.Bicategory.Adjunction.Adj,2.84,3.05,-0.21,-6.9
6717,Mathlib.Analysis.Meromorphic.IsolatedZeros,1.99,2.13,-0.15,-6.9
6718,Mathlib.Order.Interval.Basic,2.44,2.62,-0.18,-6.9
6719,Mathlib.Analysis.Calculus.VectorField,6.34,6.82,-0.47,-6.9
6720,Mathlib.Data.Set.Finite.Basic,2.30,2.47,-0.17,-6.9
6721,Mathlib.Tactic.ModCases,1.46,1.57,-0.11,-6.9
6722,Mathlib.Algebra.Order.Group.DenselyOrdered,1.50,1.61,-0.11,-6.9
6723,Mathlib.CategoryTheory.FiberedCategory.BasedCategory,2.65,2.85,-0.20,-6.9
6724,Mathlib.Algebra.Lie.Abelian,4.58,4.93,-0.34,-6.9
6725,Mathlib.Analysis.Normed.Group.Hom,4.36,4.68,-0.32,-6.9
6726,Mathlib.Algebra.Order.Interval.Set.Monoid,1.19,1.28,-0.09,-6.9
6727,Mathlib.Analysis.Analytic.Order,4.31,4.63,-0.32,-7.0
6728,Mathlib.CategoryTheory.Monoidal.Free.Basic,3.14,3.38,-0.23,-7.0
6729,Mathlib.Computability.Primrec,3.33,3.58,-0.25,-7.0
6730,Mathlib.Order.Bounds.Image,1.60,1.72,-0.12,-7.0
6731,Mathlib.Analysis.Calculus.LineDeriv.Basic,4.25,4.56,-0.32,-7.0
6732,Mathlib.Tactic.NormNum.Irrational,3.17,3.41,-0.24,-7.0
6733,Mathlib.Order.Interval.Set.SurjOn,1.08,1.16,-0.08,-7.0
6734,Mathlib.Order.Irreducible,1.59,1.71,-0.12,-7.0
6735,Mathlib.Data.Finset.Option,1.41,1.51,-0.11,-7.0
6736,Mathlib.Data.Set.Lattice.Image,4.53,4.87,-0.34,-7.0
6737,Mathlib.Analysis.NormedSpace.OperatorNorm.NormedSpace,1.80,1.93,-0.14,-7.0
6738,Mathlib.Algebra.Star.SelfAdjoint,3.05,3.28,-0.23,-7.0
6739,Mathlib.Algebra.Group.Graph,2.45,2.64,-0.19,-7.1
6740,Mathlib.Data.Set.Semiring,1.58,1.70,-0.12,-7.1
6741,Mathlib.Control.Fold,1.47,1.58,-0.11,-7.1
6742,Mathlib.CategoryTheory.Closed.Types,1.29,1.39,-0.10,-7.1
6743,Mathlib.Data.List.ToFinsupp,1.50,1.61,-0.11,-7.1
6744,Mathlib.Data.Real.StarOrdered,1.71,1.84,-0.13,-7.1
6745,Mathlib.MeasureTheory.Measure.Haar.InnerProductSpace,4.16,4.47,-0.32,-7.1
6746,Mathlib.Topology.Algebra.PontryaginDual,2.44,2.63,-0.19,-7.1
6747,Mathlib.CategoryTheory.Abelian.GrothendieckCategory.HasExt,1.89,2.04,-0.15,-7.1
6748,Mathlib.Order.Sublocale,2.64,2.84,-0.20,-7.1
6749,Mathlib.Topology.Algebra.Valued.NormedValued,2.85,3.06,-0.22,-7.1
6750,Mathlib.CategoryTheory.FiberedCategory.Cocartesian,1.80,1.94,-0.14,-7.1
6751,Mathlib.Analysis.Calculus.Deriv.Basic,7.21,7.76,-0.55,-7.1
6752,Mathlib.Order.Interval.Finset.DenselyOrdered,1.39,1.50,-0.11,-7.1
6753,Mathlib.Analysis.Calculus.Deriv.Linear,2.41,2.60,-0.19,-7.1
6754,Mathlib.Control.Traversable.Equiv,1.12,1.20,-0.09,-7.1
6755,Mathlib.Algebra.Ring.Center,1.29,1.39,-0.10,-7.1
6756,Mathlib.Analysis.SpecialFunctions.Arsinh,2.70,2.91,-0.21,-7.1
6757,Mathlib.Algebra.Ring.Action.End,1.19,1.29,-0.09,-7.2
6758,Mathlib.Data.Nat.Factorial.BigOperators,1.39,1.50,-0.11,-7.2
6759,Mathlib.Analysis.Normed.Group.Lemmas,1.71,1.84,-0.13,-7.2
6760,Mathlib.GroupTheory.GroupAction.FixingSubgroup,1.70,1.83,-0.13,-7.2
6761,Mathlib.Order.Filter.AtTopBot.Floor,1.62,1.74,-0.12,-7.2
6762,Mathlib.Data.Finset.NatAntidiagonal,1.59,1.71,-0.12,-7.2
6763,Mathlib.Tactic.Simproc.FinsetInterval,2.19,2.37,-0.17,-7.2
6764,Mathlib.Algebra.Order.CauSeq.Basic,4.12,4.45,-0.32,-7.2
6765,Mathlib.Analysis.NormedSpace.Extend,1.76,1.90,-0.14,-7.2
6766,Mathlib.Order.Interval.Set.SuccPred,1.71,1.84,-0.13,-7.2
6767,Mathlib.Algebra.Ring.Action.Pointwise.Set,1.18,1.28,-0.09,-7.2
6768,Mathlib.Data.Finset.Pi,1.75,1.89,-0.14,-7.2
6769,Mathlib.RingTheory.Flat.Equalizer,10.21,11.01,-0.79,-7.2
6770,Mathlib.Algebra.Order.BigOperators.Expect,2.85,3.07,-0.22,-7.2
6771,Mathlib.Data.Rat.Cast.CharZero,1.58,1.70,-0.12,-7.2
6772,Mathlib.Analysis.InnerProductSpace.Semisimple,2.45,2.64,-0.19,-7.2
6773,Mathlib.GroupTheory.FreeGroup.Orbit,1.60,1.73,-0.12,-7.2
6774,Mathlib.Geometry.Group.Growth.QuotientInter,2.08,2.24,-0.16,-7.3
6775,Mathlib.Algebra.Ring.CentroidHom,5.19,5.60,-0.41,-7.3
6776,Mathlib.Analysis.Normed.Group.Ultra,2.92,3.15,-0.23,-7.3
6777,Mathlib.Algebra.Vertex.VertexOperator,2.03,2.19,-0.16,-7.3
6778,Mathlib.SetTheory.ZFC.Cardinal,1.60,1.73,-0.13,-7.3
6779,Mathlib.Tactic.Bound,1.69,1.82,-0.13,-7.3
6780,Mathlib.Order.FixedPoints,1.79,1.93,-0.14,-7.3
6781,Mathlib.Algebra.Order.Antidiag.Prod,1.64,1.77,-0.13,-7.3
6782,Mathlib.Data.Fin.Tuple.Sort,1.47,1.59,-0.12,-7.3
6783,Mathlib.Combinatorics.Enumerative.Stirling,1.28,1.38,-0.10,-7.3
6784,Mathlib.Logic.Equiv.PartialEquiv,2.31,2.49,-0.18,-7.3
6785,Mathlib.Analysis.NormedSpace.RCLike,1.77,1.92,-0.14,-7.3
6786,Mathlib.Data.PFunctor.Univariate.Basic,1.41,1.52,-0.11,-7.3
6787,Mathlib.Algebra.Category.ModuleCat.Ext.HasExt,1.79,1.93,-0.14,-7.3
6788,Mathlib.Analysis.Normed.Affine.Simplex,2.97,3.21,-0.24,-7.3
6789,Mathlib.CategoryTheory.Groupoid,1.50,1.62,-0.12,-7.3
6790,Mathlib.Algebra.Group.Action.Equidecomp,1.48,1.59,-0.12,-7.3
6791,Mathlib.Order.ULift,1.11,1.20,-0.09,-7.3
6792,Mathlib.Analysis.Calculus.FDeriv.RestrictScalars,3.14,3.39,-0.25,-7.3
6793,Mathlib.CategoryTheory.Monad.Adjunction,2.75,2.96,-0.22,-7.4
6794,Mathlib.Topology.Continuous,1.49,1.60,-0.12,-7.4
6795,Mathlib.NumberTheory.Niven,4.13,4.46,-0.33,-7.4
6796,Mathlib.Algebra.Order.GroupWithZero.Action.Synonym,1.20,1.30,-0.10,-7.4
6797,Mathlib.ModelTheory.Algebra.Field.IsAlgClosed,2.29,2.48,-0.18,-7.4
6798,Mathlib.Control.Functor.Multivariate,1.58,1.70,-0.13,-7.4
6799,Mathlib.Data.DFinsupp.Notation,1.39,1.50,-0.11,-7.4
6800,Mathlib.Data.PSigma.Order,1.39,1.50,-0.11,-7.4
6801,Mathlib.Data.DFinsupp.Interval,1.80,1.94,-0.14,-7.4
6802,Mathlib.Topology.UniformSpace.Path,1.81,1.95,-0.15,-7.4
6803,Mathlib.MeasureTheory.Function.AEEqOfLIntegral,2.26,2.45,-0.18,-7.4
6804,Mathlib.Combinatorics.Graph.Basic,1.60,1.73,-0.13,-7.4
6805,Mathlib.Condensed.Solid,2.12,2.29,-0.17,-7.5
6806,Mathlib.Tactic.FunProp.Differentiable,1.87,2.02,-0.15,-7.5
6807,Mathlib.Dynamics.BirkhoffSum.Average,1.51,1.64,-0.12,-7.5
6808,Mathlib.Analysis.BoxIntegral.Partition.Additive,2.52,2.72,-0.20,-7.5
6809,Mathlib.Algebra.CharP.Basic,1.39,1.50,-0.11,-7.5
6810,Mathlib.Order.Fin.Tuple,1.56,1.69,-0.13,-7.5
6811,Mathlib.Analysis.Calculus.DifferentialForm.Basic,5.13,5.55,-0.42,-7.5
6812,Mathlib.Geometry.Manifold.ContMDiff.Basic,3.33,3.60,-0.27,-7.5
6813,Mathlib.MeasureTheory.Measure.Decomposition.Lebesgue,4.04,4.37,-0.33,-7.5
6814,Mathlib.Order.Filter.AtTopBot.CountablyGenerated,1.53,1.66,-0.12,-7.5
6815,Mathlib.Combinatorics.SimpleGraph.Density,2.63,2.84,-0.21,-7.5
6816,Mathlib.Analysis.Calculus.Deriv.CompMul,2.08,2.24,-0.17,-7.5
6817,Mathlib.Topology.ContinuousMap.CompactlySupported,7.61,8.22,-0.62,-7.5
6818,Mathlib.AlgebraicGeometry.Sites.Representability,2.85,3.08,-0.23,-7.5
6819,Mathlib.MeasureTheory.MeasurableSpace.Invariants,1.29,1.40,-0.10,-7.5
6820,Mathlib.Data.PNat.Factors,1.60,1.73,-0.13,-7.5
6821,Mathlib.Topology.MetricSpace.BundledFun,2.19,2.36,-0.18,-7.5
6822,Mathlib.GroupTheory.Subgroup.Center,1.47,1.59,-0.12,-7.5
6823,Mathlib.Tactic.NormNum.NatFactorial,1.69,1.83,-0.14,-7.5
6824,Mathlib.Data.TwoPointing,1.00,1.09,-0.08,-7.5
6825,Mathlib.Algebra.Star.MonoidHom,1.89,2.05,-0.16,-7.6
6826,Mathlib.RingTheory.Perfection,5.61,6.07,-0.46,-7.6
6827,Mathlib.Algebra.Order.GroupWithZero.Finset,1.39,1.50,-0.11,-7.6
6828,Mathlib.Data.Fintype.Card,1.61,1.74,-0.13,-7.6
6829,Mathlib.RingTheory.Valuation.ValuativeRel,1.50,1.62,-0.12,-7.6
6830,Mathlib.Analysis.Normed.Unbundled.SeminormFromConst,2.73,2.95,-0.22,-7.6
6831,Mathlib.Data.Multiset.Fold,1.29,1.40,-0.11,-7.6
6832,Mathlib.CategoryTheory.Limits.Unit,1.31,1.42,-0.11,-7.6
6833,Mathlib.Tactic.Linter.EmptyLine,0.90,0.97,-0.07,-7.6
6834,Mathlib.CategoryTheory.Limits.Types.Pullbacks,1.80,1.95,-0.15,-7.6
6835,Mathlib.Algebra.Group.Subsemigroup.Membership,1.51,1.63,-0.12,-7.6
6836,Mathlib.Analysis.Calculus.AddTorsor.AffineMap,2.10,2.27,-0.17,-7.6
6837,Mathlib.Algebra.Order.Round,2.38,2.57,-0.20,-7.6
6838,Mathlib.Topology.Separation.NotNormal,2.03,2.19,-0.17,-7.6
6839,Mathlib.Topology.Algebra.InfiniteSum.Real,1.82,1.98,-0.15,-7.6
6840,Mathlib.CategoryTheory.Preadditive.Schur,2.50,2.70,-0.21,-7.7
6841,Mathlib.Algebra.Homology.DerivedCategory.Ext.Linear,2.55,2.76,-0.21,-7.7
6842,Mathlib.GroupTheory.Subgroup.Saturated,1.29,1.39,-0.11,-7.7
6843,Mathlib.Algebra.Order.Field.Pointwise,1.18,1.28,-0.10,-7.7
6844,Mathlib.CategoryTheory.Center.Basic,1.41,1.52,-0.12,-7.7
6845,Mathlib.Control.LawfulFix,1.39,1.51,-0.12,-7.7
6846,Mathlib.SetTheory.Ordinal.Basic,3.95,4.28,-0.33,-7.7
6847,Mathlib.Analysis.Meromorphic.FactorizedRational,3.87,4.19,-0.32,-7.7
6848,Mathlib.Tactic.Positivity,1.41,1.53,-0.12,-7.7
6849,Mathlib.Data.Finset.Attach,1.19,1.28,-0.10,-7.7
6850,Mathlib.CategoryTheory.Limits.FunctorCategory.Shapes.Kernels,1.38,1.49,-0.12,-7.7
6851,Mathlib.Topology.Partial,1.29,1.40,-0.11,-7.7
6852,Mathlib.Order.SuccPred.Archimedean,1.78,1.93,-0.15,-7.7
6853,Mathlib.AlgebraicGeometry.ValuativeCriterion,3.98,4.31,-0.33,-7.7
6854,Mathlib.Geometry.Euclidean.Angle.Unoriented.TriangleInequality,3.39,3.67,-0.28,-7.7
6855,Mathlib.Order.Category.LinOrd,1.78,1.93,-0.15,-7.7
6856,Mathlib.AlgebraicGeometry.Morphisms.Finite,2.69,2.92,-0.23,-7.7
6857,Mathlib.Data.Set.Finite.Lemmas,1.42,1.53,-0.12,-7.8
6858,Mathlib.CategoryTheory.Localization.Equivalence,1.40,1.52,-0.12,-7.8
6859,Mathlib.LinearAlgebra.CliffordAlgebra.Inversion,2.44,2.64,-0.21,-7.8
6860,Mathlib.MeasureTheory.Measure.MutuallySingular,2.41,2.61,-0.20,-7.8
6861,Mathlib.Order.CompleteLattice.Lemmas,1.27,1.38,-0.11,-7.8
6862,Mathlib.Algebra.Ring.Prod,2.11,2.29,-0.18,-7.8
6863,Mathlib.AlgebraicTopology.ModelCategory.LeftHomotopy,2.22,2.41,-0.19,-7.8
6864,Mathlib.Data.TypeVec,2.88,3.13,-0.24,-7.8
6865,Mathlib.Analysis.Normed.Group.Completion,1.81,1.96,-0.15,-7.8
6866,Mathlib.Order.Filter.Pi,1.78,1.93,-0.15,-7.8
6867,Mathlib.Algebra.Order.Module.Equiv,1.32,1.43,-0.11,-7.8
6868,Mathlib.ModelTheory.Basic,2.73,2.97,-0.23,-7.8
6869,Mathlib.CategoryTheory.Adjunction.CompositionIso,1.84,1.99,-0.16,-7.8
6870,Mathlib.RingTheory.Valuation.DiscreteValuativeRel,2.19,2.38,-0.19,-7.8
6871,Mathlib.Tactic.GeneralizeProofs,2.83,3.07,-0.24,-7.8
6872,Mathlib.Combinatorics.Additive.Convolution,2.29,2.49,-0.20,-7.8
6873,Mathlib.Data.Nat.Choose.Mul,1.29,1.40,-0.11,-7.8
6874,Mathlib.RingTheory.Etale.Basic,2.52,2.73,-0.21,-7.8
6875,Mathlib.Algebra.Order.Field.Power,1.88,2.04,-0.16,-7.8
6876,Mathlib.RingTheory.Nilpotent.Basic,1.65,1.79,-0.14,-7.9
6877,Mathlib.Data.Finset.Range,1.50,1.63,-0.13,-7.9
6878,Mathlib.MeasureTheory.MeasurableSpace.Instances,1.29,1.40,-0.11,-7.9
6879,Mathlib.AlgebraicGeometry.AffineTransitionLimit,22.47,24.39,-1.92,-7.9
6880,Mathlib.Data.Finset.Fin,1.19,1.29,-0.10,-7.9
6881,Mathlib.Data.Nat.Cast.SetInterval,1.18,1.28,-0.10,-7.9
6882,Mathlib.Algebra.GroupWithZero.Action.TransferInstance,1.27,1.38,-0.11,-7.9
6883,Mathlib.Algebra.Group.Subgroup.Finsupp,1.61,1.75,-0.14,-7.9
6884,Mathlib.Geometry.Manifold.IsManifold.Basic,4.74,5.15,-0.41,-7.9
6885,Mathlib.CategoryTheory.Monoidal.Multifunctor,8.37,9.09,-0.72,-7.9
6886,Mathlib.AlgebraicGeometry.EllipticCurve.Projective.Point,3.61,3.92,-0.31,-7.9
6887,Mathlib.RingTheory.ClassGroup,6.45,7.01,-0.56,-7.9
6888,Mathlib.MeasureTheory.Function.LpSpace.ContinuousCompMeasurePreserving,2.54,2.76,-0.22,-7.9
6889,Mathlib.Algebra.Ring.Action.Invariant,1.28,1.39,-0.11,-7.9
6890,Mathlib.Algebra.Vertex.HVertexOperator,2.82,3.06,-0.24,-7.9
6891,Mathlib.CategoryTheory.FiberedCategory.Fibered,1.38,1.50,-0.12,-7.9
6892,Mathlib.Algebra.Category.ModuleCat.ExteriorPower,2.61,2.84,-0.23,-8.0
6893,Mathlib.Combinatorics.Derangements.Finite,1.49,1.62,-0.13,-8.0
6894,Mathlib.Control.Traversable.Instances,1.51,1.64,-0.13,-8.0
6895,Mathlib.Analysis.Complex.RealDeriv,2.83,3.08,-0.25,-8.0
6896,Mathlib.Data.Int.ModEq,1.57,1.70,-0.14,-8.0
6897,Mathlib.MeasureTheory.Function.L1Space.HasFiniteIntegral,3.07,3.34,-0.27,-8.0
6898,Mathlib.RingTheory.Polynomial.ScaleRoots,2.63,2.86,-0.23,-8.0
6899,Mathlib.CategoryTheory.Monoidal.NaturalTransformation,2.45,2.66,-0.21,-8.0
6900,Mathlib.Data.Nat.WithBot,1.09,1.19,-0.09,-8.0
6901,Mathlib.RingTheory.KrullDimension.Module,2.32,2.52,-0.20,-8.0
6902,Mathlib.NumberTheory.EulerProduct.ExpLog,2.28,2.48,-0.20,-8.0
6903,Mathlib.NumberTheory.Transcendental.Liouville.Residual,2.27,2.47,-0.20,-8.0
6904,Mathlib.Geometry.RingedSpace.LocallyRingedSpace.ResidueField,2.43,2.64,-0.21,-8.0
6905,Mathlib.Data.PNat.Xgcd,1.75,1.91,-0.15,-8.0
6906,Mathlib.GroupTheory.GroupAction.Support,1.19,1.29,-0.10,-8.0
6907,Mathlib.Data.List.Lemmas,1.21,1.32,-0.11,-8.0
6908,Mathlib.Algebra.Group.Submonoid.Finite,1.49,1.61,-0.13,-8.0
6909,Mathlib.CategoryTheory.ObjectProperty.Ind,1.57,1.71,-0.14,-8.1
6910,Mathlib.Order.Interval.Set.OrderIso,1.19,1.29,-0.10,-8.1
6911,Mathlib.Order.Lattice.Congruence,1.49,1.62,-0.13,-8.1
6912,Mathlib.CategoryTheory.Quotient,1.88,2.04,-0.17,-8.1
6913,Mathlib.Algebra.Order.BigOperators.Ring.Finset,3.46,3.76,-0.30,-8.1
6914,Mathlib.CategoryTheory.Sites.Precoverage,2.22,2.41,-0.20,-8.1
6915,Mathlib.Data.Finset.CastCard,1.18,1.29,-0.10,-8.1
6916,Mathlib.Analysis.Calculus.LocalExtr.Basic,3.71,4.03,-0.33,-8.1
6917,Mathlib.MeasureTheory.Function.UnifTight,2.84,3.09,-0.25,-8.1
6918,Mathlib.Algebra.BigOperators.Group.Multiset.Defs,1.37,1.49,-0.12,-8.1
6919,Mathlib.Algebra.Order.Interval.Finset.Basic,1.54,1.68,-0.14,-8.1
6920,Mathlib.Algebra.Order.Group.Pointwise.Interval,4.37,4.75,-0.38,-8.1
6921,Mathlib.Topology.Separation.SeparatedNhds,1.56,1.70,-0.14,-8.1
6922,Mathlib.Algebra.BigOperators.Associated,1.60,1.74,-0.14,-8.1
6923,Mathlib.Data.Finset.Slice,1.50,1.64,-0.13,-8.1
6924,Mathlib.Algebra.FreeMonoid.UniqueProds,1.30,1.42,-0.11,-8.1
6925,Mathlib.Combinatorics.Additive.Corner.Defs,1.48,1.61,-0.13,-8.1
6926,Mathlib.Algebra.Order.Group.Multiset,1.37,1.49,-0.12,-8.1
6927,Mathlib.Analysis.Normed.Group.BallSphere,2.03,2.21,-0.18,-8.1
6928,Mathlib.Analysis.Calculus.BumpFunction.InnerProduct,2.42,2.63,-0.21,-8.1
6929,Mathlib.Algebra.BigOperators.Group.Finset.Interval,1.68,1.83,-0.15,-8.2
6930,Mathlib.Topology.ContinuousMap.SecondCountableSpace,1.49,1.62,-0.13,-8.2
6931,Mathlib.CategoryTheory.Endomorphism,1.57,1.71,-0.14,-8.2
6932,Mathlib.Data.Finset.Insert,2.22,2.42,-0.20,-8.2
6933,Mathlib.CategoryTheory.Localization.Bousfield,1.48,1.61,-0.13,-8.2
6934,Mathlib.RingTheory.Extension.Cotangent.LocalizationAway,5.00,5.45,-0.45,-8.2
6935,Mathlib.CategoryTheory.Limits.Types.Limits,1.68,1.83,-0.15,-8.2
6936,Mathlib.Data.Set.Pairwise.Basic,2.96,3.22,-0.26,-8.2
6937,Mathlib.ModelTheory.Algebra.Ring.Definability,2.23,2.44,-0.20,-8.2
6938,Mathlib.Algebra.CharZero.Infinite,1.20,1.30,-0.11,-8.2
6939,Mathlib.Data.SetLike.Basic,1.27,1.39,-0.11,-8.2
6940,Mathlib.Data.Nat.Fib.Zeckendorf,1.59,1.74,-0.14,-8.2
6941,Mathlib.GroupTheory.Coxeter.Matrix,8.16,8.90,-0.73,-8.2
6942,Mathlib.Topology.Baire.Lemmas,1.39,1.52,-0.12,-8.2
6943,Mathlib.MeasureTheory.Measure.Hausdorff,6.07,6.61,-0.55,-8.2
6944,Mathlib.Combinatorics.SimpleGraph.CompleteMultipartite,2.55,2.78,-0.23,-8.2
6945,Mathlib.Algebra.Group.Subgroup.Actions,1.50,1.64,-0.14,-8.3
6946,Mathlib.Analysis.Normed.Ring.Lemmas,2.82,3.08,-0.25,-8.3
6947,Mathlib.Algebra.Order.Star.Pi,1.41,1.54,-0.13,-8.3
6948,Mathlib.Order.SuccPred.WithBot,1.38,1.50,-0.12,-8.3
6949,Mathlib.Data.Fintype.Basic,1.60,1.74,-0.14,-8.3
6950,Mathlib.Geometry.RingedSpace.LocallyRingedSpace,3.23,3.52,-0.29,-8.3
6951,Mathlib.RingTheory.Polynomial.GaussLemma,2.43,2.65,-0.22,-8.3
6952,Mathlib.Data.Finset.Dedup,1.27,1.39,-0.11,-8.3
6953,Mathlib.Analysis.BoxIntegral.Partition.Measure,2.44,2.66,-0.22,-8.3
6954,Mathlib.LinearAlgebra.RootSystem.WeylGroup,2.39,2.60,-0.22,-8.3
6955,Mathlib.Data.PNat.Prime,1.37,1.49,-0.12,-8.3
6956,Mathlib.Data.Finset.SymmDiff,1.18,1.29,-0.11,-8.3
6957,Mathlib.Algebra.Ring.Action.Pointwise.Finset,1.28,1.40,-0.12,-8.3
6958,Mathlib.Algebra.Module.Lattice,2.91,3.18,-0.26,-8.3
6959,Mathlib.Data.Fintype.CardEmbedding,1.37,1.49,-0.12,-8.3
6960,Mathlib.Data.Set.Subset,1.49,1.62,-0.14,-8.3
6961,Mathlib.Data.Multiset.Bind,1.68,1.84,-0.15,-8.3
6962,Mathlib.Topology.Ultrafilter,1.39,1.51,-0.13,-8.3
6963,Mathlib.Data.Finset.Fold,1.37,1.50,-0.12,-8.3
6964,Mathlib.NumberTheory.Zsqrtd.QuadraticReciprocity,2.31,2.52,-0.21,-8.3
6965,Mathlib.Algebra.Ring.Regular,1.10,1.20,-0.10,-8.3
6966,Mathlib.CategoryTheory.Sites.LocallyFullyFaithful,1.70,1.86,-0.16,-8.4
6967,Mathlib.AlgebraicGeometry.EllipticCurve.Jacobian.Point,4.09,4.46,-0.37,-8.4
6968,Mathlib.CategoryTheory.ObjectProperty.FullSubcategory,1.28,1.40,-0.12,-8.4
6969,Mathlib.Dynamics.Minimal,1.69,1.84,-0.15,-8.4
6970,Mathlib.Analysis.Distribution.ContDiffMapSupportedIn,17.43,19.03,-1.60,-8.4
6971,Mathlib.Algebra.Group.Equiv.Finite,1.20,1.31,-0.11,-8.4
6972,Mathlib.Analysis.NormedSpace.Multilinear.Curry,1.80,1.96,-0.17,-8.4
6973,Mathlib.FieldTheory.SplittingField.IsSplittingField,2.39,2.60,-0.22,-8.4
6974,Mathlib.AlgebraicGeometry.Over,2.03,2.21,-0.19,-8.4
6975,Mathlib.GroupTheory.Perm.Basic,1.19,1.29,-0.11,-8.4
6976,Mathlib.Algebra.ContinuedFractions.Translations,1.40,1.53,-0.13,-8.4
6977,Mathlib.Data.Seq.WSeq,1.21,1.32,-0.11,-8.4
6978,Mathlib.AlgebraicTopology.SimplicialSet.Simplices,1.60,1.74,-0.15,-8.4
6979,Mathlib.Algebra.Homology.Factorizations.Basic,1.36,1.48,-0.12,-8.4
6980,Mathlib.Data.Nat.Pairing,1.28,1.40,-0.12,-8.4
6981,Mathlib.Data.DFinsupp.Multiset,1.70,1.86,-0.16,-8.5
6982,Mathlib.MeasureTheory.Function.L1Space.Integrable,7.35,8.03,-0.68,-8.5
6983,Mathlib.Analysis.Calculus.BumpFunction.Basic,2.62,2.86,-0.24,-8.5
6984,Mathlib.Data.Finset.Erase,1.28,1.39,-0.12,-8.5
6985,Mathlib.Geometry.Manifold.ContMDiff.Defs,4.66,5.09,-0.43,-8.5
6986,Mathlib.Analysis.InnerProductSpace.Continuous,2.12,2.32,-0.20,-8.5
6987,Mathlib.Combinatorics.Additive.FreimanHom,5.12,5.59,-0.48,-8.5
6988,Mathlib.Data.Nat.Set,1.08,1.18,-0.10,-8.5
6989,Mathlib.LinearAlgebra.Matrix.Integer,1.68,1.84,-0.16,-8.5
6990,Mathlib.RingTheory.Unramified.Locus,2.45,2.68,-0.23,-8.5
6991,Mathlib.Data.WSeq.Defs,1.70,1.86,-0.16,-8.5
6992,Mathlib.Algebra.Order.Interval.Multiset,1.32,1.44,-0.12,-8.5
6993,Mathlib.Order.Interval.Set.OrderEmbedding,1.18,1.29,-0.11,-8.5
6994,Mathlib.AlgebraicGeometry.EllipticCurve.Jacobian.Basic,4.56,4.98,-0.43,-8.6
6995,Mathlib.CategoryTheory.Functor.ReflectsIso.Balanced,1.17,1.28,-0.11,-8.6
6996,Mathlib.MeasureTheory.Function.StronglyMeasurable.Lemmas,2.53,2.76,-0.24,-8.6
6997,Mathlib.Tactic.Field,1.27,1.39,-0.12,-8.6
6998,Mathlib.CategoryTheory.Limits.Shapes.Preorder.Basic,1.17,1.28,-0.11,-8.6
6999,Mathlib.NumberTheory.LegendreSymbol.GaussEisensteinLemmas,2.78,3.04,-0.26,-8.6
7000,Mathlib.CategoryTheory.Widesubcategory,1.39,1.52,-0.13,-8.6
7001,Mathlib.Data.Num.ZNum,3.44,3.77,-0.33,-8.6
7002,Mathlib.Data.Set.List,1.08,1.18,-0.10,-8.6
7003,Mathlib.Computability.Encoding,1.48,1.62,-0.14,-8.6
7004,Mathlib.Order.Hom.Set,1.58,1.73,-0.15,-8.6
7005,Mathlib.Analysis.SpecialFunctions.Sqrt,2.63,2.88,-0.25,-8.6
7006,Mathlib.CategoryTheory.InducedCategory,1.17,1.28,-0.11,-8.7
7007,Mathlib.Algebra.Order.CauSeq.Completion,2.69,2.94,-0.25,-8.7
7008,Mathlib.AlgebraicTopology.SimplicialSet.HomotopyCat,6.02,6.59,-0.57,-8.7
7009,Mathlib.Order.CompleteLattice.Basic,2.82,3.09,-0.27,-8.7
7010,Mathlib.GroupTheory.CoprodI,5.10,5.58,-0.49,-8.7
7011,Mathlib.Analysis.Normed.Operator.NormedSpace,4.69,5.14,-0.45,-8.7
7012,Mathlib.Analysis.Calculus.FDeriv.Congr,3.45,3.78,-0.33,-8.7
7013,Mathlib.Data.Sym.Sym2.Finsupp,1.26,1.39,-0.12,-8.7
7014,Mathlib.Combinatorics.Enumerative.InclusionExclusion,2.81,3.08,-0.27,-8.8
7015,Mathlib.Geometry.Euclidean.Angle.Oriented.RightAngle,4.94,5.41,-0.47,-8.8
7016,Mathlib.Analysis.Calculus.ContDiff.WithLp,2.81,3.09,-0.27,-8.8
7017,Mathlib.AlgebraicTopology.ModelCategory.CategoryWithCofibrations,1.49,1.63,-0.14,-8.8
7018,Mathlib.Tactic.Group,1.46,1.60,-0.14,-8.8
7019,Mathlib.Algebra.Ring.SumsOfSquares,2.04,2.24,-0.20,-8.8
7020,Mathlib.Algebra.Star.CentroidHom,1.69,1.85,-0.16,-8.8
7021,Mathlib.Algebra.Order.Group.PiLex,1.17,1.28,-0.11,-8.8
7022,Mathlib.Analysis.Normed.Module.Alternating.Uncurry.Fin,6.61,7.24,-0.64,-8.8
7023,Mathlib.CategoryTheory.Products.Bifunctor,1.17,1.28,-0.11,-8.8
7024,Mathlib.Order.SaddlePoint,1.29,1.42,-0.12,-8.8
7025,Mathlib.Data.Set.UnionLift,1.28,1.41,-0.12,-8.8
7026,Mathlib.MeasureTheory.Constructions.AddChar,1.29,1.42,-0.12,-8.8
7027,Mathlib.Topology.Category.Born,1.27,1.39,-0.12,-8.8
7028,Mathlib.Topology.Order.PartialSups,1.39,1.52,-0.14,-8.9
7029,Mathlib.Geometry.Manifold.IsManifold.ExtChartAt,4.58,5.02,-0.45,-8.9
7030,Mathlib.Data.Finset.SDiff,1.57,1.72,-0.15,-8.9
7031,Mathlib.Order.Filter.Ultrafilter.Basic,1.46,1.60,-0.14,-8.9
7032,Mathlib.RingTheory.Spectrum.Maximal.Topology,1.91,2.09,-0.19,-8.9
7033,Mathlib.Algebra.Module.LinearMap.Star,1.27,1.40,-0.12,-8.9
7034,Mathlib.RingTheory.Smooth.Local,2.40,2.63,-0.23,-8.9
7035,Mathlib.CategoryTheory.Category.Preorder,1.59,1.74,-0.16,-8.9
7036,Mathlib.Algebra.Order.BigOperators.Ring.Multiset,1.27,1.39,-0.12,-8.9
7037,Mathlib.Tactic.NormNum.ModEq,1.39,1.52,-0.14,-8.9
7038,Mathlib.Algebra.NoZeroSMulDivisors.Pi,1.08,1.18,-0.11,-9.0
7039,Mathlib.CategoryTheory.Category.Cat.Terminal,1.29,1.42,-0.13,-9.0
7040,Mathlib.Analysis.Calculus.Deriv.Abs,3.43,3.77,-0.34,-9.0
7041,Mathlib.FieldTheory.IsAlgClosed.Spectrum,2.43,2.67,-0.24,-9.0
7042,Mathlib.Geometry.Manifold.Metrizable,2.26,2.48,-0.22,-9.0
7043,Mathlib.Data.Int.Order.Lemmas,1.18,1.30,-0.12,-9.0
7044,Mathlib.Algebra.Star.Basic,1.99,2.19,-0.20,-9.0
7045,Mathlib.GroupTheory.Congruence.Hom,2.01,2.21,-0.20,-9.0
7046,Mathlib.Algebra.Module.Pi,1.18,1.30,-0.12,-9.0
7047,Mathlib.Algebra.Order.Positive.Field,1.18,1.29,-0.12,-9.0
7048,Mathlib.Data.Finset.NatDivisors,1.38,1.52,-0.14,-9.0
7049,Mathlib.MeasureTheory.Function.LpOrder,2.62,2.88,-0.26,-9.0
7050,Mathlib.FieldTheory.IsPerfectClosure,4.05,4.46,-0.40,-9.1
7051,Mathlib.MeasureTheory.Function.SimpleFuncDenseLp,8.18,8.99,-0.81,-9.1
7052,Mathlib.CategoryTheory.Bicategory.Strict,1.08,1.19,-0.11,-9.1
7053,Mathlib.Analysis.Normed.Unbundled.RingSeminorm,2.88,3.17,-0.29,-9.1
7054,Mathlib.Analysis.CStarAlgebra.Unitization,5.53,6.08,-0.55,-9.1
7055,Mathlib.RingTheory.DedekindDomain.Dvr,2.62,2.88,-0.26,-9.1
7056,Mathlib.GroupTheory.Perm.ViaEmbedding,1.17,1.28,-0.12,-9.1
7057,Mathlib.Algebra.BigOperators.Balance,1.58,1.74,-0.16,-9.1
7058,Mathlib.Analysis.Convex.Measure,2.59,2.85,-0.26,-9.1
7059,Mathlib.Analysis.Complex.Norm,2.52,2.77,-0.25,-9.1
7060,Mathlib.Algebra.Category.GrpWithZero,1.49,1.64,-0.15,-9.1
7061,Mathlib.Order.Rel.GaloisConnection,1.07,1.18,-0.11,-9.1
7062,Mathlib.Algebra.ModEq,2.33,2.57,-0.23,-9.1
7063,Mathlib.CategoryTheory.Localization.Prod,1.48,1.63,-0.15,-9.2
7064,Mathlib.Data.Nat.ModEq,1.83,2.01,-0.18,-9.2
7065,Mathlib.RingTheory.UniqueFactorizationDomain.Multiplicity,1.47,1.62,-0.15,-9.2
7066,Mathlib.Data.Complex.Basic,3.35,3.69,-0.34,-9.2
7067,Mathlib.CategoryTheory.Bicategory.Functor.Strict,1.19,1.31,-0.12,-9.2
7068,Mathlib.Algebra.Order.Group.PartialSups,1.27,1.39,-0.13,-9.2
7069,Mathlib.Algebra.Group.Submonoid.DistribMulAction,1.09,1.20,-0.11,-9.2
7070,Mathlib.AlgebraicTopology.SimplicialSet.KanComplex,1.47,1.62,-0.15,-9.2
7071,Mathlib.RingTheory.Jacobson.Artinian,2.11,2.32,-0.21,-9.2
7072,Mathlib.MeasureTheory.Function.AEEqFun.DomAct,2.81,3.10,-0.29,-9.2
7073,Mathlib.MeasureTheory.Constructions.BorelSpace.WithTop,1.93,2.12,-0.20,-9.2
7074,Mathlib.Algebra.BigOperators.RingEquiv,1.31,1.44,-0.13,-9.2
7075,Mathlib.Algebra.Order.BigOperators.Ring.List,1.19,1.31,-0.12,-9.3
7076,Mathlib.Data.Rat.NatSqrt.Defs,1.41,1.56,-0.14,-9.3
7077,Mathlib.Analysis.Complex.OperatorNorm,2.21,2.44,-0.23,-9.3
7078,Mathlib.Order.Interval.Set.Monotone,1.49,1.64,-0.15,-9.3
7079,Mathlib.Analysis.Calculus.Deriv.Polynomial,2.79,3.07,-0.29,-9.3
7080,Mathlib.Algebra.Group.Irreducible.Defs,1.11,1.23,-0.11,-9.3
7081,Mathlib.Algebra.Order.Ring.Finset,1.40,1.54,-0.14,-9.3
7082,Mathlib.Algebra.Module.LinearMap.Prod,1.18,1.30,-0.12,-9.3
7083,Mathlib.Analysis.SpecialFunctions.Log.RpowTendsto,3.75,4.14,-0.39,-9.3
7084,Mathlib.CategoryTheory.Join.Sum,1.18,1.30,-0.12,-9.3
7085,Mathlib.Tactic.CategoryTheory.Monoidal.PureCoherence,2.22,2.45,-0.23,-9.3
7086,Mathlib.LinearAlgebra.Matrix.FixedDetMatrices,3.32,3.66,-0.34,-9.3
7087,Mathlib.RingTheory.Flat.FaithfullyFlat.Descent,2.48,2.73,-0.26,-9.4
7088,Mathlib.RingTheory.DedekindDomain.Ideal.Basic,6.93,7.65,-0.72,-9.4
7089,Mathlib.Analysis.Calculus.InverseFunctionTheorem.ContDiff,2.43,2.68,-0.25,-9.4
7090,Mathlib.Data.Nat.Factors,1.61,1.78,-0.17,-9.4
7091,Mathlib.CategoryTheory.ObjectProperty.InheritedFromHom,1.27,1.41,-0.13,-9.4
7092,Mathlib.Data.Finset.Lattice.Fold,3.84,4.24,-0.40,-9.4
7093,Mathlib.Analysis.Calculus.FDeriv.Linear,2.49,2.75,-0.26,-9.4
7094,Mathlib.Tactic.NormNum.NatFib,1.59,1.76,-0.17,-9.4
7095,Mathlib.Geometry.Manifold.Instances.Real,4.59,5.07,-0.48,-9.4
7096,Mathlib.GroupTheory.GroupAction.Embedding,1.18,1.30,-0.12,-9.4
7097,Mathlib.GroupTheory.MonoidLocalization.Order,1.95,2.16,-0.20,-9.4
7098,Mathlib.CategoryTheory.Monoidal.Category,5.50,6.07,-0.57,-9.4
7099,Mathlib.CategoryTheory.Limits.Bicones,2.02,2.23,-0.21,-9.4
7100,Mathlib.Algebra.BigOperators.Group.Finset.Defs,3.44,3.80,-0.36,-9.4
7101,Mathlib.Tactic.Positivity.Basic,4.83,5.33,-0.50,-9.4
7102,Mathlib.Logic.Denumerable,1.68,1.86,-0.18,-9.4
7103,Mathlib.Algebra.Ring.Pointwise.Finset,1.29,1.42,-0.13,-9.4
7104,Mathlib.RingTheory.Spectrum.Prime.Noetherian,1.94,2.14,-0.20,-9.4
7105,Mathlib.Data.Fintype.Inv,1.29,1.42,-0.13,-9.4
7106,Mathlib.Algebra.GroupWithZero.Indicator,1.26,1.39,-0.13,-9.4
7107,Mathlib.Data.FP.Basic,1.27,1.41,-0.13,-9.4
7108,Mathlib.Algebra.Order.Monoid.ToMulBot,1.18,1.30,-0.12,-9.5
7109,Mathlib.Order.Filter.Map,2.21,2.44,-0.23,-9.5
7110,Mathlib.Probability.Kernel.Composition.MeasureComp,2.23,2.46,-0.23,-9.5
7111,Mathlib.CategoryTheory.Presentable.OrthogonalReflection,3.36,3.71,-0.35,-9.5
7112,Mathlib.Topology.Instances.Sign,1.49,1.65,-0.16,-9.5
7113,Mathlib.Algebra.Order.Module.Algebra,1.94,2.14,-0.20,-9.5
7114,Mathlib.CategoryTheory.Monoidal.Opposite,3.71,4.10,-0.39,-9.5
7115,Mathlib.FieldTheory.Minpoly.ConjRootClass,2.31,2.55,-0.24,-9.5
7116,Mathlib.Analysis.Calculus.Darboux,2.20,2.43,-0.23,-9.5
7117,Mathlib.Analysis.Normed.Unbundled.AlgebraNorm,2.82,3.12,-0.30,-9.5
7118,Mathlib.GroupTheory.Abelianization.Defs,1.57,1.74,-0.17,-9.5
7119,Mathlib.FieldTheory.Finite.Polynomial,2.30,2.54,-0.24,-9.5
7120,Mathlib.Analysis.Normed.Module.PiTensorProduct.InjectiveSeminorm,10.74,11.87,-1.13,-9.5
7121,Mathlib.Analysis.Calculus.IteratedDeriv.FaaDiBruno,3.14,3.47,-0.33,-9.5
7122,Mathlib.Algebra.Order.Module.Basic,1.47,1.62,-0.16,-9.6
7123,Mathlib.Order.Filter.AtTopBot.Disjoint,1.19,1.32,-0.13,-9.6
7124,Mathlib.Data.Multiset.OrderedMonoid,1.19,1.31,-0.13,-9.6
7125,Mathlib.Combinatorics.Additive.DoublingConst,3.31,3.66,-0.35,-9.6
7126,Mathlib.Data.Seq.Seq,1.18,1.30,-0.12,-9.6
7127,Mathlib.Data.Nat.Choose.Central,1.49,1.65,-0.16,-9.6
7128,Mathlib.Analysis.Calculus.Deriv.AffineMap,2.44,2.70,-0.26,-9.6
7129,Mathlib.Order.UpperLower.Fibration,1.17,1.30,-0.12,-9.6
7130,Mathlib.Geometry.Euclidean.Circumcenter,6.86,7.58,-0.73,-9.6
7131,Mathlib.Algebra.Order.Field.Canonical,1.29,1.42,-0.14,-9.6
7132,Mathlib.Algebra.BigOperators.Group.Multiset.Basic,1.92,2.13,-0.21,-9.6
7133,Mathlib.CategoryTheory.Countable,1.40,1.55,-0.15,-9.6
7134,Mathlib.Algebra.Star.StarProjection,1.36,1.50,-0.15,-9.6
7135,Mathlib.Algebra.Group.EvenFunction,1.37,1.51,-0.15,-9.6
7136,Mathlib.Data.Complex.Trigonometric,1.57,1.74,-0.17,-9.6
7137,Mathlib.Data.W.Constructions,1.38,1.52,-0.15,-9.6
7138,Mathlib.Algebra.Group.Pointwise.Finset.Density,1.39,1.54,-0.15,-9.7
7139,Mathlib.NumberTheory.Transcendental.Liouville.LiouvilleNumber,2.50,2.77,-0.27,-9.7
7140,Mathlib.Algebra.Group.Action.Pi,1.27,1.41,-0.14,-9.7
7141,Mathlib.Data.Set.Functor,1.38,1.53,-0.15,-9.7
7142,Mathlib.Order.Zorn,1.16,1.28,-0.12,-9.7
7143,Mathlib.Condensed.Equivalence,2.00,2.22,-0.22,-9.7
7144,Mathlib.Algebra.Order.Nonneg.Lattice,1.28,1.42,-0.14,-9.8
7145,Mathlib.NumberTheory.Transcendental.Liouville.Measure,2.62,2.90,-0.28,-9.8
7146,Mathlib.Analysis.Normed.Operator.Conformal,2.20,2.44,-0.24,-9.8
7147,Mathlib.Order.InitialSeg,2.08,2.31,-0.23,-9.8
7148,Mathlib.Data.Multiset.Fintype,2.29,2.54,-0.25,-9.8
7149,Mathlib.Algebra.Module.LinearMap.Rat,1.18,1.30,-0.13,-9.8
7150,Mathlib.Algebra.Module.LinearMap.Defs,5.47,6.07,-0.60,-9.8
7151,Mathlib.Combinatorics.SetFamily.Compression.Down,1.49,1.65,-0.16,-9.8
7152,Mathlib.Algebra.MvPolynomial.Rename,2.30,2.55,-0.25,-9.8
7153,Mathlib.Algebra.ContinuedFractions.Computation.Translations,1.57,1.75,-0.17,-9.9
7154,Mathlib.Data.Multiset.DershowitzManna,1.90,2.11,-0.21,-9.9
7155,Mathlib.Analysis.LocallyConvex.Basic,3.42,3.79,-0.38,-9.9
7156,Mathlib.Data.Multiset.Sections,1.28,1.42,-0.14,-9.9
7157,Mathlib.Data.Matrix.Action,2.01,2.24,-0.22,-9.9
7158,Mathlib.Algebra.Category.CommAlgCat.FiniteType,2.70,3.00,-0.30,-9.9
7159,Mathlib.Combinatorics.SimpleGraph.Regularity.Uniform,3.60,4.00,-0.40,-9.9
7160,Mathlib.Algebra.Order.Floor.Semifield,2.09,2.32,-0.23,-10.0
7161,Mathlib.AlgebraicGeometry.Gluing,7.63,8.47,-0.84,-10.0
7162,Mathlib.Analysis.Calculus.ContDiff.Operations,15.42,17.13,-1.71,-10.0
7163,Mathlib.Algebra.Ring.Fin,1.19,1.32,-0.13,-10.0
7164,Mathlib.RingTheory.NonUnitalSubring.Basic,3.01,3.35,-0.34,-10.0
7165,Mathlib.AlgebraicGeometry.AffineSpace,10.65,11.83,-1.18,-10.0
7166,Mathlib.AlgebraicTopology.DoldKan.Equivalence,1.81,2.01,-0.20,-10.0
7167,Mathlib.RingTheory.Smooth.Basic,6.42,7.14,-0.72,-10.0
7168,Mathlib.Algebra.Category.Grp.ForgetCorepresentable,1.48,1.64,-0.17,-10.1
7169,Mathlib.Tactic.DeriveCountable,2.01,2.24,-0.23,-10.1
7170,Mathlib.Data.Set.Constructions,1.26,1.40,-0.14,-10.1
7171,Mathlib.Algebra.Ring.Subring.Basic,4.35,4.84,-0.49,-10.1
7172,Mathlib.LinearAlgebra.Matrix.SemiringInverse,2.37,2.63,-0.26,-10.1
7173,Mathlib.Topology.Category.LightProfinite.EffectiveEpi,1.89,2.10,-0.21,-10.1
7174,Mathlib.CategoryTheory.Limits.Shapes.Pullback.Equalizer,1.38,1.54,-0.16,-10.1
7175,Mathlib.SetTheory.ZFC.Basic,2.58,2.86,-0.29,-10.1
7176,Mathlib.RingTheory.RingHom.FaithfullyFlat,2.23,2.48,-0.25,-10.1
7177,Mathlib.CategoryTheory.Bicategory.InducedBicategory,3.24,3.60,-0.36,-10.1
7178,Mathlib.Logic.Small.Basic,1.07,1.19,-0.12,-10.1
7179,Mathlib.Algebra.Notation.Indicator,1.70,1.89,-0.19,-10.1
7180,Mathlib.Data.Countable.Basic,1.29,1.44,-0.15,-10.1
7181,Mathlib.Algebra.Order.SuccPred.TypeTags,1.27,1.41,-0.14,-10.1
7182,Mathlib.Algebra.Star.StarRingHom,1.99,2.22,-0.23,-10.1
7183,Mathlib.Analysis.SpecialFunctions.ExpDeriv,3.58,3.99,-0.40,-10.2
7184,Mathlib.LinearAlgebra.Matrix.Charpoly.Eigs,2.10,2.33,-0.24,-10.2
7185,Mathlib.Algebra.Order.Ring.Int,1.49,1.65,-0.17,-10.2
7186,Mathlib.MeasureTheory.Measure.Haar.OfBasis,5.89,6.55,-0.67,-10.2
7187,Mathlib.Data.Nat.Digits.Defs,1.94,2.16,-0.22,-10.2
7188,Mathlib.Geometry.Manifold.Notation,3.91,4.36,-0.45,-10.2
7189,Mathlib.Data.Matrix.PEquiv,2.22,2.48,-0.25,-10.2
7190,Mathlib.Algebra.Order.Monoid.TypeTags,1.08,1.20,-0.12,-10.2
7191,Mathlib.Tactic.ExtractLets,0.89,0.99,-0.10,-10.2
7192,Mathlib.Algebra.Star.Pi,1.28,1.43,-0.15,-10.3
7193,Mathlib.Algebra.GroupWithZero.Action.Center,1.29,1.44,-0.15,-10.3
7194,Mathlib.Order.Shrink,1.29,1.44,-0.15,-10.3
7195,Mathlib.Condensed.Limits,1.99,2.22,-0.23,-10.3
7196,Mathlib.CategoryTheory.Bicategory.NaturalTransformation.Strong,1.18,1.31,-0.14,-10.4
7197,Mathlib.Condensed.Light.Functors,2.08,2.32,-0.24,-10.4
7198,Mathlib.Computability.NFA,2.02,2.25,-0.23,-10.4
7199,Mathlib.GroupTheory.Subgroup.Centralizer,1.92,2.15,-0.22,-10.4
7200,Mathlib.CategoryTheory.Monoidal.CoherenceLemmas,1.26,1.41,-0.15,-10.4
7201,Mathlib.Algebra.Ring.Pi,1.70,1.89,-0.20,-10.4
7202,Mathlib.Condensed.AB,3.16,3.53,-0.37,-10.4
7203,Mathlib.Data.Finset.Disjoint,1.37,1.52,-0.16,-10.4
7204,Mathlib.Algebra.Category.Grp.FiniteGrp,1.38,1.54,-0.16,-10.4
7205,Mathlib.Data.DFinsupp.Small,1.29,1.44,-0.15,-10.4
7206,Mathlib.Condensed.Light.AB,2.27,2.54,-0.27,-10.5
7207,Mathlib.Topology.ContinuousMap.ContinuousSqrt,2.21,2.47,-0.26,-10.5
7208,Mathlib.Tactic.Ring,1.17,1.30,-0.14,-10.5
7209,Mathlib.Data.Multiset.Antidiagonal,1.28,1.43,-0.15,-10.5
7210,Mathlib.LinearAlgebra.ExteriorPower.Basic,7.12,7.96,-0.84,-10.5
7211,Mathlib.Data.Finset.Interval,1.56,1.75,-0.18,-10.5
7212,Mathlib.Topology.ContinuousMap.Defs,1.19,1.33,-0.14,-10.6
7213,Mathlib.Analysis.Meromorphic.Order,7.20,8.05,-0.85,-10.6
7214,Mathlib.Algebra.Group.Action.Pointwise.Finset,2.19,2.45,-0.26,-10.6
7215,Mathlib.Data.Fin.Rev,1.18,1.32,-0.14,-10.6
7216,Mathlib.Order.SemiconjSup,1.17,1.31,-0.14,-10.7
7217,Mathlib.Data.Multiset.Range,1.16,1.30,-0.14,-10.7
7218,Mathlib.Analysis.InnerProductSpace.Calculus,6.24,6.99,-0.75,-10.7
7219,Mathlib.Analysis.Normed.Unbundled.SeminormFromBounded,2.38,2.67,-0.29,-10.7
7220,Mathlib.Algebra.Group.Action.Pointwise.Set.Basic,2.31,2.58,-0.28,-10.8
7221,Mathlib.Data.DFinsupp.Order,2.73,3.06,-0.33,-10.8
7222,Mathlib.Order.ConditionallyCompleteLattice.Group,1.27,1.42,-0.15,-10.8
7223,Mathlib.Order.Extension.Linear,1.19,1.33,-0.15,-10.9
7224,Mathlib.Algebra.Group.Submonoid.MulAction,1.27,1.42,-0.16,-10.9
7225,Mathlib.Data.Set.Pairwise.Chain,1.06,1.19,-0.13,-11.0
7226,Mathlib.Algebra.Ring.Action.Group,1.15,1.30,-0.14,-11.0
7227,Mathlib.RingTheory.Unramified.Finite,5.19,5.84,-0.65,-11.2
7228,Mathlib.Analysis.Normed.Operator.Asymptotics,2.23,2.50,-0.28,-11.2
7229,Mathlib.RingTheory.Smooth.Locus,3.93,4.43,-0.50,-11.2
7230,Mathlib.Order.CompleteSublattice,1.90,2.14,-0.24,-11.2
7231,Mathlib.Analysis.SumOverResidueClass,1.80,2.03,-0.23,-11.2
7232,Mathlib.CategoryTheory.Groupoid.Discrete,1.18,1.32,-0.15,-11.3
7233,Mathlib.Algebra.Order.GroupWithZero.Bounds,1.05,1.18,-0.13,-11.3
7234,Mathlib.Data.Finset.Lattice.Lemmas,1.39,1.57,-0.18,-11.4
7235,Mathlib.Probability.Kernel.Composition.MeasureCompProd,2.50,2.82,-0.32,-11.4
7236,Mathlib.Topology.ContinuousMap.Periodic,8.74,9.87,-1.13,-11.4
7237,Mathlib.MeasureTheory.Integral.LebesgueNormedSpace,2.02,2.27,-0.26,-11.4
7238,Mathlib.Combinatorics.Additive.CovBySMul,1.71,1.93,-0.22,-11.5
7239,Mathlib.CategoryTheory.Abelian.Injective.Dimension,2.09,2.36,-0.27,-11.5
7240,Mathlib.Data.FunLike.Equiv,0.98,1.11,-0.13,-11.5
7241,Mathlib.RingTheory.DedekindDomain.SelmerGroup,3.54,4.00,-0.46,-11.5
7242,Mathlib.Data.Rel,6.41,7.24,-0.83,-11.5
7243,Mathlib.Algebra.GroupWithZero.NeZero,0.98,1.11,-0.13,-11.6
7244,Mathlib.Analysis.CStarAlgebra.ContinuousFunctionalCalculus.Note,0.90,1.02,-0.12,-11.6
7245,Mathlib.AlgebraicGeometry.QuasiAffine,2.41,2.73,-0.31,-11.6
7246,Mathlib.Computability.EpsilonNFA,1.90,2.14,-0.25,-11.6
7247,Mathlib.Topology.Instances.ZMod,1.25,1.42,-0.16,-11.6
7248,Mathlib.AlgebraicGeometry.EllipticCurve.NormalForms,3.86,4.37,-0.51,-11.6
7249,Mathlib.GroupTheory.Subsemigroup.Centralizer,1.28,1.45,-0.17,-11.6
7250,Mathlib.Algebra.GroupWithZero.Pointwise.Finset,1.37,1.55,-0.18,-11.6
7251,Mathlib.Algebra.Ring.Hom.Basic,1.06,1.20,-0.14,-11.6
7252,Mathlib.Algebra.Homology.HomologicalComplexBiprod,1.90,2.15,-0.25,-11.6
7253,Mathlib.Data.Num.Lemmas,3.31,3.75,-0.44,-11.7
7254,Mathlib.MeasureTheory.Constructions.ClosedCompactCylinders,1.91,2.16,-0.25,-11.7
7255,Mathlib.Order.Nucleus,2.19,2.48,-0.29,-11.7
7256,Mathlib.NumberTheory.Padics.AddChar,3.41,3.86,-0.45,-11.7
7257,Mathlib.RingTheory.Nullstellensatz,2.81,3.19,-0.38,-11.8
7258,Mathlib.Analysis.InnerProductSpace.Laplacian,4.06,4.61,-0.54,-11.8
7259,Mathlib.Geometry.Euclidean.Angle.Oriented.Projection,2.60,2.95,-0.35,-11.8
7260,Mathlib.Algebra.Order.Floor,1.26,1.43,-0.17,-11.9
7261,Mathlib.Geometry.Euclidean.Angle.Bisector,6.27,7.12,-0.85,-11.9
7262,Mathlib.Analysis.Calculus.Deriv.ZPow,3.16,3.59,-0.43,-11.9
7263,Mathlib.FieldTheory.IsAlgClosed.Classification,2.51,2.85,-0.34,-11.9
7264,Mathlib.Analysis.NormedSpace.HahnBanach.SeparatingDual,1.99,2.27,-0.27,-12.0
7265,Mathlib.Order.Filter.AtTopBot.Defs,1.18,1.34,-0.16,-12.0
7266,Mathlib.CategoryTheory.Limits.Sifted,2.11,2.40,-0.29,-12.0
7267,Mathlib.CategoryTheory.EpiMono,1.59,1.81,-0.22,-12.0
7268,Mathlib.Order.CompleteLattice.Chain,1.07,1.22,-0.15,-12.1
7269,Mathlib.GroupTheory.Goursat,4.06,4.62,-0.56,-12.1
7270,Mathlib.Combinatorics.Pigeonhole,1.71,1.94,-0.23,-12.1
7271,Mathlib.Tactic.NormNum.NatLog,1.51,1.72,-0.21,-12.1
7272,Mathlib.CategoryTheory.FiberedCategory.Cartesian,1.80,2.04,-0.25,-12.1
7273,Mathlib.CategoryTheory.FiberedCategory.Fiber,1.52,1.73,-0.21,-12.2
7274,Mathlib.Algebra.Order.Ring.Prod,1.16,1.32,-0.16,-12.3
7275,Mathlib.Probability.Kernel.Composition.Prod,2.20,2.51,-0.31,-12.3
7276,Mathlib.RingTheory.LocalRing.Subring,1.38,1.58,-0.19,-12.3
7277,Mathlib.MeasureTheory.Integral.Bochner,2.09,2.39,-0.29,-12.3
7278,Mathlib.Data.DFinsupp.Submonoid,1.47,1.68,-0.21,-12.4
7279,Mathlib.Data.Finset.PImage,1.86,2.13,-0.26,-12.4
7280,Mathlib.MeasureTheory.SpecificCodomains.ContinuousMap,2.33,2.66,-0.33,-12.4
7281,Mathlib.Analysis.Normed.Module.Multilinear.Curry,14.38,16.43,-2.04,-12.4
7282,Mathlib.MeasureTheory.Measure.Lebesgue.Basic,4.04,4.62,-0.58,-12.5
7283,Mathlib.Data.Nat.Lattice,1.58,1.81,-0.23,-12.5
7284,Mathlib.Topology.Algebra.Group.AddTorsor,1.59,1.82,-0.23,-12.6
7285,Mathlib.AlgebraicTopology.SimplicialSet.AnodyneExtensions.RankNat,1.56,1.79,-0.23,-12.6
7286,Mathlib.Computability.Language,2.13,2.43,-0.31,-12.6
7287,Mathlib.RingTheory.HopkinsLevitzki,3.35,3.84,-0.49,-12.7
7288,Mathlib.LinearAlgebra.Matrix.Charpoly.Disc,1.93,2.21,-0.28,-12.7
7289,Mathlib.Topology.Order.T5,1.61,1.85,-0.23,-12.7
7290,Mathlib.Analysis.Normed.Lp.ProdLp,6.16,7.06,-0.90,-12.8
7291,Mathlib.CategoryTheory.Localization.Adjunction,1.80,2.06,-0.26,-12.8
7292,Mathlib.Order.Filter.Cofinite,1.50,1.72,-0.22,-12.8
7293,Mathlib.Data.Fintype.OfMap,1.16,1.34,-0.17,-12.9
7294,Mathlib.Algebra.CharP.CharAndCard,1.71,1.97,-0.25,-13.0
7295,Mathlib.Order.Interval.Set.SuccOrder,1.16,1.33,-0.17,-13.0
7296,Mathlib.FieldTheory.SplittingField.Construction,3.46,3.98,-0.52,-13.0
7297,Mathlib.Geometry.Manifold.Diffeomorph,7.18,8.28,-1.10,-13.3
7298,Mathlib.Computability.MyhillNerode,1.40,1.61,-0.22,-13.4
7299,Mathlib.Data.Finsupp.SMulWithZero,1.30,1.50,-0.20,-13.4
7300,Mathlib.RepresentationTheory.GroupCohomology.Hilbert90,2.14,2.47,-0.33,-13.4
7301,Mathlib.LinearAlgebra.Dimension.LinearMap,2.31,2.67,-0.36,-13.6
7302,Mathlib.Analysis.MeanInequalities,4.07,4.71,-0.64,-13.6
7303,Mathlib.RingTheory.Spectrum.Prime.Module,2.13,2.47,-0.34,-13.6
7304,Mathlib.Condensed.Light.TopComparison,1.94,2.25,-0.31,-13.8
7305,Mathlib.Lean.Expr,0.68,0.79,-0.11,-13.8
7306,Mathlib.CategoryTheory.Localization.LocalizerMorphism,1.59,1.85,-0.26,-13.9
7307,Mathlib.Order.CompleteLattice.Group,1.09,1.27,-0.18,-13.9
7308,Mathlib.NumberTheory.Padics.ValuativeRel,2.10,2.44,-0.34,-14.0
7309,Mathlib.MeasureTheory.Function.ContinuousMapDense,3.00,3.48,-0.49,-14.0
7310,Mathlib.GroupTheory.FreeGroup.Reduce,2.09,2.44,-0.34,-14.0
7311,Mathlib.Analysis.Calculus.ImplicitContDiff,3.44,4.01,-0.56,-14.1
7312,Mathlib.Deprecated.Aliases,0.68,0.79,-0.11,-14.1
7313,Mathlib.Analysis.InnerProductSpace.MeanErgodic,3.15,3.68,-0.53,-14.3
7314,Mathlib.CategoryTheory.Adjunction.Triple,2.00,2.34,-0.34,-14.3
7315,Mathlib.SetTheory.Cardinal.SchroederBernstein,1.58,1.85,-0.27,-14.4
7316,Mathlib.Lean.EnvExtension,0.67,0.78,-0.11,-14.5
7317,Mathlib.RingTheory.Invariant.Defs,1.17,1.36,-0.20,-14.5
7318,Mathlib.RingTheory.KrullDimension.Polynomial,2.11,2.48,-0.37,-14.7
7319,Mathlib.Analysis.Calculus.Conformal.InnerProduct,2.11,2.48,-0.37,-14.9
7320,Mathlib.MeasureTheory.Function.LpSeminorm.Prod,2.15,2.53,-0.38,-15.2
7321,Mathlib.Analysis.Normed.Module.RCLike.Real,2.13,2.51,-0.38,-15.3
7322,Mathlib.AlgebraicGeometry.EllipticCurve.ModelsWithJ,2.21,2.61,-0.40,-15.3
7323,Mathlib.Algebra.ContinuedFractions.TerminatedStable,1.28,1.52,-0.23,-15.4
7324,Mathlib.Tactic.Peel,1.57,1.85,-0.29,-15.4
7325,Mathlib.Data.QPF.Multivariate.Basic,1.47,1.74,-0.27,-15.5
7326,Mathlib.Order.ConditionallyCompleteLattice.Defs,1.28,1.52,-0.24,-15.7
7327,Mathlib.Topology.Category.CompHausLike.EffectiveEpi,1.85,2.20,-0.35,-16.0
7328,Mathlib.Tactic.LinearCombination.Lemmas,1.57,1.88,-0.30,-16.2
7329,Mathlib.Data.Holor,1.78,2.12,-0.34,-16.2
7330,Mathlib.RingTheory.Unramified.Pi,2.98,3.57,-0.58,-16.3
7331,Mathlib.LinearAlgebra.Matrix.CharP,1.16,1.39,-0.23,-16.5
7332,Mathlib.RingTheory.Grassmannian,2.19,2.62,-0.43,-16.5
7333,Mathlib.RingTheory.Congruence.Basic,2.30,2.76,-0.46,-16.6
7334,Mathlib.CategoryTheory.DinatTrans,1.28,1.54,-0.26,-16.8
7335,Mathlib.Analysis.Normed.Operator.Completeness,2.83,3.40,-0.57,-16.8
7336,Mathlib.Topology.MetricSpace.HausdorffDimension,3.31,3.99,-0.68,-17.1
7337,Mathlib.CategoryTheory.ObjectProperty.Retract,1.45,1.75,-0.30,-17.2
7338,Mathlib.CategoryTheory.Adjunction.Mates,4.39,5.32,-0.93,-17.4
7339,Mathlib.Data.Nat.Factorization.Root,1.70,2.06,-0.36,-17.5
7340,Mathlib.LinearAlgebra.CliffordAlgebra.Equivs,4.99,6.08,-1.09,-18.0
7341,Mathlib.Algebra.Order.Ring.Nat,1.19,1.46,-0.26,-18.0
7342,Mathlib.Algebra.GradedMonoid,2.18,2.66,-0.48,-18.1
7343,Mathlib.Topology.Order.LowerUpperTopology,2.03,2.48,-0.45,-18.2
7344,Mathlib.RingTheory.OrderOfVanishing,3.24,3.97,-0.74,-18.5
7345,Mathlib.Algebra.Homology.Embedding.Restriction,1.82,2.23,-0.42,-18.7
7346,Mathlib.GroupTheory.FixedPointFree,1.69,2.09,-0.40,-19.3
7347,Mathlib.Algebra.Group.Subgroup.Defs,3.03,3.76,-0.73,-19.3
7348,Mathlib.CategoryTheory.Localization.Bifunctor,2.04,2.53,-0.50,-19.6
7349,Mathlib.Algebra.Order.Ring.WithTop,2.92,3.66,-0.74,-20.3
7350,Mathlib.CategoryTheory.CatCommSq,1.89,2.38,-0.48,-20.3
7351,Mathlib.Algebra.Lie.Derivation.Killing,2.99,3.77,-0.78,-20.6
7352,Mathlib.Tactic.NormNum.NatSqrt,1.52,1.92,-0.40,-20.6
7353,Mathlib.RingTheory.Ideal.GoingDown,2.81,3.55,-0.74,-20.7
7354,Mathlib.Analysis.Normed.Module.Ball.RadialEquiv,2.71,3.45,-0.74,-21.4
7355,Mathlib.MeasureTheory.Function.LocallyIntegrable,3.98,5.06,-1.08,-21.4
7356,Mathlib.AlgebraicGeometry.EllipticCurve.Affine,1.79,2.30,-0.51,-22.1
7357,Mathlib.Algebra.CharZero.Quotient,1.40,1.80,-0.40,-22.4
7358,Mathlib.Algebra.Category.Ring.Under.Limits,5.68,7.33,-1.65,-22.5
7359,Mathlib.Data.Fin.Tuple.Curry,1.43,1.85,-0.42,-22.6
7360,Mathlib.AlgebraicGeometry.Morphisms.Flat,2.65,3.44,-0.79,-22.9
7361,Mathlib.Analysis.Calculus.Deriv.Pi,1.99,2.59,-0.60,-23.0
7362,Mathlib.CategoryTheory.Sums.Associator,2.43,3.17,-0.74,-23.3
7363,Mathlib.Data.Nat.Factorization.Induction,1.48,1.99,-0.50,-25.2
7364,Mathlib.Algebra.Order.Kleene,2.09,2.79,-0.71,-25.3
7365,Mathlib.Data.PFun,1.79,2.45,-0.66,-26.9
7366,Mathlib.Algebra.Polynomial.BigOperators,2.02,2.79,-0.78,-27.8
7367,Mathlib.Tactic.Linarith.Verification,1.70,2.38,-0.68,-28.5
7368,Mathlib.MeasureTheory.Function.LpSpace.ContinuousFunctions,4.41,6.35,-1.94,-30.6
7369,Mathlib.RingTheory.DedekindDomain.Basic,2.12,3.46,-1.35,-38.9
