module,normal_time,skipkernel_time
Mathlib.Tactic.Linter.DirectoryDependency,0m1.518s,0m1.371s
Mathlib.Tactic.Linter.Header,0m1.226s,0m1.200s
Mathlib.Lean.Environment,0m0.720s,0m0.692s
Mathlib.Lean.Elab.Tactic.Meta,0m1.054s,0m0.785s
Mathlib.Util.ParseCommand,0m0.836s,0m0.840s
Mathlib.Tactic.MinImports,0m2.560s,0m2.370s
Mathlib.Tactic.Linter.OldObtain,0m0.807s,0m0.713s
Mathlib.Tactic.Linter.PrivateModule,0m0.795s,0m0.781s
Mathlib.Tactic.Linter.UnusedTacticExtension,0m0.788s,0m0.767s
Mathlib.Tactic.DeclarationNames,0m0.850s,0m0.655s
Mathlib.Tactic.Linter.Multigoal,0m1.114s,0m0.870s
Mathlib.Tactic.Linter.GlobalAttributeIn,0m0.859s,0m0.772s
Mathlib.Tactic.Linter.HashCommandLinter,0m1.042s,0m0.876s
Mathlib.Tactic.Linter.EmptyLine,0m0.899s,0m0.973s
Mathlib.Tactic.Linter.DocString,0m1.015s,0m0.879s
Mathlib.Tactic.Linter.DocPrime,0m1.108s,0m0.961s
Mathlib.Tactic.Linter.FlexibleLinter,0m1.415s,0m1.390s
Mathlib.Tactic.Linter.CommandStart,0m1.136s,0m0.992s
Mathlib.Tactic.Linter.DeprecatedSyntaxLinter,0m1.107s,0m0.967s
Mathlib.Lean.ContextInfo,0m0.826s,0m0.657s
Mathlib.Lean.Elab.InfoTree,0m2.361s,0m2.321s
Mathlib.Tactic.Linter.UnusedTactic,0m1.307s,0m1.077s
Mathlib.Lean.Expr.Basic,0m2.848s,0m2.512s
Mathlib.Tactic.ExtractGoal,0m1.420s,0m1.264s
Mathlib.Tactic.Linter.Lint,0m2.609s,0m2.390s
Mathlib.Tactic.Linter.UnusedInstancesInType,0m1.017s,0m0.856s
Mathlib.Tactic.Linter.Style,0m2.126s,0m1.620s
Mathlib.Tactic.TacticAnalysis,0m1.203s,0m1.069s
Mathlib.Tactic.TacticAnalysis.Declarations,0m1.958s,0m1.620s
Mathlib.Init,0m0.899s,0m0.782s
Mathlib.Tactic.Monotonicity.Attr,0m0.809s,0m0.776s
Mathlib.Util.Tactic,0m0.816s,0m0.759s
Mathlib.Util.PPOptions,0m0.796s,0m0.757s
Mathlib.Tactic.Coe,0m0.926s,0m0.870s
Mathlib.Control.Combinators,0m0.812s,0m0.753s
Mathlib.Tactic.CasesM,0m1.239s,0m1.064s
Mathlib.Util.AtLocation,0m0.911s,0m0.769s
Mathlib.Util.WhatsNew,0m1.098s,0m0.859s
Mathlib.Tactic.Set,0m1.125s,0m0.977s
Mathlib.Tactic.Substs,0m0.805s,0m0.662s
Mathlib.Util.WithWeakNamespace,0m0.797s,0m0.774s
Mathlib.Tactic.Spread,0m1.105s,0m0.980s
Mathlib.Lean.Elab.Term,0m0.791s,0m0.758s
Mathlib.Lean.PrettyPrinter.Delaborator,0m0.896s,0m0.777s
Mathlib.Tactic.Core,0m1.515s,0m1.376s
Mathlib.Tactic.WithoutCDot,0m0.930s,0m0.773s
Mathlib.Tactic.Conv,0m1.329s,0m1.171s
Mathlib.Tactic.SimpRw,0m1.023s,0m0.962s
Mathlib.Tactic.Push.Attr,0m1.042s,0m0.988s
Mathlib.Tactic.OfNat,0m0.798s,0m0.659s
Mathlib.Tactic.AdaptationNote,0m0.911s,0m0.864s
Mathlib.Tactic.Attr.Register,0m0.931s,0m0.889s
Mathlib.Util.AssertExistsExt,0m0.809s,0m0.772s
Mathlib.Data.Int.Notation,0m0.802s,0m0.762s
Mathlib.Data.Nat.BinaryRec,0m0.900s,0m0.871s
Mathlib.Util.CompileInductive,0m1.421s,0m1.287s
Mathlib.Data.String.Defs,0m0.814s,0m0.762s
Mathlib.Data.Set.Defs,0m1.718s,0m1.573s
Mathlib.Tactic.Eqns,0m1.006s,0m0.960s
Mathlib.Tactic.ExtendDoc,0m0.791s,0m0.757s
Mathlib.Tactic.PPWithUniv,0m0.898s,0m0.860s
Mathlib.Lean.Name,0m0.808s,0m0.767s
Mathlib.Tactic.Simps.NotationClass,0m1.023s,0m0.867s
Mathlib.Util.MemoFix,0m0.802s,0m0.772s
Mathlib.Lean.Meta.Simp,0m0.985s,0m0.872s
Mathlib.Data.Nat.Notation,0m0.840s,0m0.652s
Mathlib.Data.Array.Defs,0m0.816s,0m0.774s
Mathlib.Tactic.TypeStar,0m0.808s,0m0.657s
Mathlib.Tactic.Lemma,0m0.800s,0m0.653s
Mathlib.Tactic.ApplyWith,0m0.794s,0m0.664s
Mathlib.Lean.Meta.Basic,0m0.885s,0m0.864s
Mathlib.Tactic.ClearExclamation,0m0.794s,0m0.757s
Mathlib.Tactic.Simproc.ExistsAndEq,0m1.846s,0m1.705s
Mathlib.Tactic.Check,0m0.914s,0m0.863s
Mathlib.Tactic.ClearExcept,0m0.804s,0m0.758s
Mathlib.Tactic.Clear_,0m0.808s,0m0.744s
Mathlib.Tactic.Constructor,0m0.803s,0m0.768s
Mathlib.Tactic.ExistsI,0m0.812s,0m0.781s
Mathlib.Tactic.FailIfNoProgress,0m0.904s,0m0.874s
Mathlib.Tactic.FunProp.Mor,0m1.012s,0m0.854s
Mathlib.Tactic.FunProp.ToBatteries,0m0.885s,0m0.857s
Mathlib.Tactic.ErwQuestion,0m1.122s,0m1.083s
Mathlib.Tactic.FunProp.Decl,0m1.101s,0m0.958s
Mathlib.Tactic.ApplyCongr,0m0.896s,0m0.759s
Mathlib.Lean.Meta.RefinedDiscrTree.Basic,0m1.232s,0m1.056s
Mathlib.Tactic.ToExpr,0m0.931s,0m0.760s
Mathlib.Tactic.SplitIfs,0m1.101s,0m1.066s
Mathlib.Tactic.Attr.Core,0m0.814s,0m0.761s
Mathlib.Tactic.Use,0m1.424s,0m1.172s
Mathlib.Data.Set.CoeSort,0m0.800s,0m0.769s
Mathlib.Lean.Expr.ReplaceRec,0m0.804s,0m0.664s
Mathlib.Util.AssertExists,0m1.005s,0m0.882s
Mathlib.Tactic.ScopedNS,0m1.522s,0m1.406s
Mathlib.Tactic.Translate.GuessName,0m1.095s,0m0.872s
Mathlib.Data.Prod.PProd,0m1.110s,0m0.969s
Mathlib.Logic.Function.ULift,0m0.813s,0m0.760s
Mathlib.Tactic.Inhabit,0m0.912s,0m0.770s
Mathlib.Logic.Nonempty,0m0.908s,0m0.766s
Mathlib.Logic.ExistsUnique,0m1.046s,0m0.967s
Mathlib.Logic.Nontrivial.Defs,0m0.794s,0m0.761s
Mathlib.Logic.Function.Defs,0m0.891s,0m0.882s
Mathlib.Data.Option.Defs,0m0.775s,0m0.783s
Mathlib.Data.Ordering.Basic,0m0.790s,0m0.775s
Mathlib.Data.Int.Init,0m1.704s,0m1.578s
Mathlib.Tactic.DeprecateTo,0m1.214s,0m1.065s
Mathlib.Tactic.ApplyAt,0m0.901s,0m0.922s
Mathlib.Tactic.Find,0m1.286s,0m1.179s
Mathlib.Tactic.GuardGoalNums,0m0.788s,0m0.772s
Mathlib.Tactic.GuardHypNums,0m0.782s,0m0.671s
Mathlib.Tactic.Basic,0m1.426s,0m1.304s
Mathlib.Tactic.InferParam,0m0.796s,0m0.773s
Mathlib.Tactic.HigherOrder,0m1.113s,0m0.973s
Mathlib.Util.Delaborators,0m3.989s,0m3.887s
Mathlib.Util.TermReduce,0m0.995s,0m0.895s
Mathlib.Tactic.Linter.HaveLetLinter,0m0.901s,0m0.863s
Mathlib.Tactic.Linter.DeprecatedModule,0m1.100s,0m0.969s
Mathlib.Tactic.Linter.PPRoundtrip,0m0.890s,0m0.867s
Mathlib.Tactic.Linter.MinImports,0m1.112s,0m0.975s
Mathlib.Tactic.FunProp.FunctionData,0m1.408s,0m1.290s
Mathlib.Lean.Meta.RefinedDiscrTree.Encode,0m1.198s,0m1.049s
Mathlib.Logic.Relator,0m0.915s,0m0.863s
Mathlib.Tactic.NthRewrite,0m0.801s,0m0.764s
Mathlib.Lean.Meta.RefinedDiscrTree.Initialize,0m1.339s,0m1.194s
Mathlib.Tactic.FBinop,0m1.544s,0m1.367s
Mathlib.Tactic.Relation.Rfl,0m0.803s,0m0.753s
Mathlib.Tactic.Observe,0m1.006s,0m0.865s
Mathlib.Tactic.Recover,0m1.008s,0m0.847s
Mathlib.Tactic.Rename,0m0.924s,0m0.763s
Mathlib.Tactic.RenameBVar,0m0.906s,0m0.858s
Mathlib.Tactic.SuccessIfFailWithMsg,0m0.902s,0m0.759s
Mathlib.Tactic.ToLevel,0m0.803s,0m0.756s
Mathlib.Tactic.SimpIntro,0m1.005s,0m0.962s
Mathlib.Tactic.SudoSetOption,0m0.891s,0m0.766s
Mathlib.Tactic.SwapVar,0m0.884s,0m0.745s
Mathlib.Tactic.Trace,0m0.807s,0m0.765s
Mathlib.Tactic.TypeCheck,0m0.824s,0m0.760s
Mathlib.Tactic.UnsetOption,0m0.789s,0m0.767s
Mathlib.Tactic.Widget.SelectInsertParamsClass,0m0.778s,0m0.775s
Mathlib.Tactic.RSuffices,0m1.021s,0m0.877s
Mathlib.Tactic.Says,0m1.727s,0m1.686s
Mathlib.Tactic.Variable,0m1.701s,0m1.648s
Mathlib.Data.Nat.Init,0m1.831s,0m1.666s
Mathlib.Logic.Basic,0m3.209s,0m2.949s
Mathlib.Tactic.Linter.UpstreamableDecl,0m0.905s,0m0.885s
Mathlib.Tactic.Lift,0m1.745s,0m1.603s
Mathlib.Tactic.DefEqTransformations,0m1.642s,0m1.495s
Mathlib.Data.SProd,0m0.788s,0m0.772s
Mathlib.Tactic.FunProp.Types,0m1.221s,0m1.206s
Mathlib.Tactic.Linter,0m0.799s,0m0.673s
Mathlib.Lean.Meta.RefinedDiscrTree.Lookup,0m1.314s,0m1.156s
Mathlib.Tactic.Hint,0m3.357s,0m3.318s
Mathlib.Util.Notation3,0m5.102s,0m4.765s
Mathlib.Tactic.Subsingleton,0m1.430s,0m1.301s
Mathlib.Tactic.GCongr.ForwardAttr,0m2.434s,0m2.307s
Mathlib.Lean.Meta.RefinedDiscrTree,0m0.904s,0m0.874s
Mathlib.Tactic.Simps.Basic,0m3.627s,0m3.542s
Mathlib.Lean.GoalsLocation,0m0.802s,0m0.814s
Mathlib.Lean.Meta.KAbstractPositions,0m0.881s,0m0.890s
Mathlib.Lean.Meta,0m8.006s,0m7.726s
Mathlib.Tactic.Push,0m2.255s,0m2.109s
Mathlib.Util.TransImports,0m0.814s,0m0.778s
Mathlib.Tactic.WLOG,0m0.996s,0m0.996s
Mathlib.Util.PrintSorries,0m0.996s,0m0.993s
Mathlib.Tactic.FunProp.Theorems,0m1.615s,0m1.580s
Mathlib.Lean.Elab.Tactic.Basic,0m0.813s,0m0.783s
Mathlib.Util.CountHeartbeats,0m1.420s,0m1.292s
Mathlib.Tactic.ByContra,0m1.112s,0m1.111s
Mathlib.Tactic.ByCases,0m1.425s,0m1.311s
Mathlib.Tactic.Contrapose,0m1.291s,0m1.199s
Mathlib.Tactic.FunProp.Attr,0m1.005s,0m0.996s
Mathlib.Tactic.MkIffOfInductiveProp,0m1.410s,0m1.382s
Mathlib.Tactic.Widget.SelectPanelUtils,0m1.321s,0m1.308s
Mathlib.Tactic.Tauto,0m2.032s,0m1.922s
Mathlib.Tactic.Widget.InteractiveUnfold,0m1.175s,0m1.179s
Mathlib.Tactic.Widget.Conv,0m0.999s,0m0.974s
Mathlib.Tactic.FunProp.Core,0m3.592s,0m3.468s
Mathlib.Tactic.Widget.Calc,0m1.200s,0m1.182s
Mathlib.Tactic.Translate.Core,0m4.441s,0m4.416s
Mathlib.Tactic.StacksAttribute,0m1.006s,0m1.007s
Mathlib.Data.List.TFAE,0m0.774s,0m0.770s
Mathlib.Tactic.FastInstance,0m1.198s,0m1.196s
Mathlib.Tactic.FunProp.Elab,0m1.512s,0m1.407s
Mathlib.Util.AtomM,0m1.116s,0m1.072s
Mathlib.Data.Bracket,0m0.793s,0m0.782s
Mathlib.Logic.OpClass,0m0.777s,0m0.771s
Mathlib.Order.Bounds.Defs,0m0.799s,0m0.768s
Mathlib.Tactic.Bound.Init,0m2.107s,0m1.875s
Mathlib.Tactic.Widget.LibraryRewrite,0m2.159s,0m2.106s
Mathlib.Tactic.HaveI,0m0.785s,0m0.772s
Mathlib.Lean.Expr.Rat,0m0.803s,0m0.773s
Mathlib.Data.Option.NAry,0m0.989s,0m0.991s
Mathlib.Tactic.TryThis,0m0.794s,0m0.768s
Mathlib.Data.Ineq,0m0.798s,0m0.793s
Mathlib.Tactic.FieldSimp.Attr,0m0.778s,0m0.771s
Mathlib.Util.Qq,0m1.007s,0m0.982s
Mathlib.Control.Basic,0m0.990s,0m0.870s
Mathlib.Util.DischargerAsTactic,0m0.783s,0m0.780s
Mathlib.Data.List.Monad,0m0.802s,0m0.773s
Mathlib.Data.PNat.Notation,0m0.807s,0m0.793s
Mathlib.Control.Functor,0m0.989s,0m0.865s
Mathlib.Lean.Meta.Tactic.Rewrite,0m0.801s,0m0.781s
Mathlib.Util.SynthesizeUsing,0m0.999s,0m0.989s
Mathlib.Data.Tree.Basic,0m0.901s,0m0.872s
Mathlib.Tactic.Linarith.Oracle.SimplexAlgorithm.Datatypes,0m0.913s,0m0.891s
Mathlib.Util.ElabWithoutMVars,0m0.827s,0m0.781s
Mathlib.Data.Int.Cast.Pi,0m0.794s,0m0.795s
Mathlib.Control.ULift,0m0.779s,0m0.770s
Mathlib.Data.Int.DivMod,0m0.801s,0m0.783s
Mathlib.Tactic.Translate.ToAdditive,0m1.200s,0m1.228s
Mathlib.Tactic.Translate.ToDual,0m1.240s,0m1.202s
Mathlib.Util.AtomM.Recurse,0m1.087s,0m1.101s
Mathlib.Tactic.FunProp,0m0.917s,0m0.921s
Mathlib.Data.Rat.Init,0m0.992s,0m0.997s
Mathlib.Tactic.Linarith.Oracle.SimplexAlgorithm.Gauss,0m0.896s,0m0.893s
Mathlib.Tactic.Linarith.Oracle.SimplexAlgorithm.SimplexAlgorithm,0m0.989s,0m0.998s
Mathlib.Tactic.ToDual,0m1.009s,0m1.004s
Mathlib.Data.List.Defs,0m1.291s,0m1.174s
Mathlib.Logic.Function.CompTypeclasses,0m0.794s,0m0.785s
Mathlib.Control.Traversable.Basic,0m0.991s,0m0.995s
Mathlib.CategoryTheory.ConcreteCategory.Bundled,0m0.798s,0m0.802s
Mathlib.Tactic.ToAdditive,0m1.010s,0m1.025s
Mathlib.Tactic.SuppressCompilation,0m1.194s,0m1.198s
Mathlib.Tactic.TFAE,0m2.660s,0m2.580s
Mathlib.Util.AddRelatedDecl,0m1.096s,0m1.100s
Mathlib.Algebra.HierarchyDesign,0m0.994s,0m1.014s
Mathlib.Tactic.Monotonicity.Basic,0m0.888s,0m0.914s
Mathlib.Data.Stream.Defs,0m1.099s,0m1.005s
Mathlib.Data.Nat.NthRoot.Defs,0m0.789s,0m0.767s
Mathlib.Tactic.Generalize,0m0.800s,0m0.785s
Mathlib.Tactic.CategoryTheory.Coherence.Datatypes,0m1.320s,0m1.285s
Mathlib.Algebra.Expr,0m1.007s,0m0.901s
Mathlib.Util.Superscript,0m1.119s,0m1.077s
Mathlib.Logic.Function.Coequalizer,0m0.782s,0m0.812s
Mathlib.Tactic.Linarith.Oracle.SimplexAlgorithm.PositiveVector,0m0.796s,0m0.784s
Mathlib.Analysis.CStarAlgebra.ContinuousFunctionalCalculus.Note,0m0.903s,0m1.021s
Mathlib.Algebra.Notation.Lemmas,0m1.112s,0m1.112s
Mathlib.Order.Defs.PartialOrder,0m1.306s,0m1.387s
Mathlib.Algebra.Notation,0m1.237s,0m1.117s
Mathlib.Order.Defs.Unbundled,0m1.297s,0m1.308s
Mathlib.Order.Notation,0m1.407s,0m1.503s
Mathlib.Algebra.Notation.Defs,0m1.317s,0m1.324s
Mathlib.Data.TwoPointing,0m1.005s,0m1.087s
Mathlib.Control.Lawful,0m0.998s,0m0.992s
Mathlib.Tactic.CategoryTheory.Coherence.PureCoherence,0m1.426s,0m1.326s
Mathlib.Data.Num.Basic,0m1.128s,0m1.104s
Mathlib.Data.Bool.AllAny,0m0.812s,0m0.789s
Mathlib.Data.Array.Extract,0m1.204s,0m1.222s
Mathlib.Algebra.NeZero,0m0.996s,0m1.019s
Mathlib.Order.Interval.Set.Defs,0m1.100s,0m1.125s
Mathlib.Tactic.CategoryTheory.Coherence.Normalize,0m2.044s,0m2.160s
Mathlib.Data.Sigma.Lex,0m1.121s,0m1.105s
Mathlib.Tactic.DepRewrite,0m2.665s,0m2.670s
Mathlib.Order.Defs.LinearOrder,0m1.903s,0m1.891s
Mathlib.Order.TypeTags,0m0.992s,0m0.987s
Mathlib.Algebra.Regular.Defs,0m0.996s,0m1.006s
Mathlib.Logic.Relation,0m1.626s,0m1.604s
Mathlib.Algebra.Notation.Pi.Defs,0m1.301s,0m1.314s
Mathlib.Data.List.Lookmap,0m0.882s,0m0.892s
Mathlib.Logic.Function.Basic,0m1.806s,0m1.807s
Mathlib.Data.List.Indexes,0m0.896s,0m0.893s
Mathlib.Data.List.ModifyLast,0m0.794s,0m0.799s
Mathlib.Combinatorics.SimpleGraph.Init,0m7.949s,0m7.873s
Mathlib.Data.Ordering.Lemmas,0m1.013s,0m1.008s
Mathlib.Tactic.ContinuousFunctionalCalculus,0m1.110s,0m1.098s
Mathlib.Combinatorics.Matroid.Init,0m1.024s,0m1.004s
Mathlib.Topology.Sheaves.Init,0m1.001s,0m0.997s
Mathlib.Tactic.GCongr.Core,0m2.573s,0m2.663s
Mathlib.Tactic.ArithMult.Init,0m1.019s,0m0.992s
Mathlib.Tactic.Measurability.Init,0m1.001s,0m1.006s
Mathlib.CategoryTheory.Category.Init,0m1.018s,0m0.992s
Mathlib.Tactic.Continuity.Init,0m1.021s,0m1.034s
Mathlib.Data.Sym.Sym2.Init,0m1.024s,0m1.022s
Mathlib.Data.Finset.Attr,0m0.999s,0m1.007s
Mathlib.Data.List.Triplewise,0m1.848s,0m1.691s
Mathlib.Tactic.Finiteness.Attr,0m1.009s,0m0.990s
Mathlib.Tactic.SetLike,0m1.105s,0m1.013s
Mathlib.Data.Int.Order.Basic,0m1.348s,0m0.992s
Mathlib.Tactic.Bound.Attribute,0m1.536s,0m1.491s
Mathlib.Data.ENat.Defs,0m0.971s,0m0.975s
Mathlib.Data.Bool.Basic,0m1.326s,0m1.300s
Mathlib.Data.Tree.Get,0m0.770s,0m0.799s
Mathlib.Data.String.Lemmas,0m1.005s,0m0.979s
Mathlib.Logic.Pairwise,0m1.108s,0m1.084s
Mathlib.Algebra.Notation.Pi.Basic,0m1.531s,0m1.203s
Mathlib.Data.Sigma.Basic,0m1.326s,0m1.217s
Mathlib.Logic.Function.Conjugate,0m1.137s,0m1.090s
Mathlib.Data.Sum.Basic,0m1.297s,0m1.309s
Mathlib.Tactic.Choose,0m1.642s,0m1.504s
Mathlib.Data.Subtype,0m1.216s,0m1.221s
Mathlib.Logic.IsEmpty,0m1.069s,0m1.095s
Mathlib.Data.Nat.Basic,0m1.212s,0m1.093s
Mathlib.Tactic.ArithMult,0m1.116s,0m1.115s
Mathlib.Data.List.Flatten,0m1.088s,0m1.098s
Mathlib.Tactic.GCongr.CoreAttrs,0m0.997s,0m1.027s
Mathlib.Deprecated.Aliases,0m0.682s,0m0.794s
Mathlib.Tactic.GRewrite.Core,0m1.232s,0m1.182s
Mathlib.Lean.Thunk,0m0.780s,0m0.786s
Mathlib.Tactic.Measurability,0m1.232s,0m1.195s
Mathlib.Tactic.Continuity,0m1.106s,0m1.009s
Mathlib.Deprecated.Sort,0m0.801s,0m0.770s
Mathlib.Lean.CoreM,0m0.778s,0m0.764s
Mathlib.Lean.EnvExtension,0m0.669s,0m0.782s
Mathlib.Lean.Exception,0m0.795s,0m0.784s
Mathlib.Lean.Expr,0m0.681s,0m0.790s
Mathlib.Lean.Json,0m0.771s,0m0.800s
Mathlib.Lean.LocalContext,0m0.763s,0m0.786s
Mathlib.Lean.Message,0m0.760s,0m0.687s
Mathlib.Std.Data.HashMap,0m0.759s,0m0.801s
Mathlib.Algebra.Group.Defs,0m3.083s,0m3.226s
Mathlib.Lean.Meta.DiscrTree,0m0.780s,0m0.793s
Mathlib.Tactic.CC.Lemmas,0m0.783s,0m0.784s
Mathlib.Tactic.Relation.Symm,0m0.783s,0m0.797s
Mathlib.Tactic.CategoryTheory.CategoryStar,0m0.765s,0m0.784s
Mathlib.Tactic.Clean,0m0.762s,0m0.784s
Mathlib.Tactic.Change,0m0.892s,0m0.900s
Mathlib.Tactic.Eval,0m0.981s,0m0.990s
Mathlib.Tactic.Explode.Datatypes,0m0.785s,0m0.798s
Mathlib.Tactic.Cases,0m1.285s,0m1.317s
Mathlib.Tactic.GeneralizeProofs,0m2.827s,0m3.067s
Mathlib.Tactic.ExtractLets,0m0.885s,0m0.986s
Mathlib.Tactic.LiftLets,0m0.888s,0m0.920s
Mathlib.Tactic.FindSyntax,0m0.977s,0m1.009s
Mathlib.Tactic.Have,0m0.996s,0m0.985s
Mathlib.Data.List.Pairwise,0m1.084s,0m1.102s
Mathlib.Logic.Function.Iterate,0m1.169s,0m1.082s
Mathlib.Data.Option.Basic,0m1.412s,0m1.429s
Mathlib.Logic.Unique,0m1.096s,0m1.089s
Mathlib.Data.Set.Operations,0m1.722s,0m1.687s
Mathlib.Tactic.IrreducibleDef,0m1.627s,0m1.608s
Mathlib.Data.Char,0m1.001s,0m0.986s
Mathlib.Tactic.ITauto,0m2.344s,0m2.346s
Mathlib.Tactic.Linter.CommandRanges,0m0.792s,0m0.780s
Mathlib.Lean.Meta.CongrTheorems,0m1.825s,0m1.838s
Mathlib.Data.Nat.Find,0m1.500s,0m1.525s
Mathlib.Tactic.GCongr,0m1.004s,0m0.997s
Mathlib.Tactic.Linter.FindDeprecations,0m1.210s,0m1.188s
Mathlib.Data.Nat.Sqrt,0m1.998s,0m1.908s
Mathlib.GroupTheory.EckmannHilton,0m1.086s,0m1.109s
Mathlib.Algebra.PEmptyInstances,0m1.001s,0m1.010s
Mathlib.Algebra.Group.MinimalAxioms,0m1.094s,0m1.097s
Mathlib.Tactic.GRewrite.Elab,0m1.534s,0m1.510s
Mathlib.Algebra.Homology.ComplexShape,0m1.097s,0m1.107s
Mathlib.Algebra.Group.PUnit,0m1.023s,0m1.092s
Mathlib.Algebra.Group.Commutator,0m1.019s,0m0.994s
Mathlib.Algebra.BigOperators.Group.List.Defs,0m1.188s,0m1.102s
Mathlib.Control.Applicative,0m1.195s,0m1.178s
Mathlib.Algebra.Group.Nat.Defs,0m1.010s,0m1.005s
Mathlib.Algebra.Group.Invertible.Defs,0m1.292s,0m1.304s
Mathlib.Algebra.Group.Int.Defs,0m1.016s,0m1.017s
Mathlib.Data.Tree.RBMap,0m2.452s,0m2.209s
Mathlib.Tactic.Explode.Pretty,0m0.800s,0m0.794s
Mathlib.Algebra.Group.Semiconj.Defs,0m1.228s,0m1.173s
Mathlib.Data.Nat.Cast.Defs,0m1.296s,0m1.305s
Mathlib.Algebra.GroupWithZero.Defs,0m1.297s,0m1.310s
Mathlib.Tactic.Polyrith,0m0.780s,0m0.798s
Mathlib.Tactic.Linter.ValidatePRTitle,0m1.096s,0m1.105s
Mathlib.Tactic.Recall,0m0.991s,0m1.005s
Mathlib.Tactic.ReduceModChar.Ext,0m0.794s,0m0.781s
Mathlib.Tactic.RewriteSearch,0m0.801s,0m0.788s
Mathlib.Tactic.Replace,0m0.806s,0m0.779s
Mathlib.Tactic.ToFun,0m1.017s,0m1.005s
Mathlib.Algebra.Group.InjSurj,0m2.020s,0m2.017s
Mathlib.Lean.Expr.ExtraRecognizers,0m1.107s,0m1.112s
Mathlib.Data.List.GetD,0m1.203s,0m1.197s
Mathlib.Data.Prod.Basic,0m1.494s,0m1.507s
Mathlib.Data.FunLike.Basic,0m1.092s,0m1.116s
Mathlib.Algebra.Group.Pi.Basic,0m1.693s,0m1.721s
Mathlib.Tactic.GRewrite,0m0.993s,0m0.998s
Mathlib.Data.Quot,0m1.692s,0m1.706s
Mathlib.Data.Tree.Traversable,0m1.092s,0m1.008s
Mathlib.Control.Traversable.Lemmas,0m1.118s,0m1.108s
Mathlib.Algebra.Homology.HasNoLoop,0m1.109s,0m1.099s
Mathlib.Order.SetNotation,0m3.286s,0m3.278s
Mathlib.Tactic.CongrExclamation,0m2.362s,0m2.339s
Mathlib.Tactic.CC.Datatypes,0m2.868s,0m2.971s
Mathlib.Tactic.Sat.FromLRAT,0m1.842s,0m1.944s
Mathlib.Data.Nat.Cast.NeZero,0m1.012s,0m1.004s
Mathlib.Tactic.Explode,0m1.202s,0m1.095s
Mathlib.Data.Int.Cast.Defs,0m1.013s,0m0.973s
Mathlib.Tactic.Linter.TextBased,0m1.594s,0m1.610s
Mathlib.Algebra.GroupWithZero.Nat,0m0.979s,0m1.018s
Mathlib.Algebra.GroupWithZero.NeZero,0m0.980s,0m1.108s
Mathlib.Algebra.GroupWithZero.Regular,0m1.085s,0m1.098s
Mathlib.Tactic.Widget.GCongr,0m1.114s,0m1.101s
Mathlib.Algebra.Group.Commute.Defs,0m1.315s,0m1.270s
Mathlib.Data.Set.Notation,0m1.312s,0m1.208s
Mathlib.Logic.Nontrivial.Basic,0m1.099s,0m1.088s
Mathlib.Data.FunLike.Embedding,0m1.008s,0m1.006s
Mathlib.Algebra.Notation.Prod,0m1.424s,0m1.404s
Mathlib.Algebra.Group.Basic,0m4.831s,0m5.166s
Mathlib.Topology.Defs.Basic,0m1.290s,0m1.322s
Mathlib.Tactic.Convert,0m1.427s,0m1.408s
Mathlib.Algebra.CharZero.Defs,0m1.093s,0m1.108s
Mathlib.Util.AssertNoSorry,0m0.788s,0m0.807s
Mathlib.Tactic.DeriveTraversable,0m2.195s,0m2.142s
Mathlib.Testing.Plausible.Testable,0m0.986s,0m1.019s
Mathlib.Algebra.Ring.Defs,0m1.703s,0m1.691s
Mathlib.Util.FormatTable,0m0.794s,0m0.784s
Mathlib.Util.GetAllModules,0m0.785s,0m0.800s
Mathlib.Util.LongNames,0m0.758s,0m0.781s
Mathlib.Tactic.TermCongr,0m2.576s,0m2.671s
Mathlib.Util.SleepHeartbeats,0m0.785s,0m0.794s
Mathlib.Util.Simp,0m1.012s,0m1.011s
Mathlib.Util.Export,0m1.416s,0m1.421s
Mathlib.Data.FunLike.Equiv,0m0.979s,0m1.106s
Mathlib.Algebra.GroupWithZero.InjSurj,0m1.401s,0m1.431s
Mathlib.Algebra.Group.Hom.Defs,0m3.627s,0m3.571s
Mathlib.Tactic.CC.MkProof,0m3.182s,0m3.196s
Mathlib.Data.Int.Cast.Basic,0m1.311s,0m1.315s
Mathlib.Tactic.Nontriviality.Core,0m1.508s,0m1.524s
Mathlib.Algebra.Group.Semiconj.Basic,0m1.227s,0m1.209s
Mathlib.Data.Nat.PSub,0m1.215s,0m1.198s
Mathlib.Algebra.Group.Torsion,0m1.304s,0m1.306s
Mathlib.Topology.ContinuousMap.Defs,0m1.194s,0m1.335s
Mathlib.Tactic.MoveAdd,0m1.591s,0m1.635s
Mathlib.Algebra.GroupWithZero.Basic,0m1.588s,0m1.593s
Mathlib.Algebra.Group.Units.Defs,0m2.529s,0m2.634s
Mathlib.Data.Int.Basic,0m1.198s,0m1.194s
Mathlib.Logic.Lemmas,0m1.209s,0m1.268s
Mathlib.Data.Nat.Bits,0m1.321s,0m1.269s
Mathlib.Algebra.Ring.Nat,0m1.057s,0m1.066s
Mathlib.Algebra.Ring.Semiconj,0m1.116s,0m1.090s
Mathlib.Algebra.Ring.PUnit,0m0.984s,0m1.009s
Mathlib.Algebra.Ring.Regular,0m1.098s,0m1.198s
Mathlib.Algebra.Ring.MinimalAxioms,0m1.188s,0m1.195s
Mathlib.Logic.Equiv.Pairwise,0m1.020s,0m1.001s
Mathlib.Tactic.CongrM,0m1.215s,0m1.091s
Mathlib.Algebra.Field.Defs,0m1.303s,0m1.304s
Mathlib.Algebra.Group.Commute.Hom,0m1.113s,0m1.103s
Mathlib.Algebra.GroupWithZero.Pi,0m1.113s,0m1.084s
Mathlib.Algebra.Group.Hom.CompTypeclasses,0m1.106s,0m1.121s
Mathlib.Order.Basic,0m3.003s,0m3.028s
Mathlib.Data.Matrix.DMatrix,0m1.220s,0m1.210s
Mathlib.Algebra.Group.Hom.Basic,0m1.979s,0m1.920s
Mathlib.Algebra.Ring.GrindInstances,0m1.310s,0m1.317s
Mathlib.Algebra.Group.Ext,0m1.412s,0m1.501s
Mathlib.Tactic.Nontriviality,0m1.114s,0m1.098s
Mathlib.Logic.Equiv.Defs,0m2.430s,0m2.441s
Mathlib.Algebra.Group.Commute.Basic,0m1.423s,0m1.414s
Mathlib.Algebra.Group.Nat.Units,0m1.029s,0m1.017s
Mathlib.Algebra.Group.Idempotent,0m1.218s,0m1.231s
Mathlib.RingTheory.LocalRing.Defs,0m0.978s,0m1.005s
Mathlib.Algebra.Regular.Basic,0m1.405s,0m1.408s
Mathlib.Algebra.Group.Irreducible.Defs,0m1.114s,0m1.228s
Mathlib.Data.Nat.Size,0m1.211s,0m1.208s
Mathlib.Algebra.Ring.Torsion,0m1.108s,0m1.125s
Mathlib.Tactic.Widget.CongrM,0m1.115s,0m1.104s
Mathlib.Algebra.Field.MinimalAxioms,0m1.121s,0m1.091s
Mathlib.Algebra.Order.ZeroLEOne,0m1.106s,0m1.100s
Mathlib.Tactic.Zify,0m1.310s,0m1.320s
Mathlib.Data.PNat.Defs,0m1.211s,0m1.230s
Mathlib.Algebra.Order.Sum,0m1.111s,0m1.091s
Mathlib.Order.ULift,0m1.110s,0m1.198s
Mathlib.Order.Monotone.Defs,0m1.630s,0m1.519s
Mathlib.Data.List.TakeWhile,0m1.242s,0m1.185s
Mathlib.Order.RelClasses,0m1.730s,0m1.730s
Mathlib.Algebra.Ring.Int.Defs,0m1.314s,0m1.292s
Mathlib.Algebra.GroupWithZero.Hom,0m1.621s,0m1.630s
Mathlib.Algebra.Ring.Ext,0m1.617s,0m1.612s
Mathlib.Algebra.Group.Hom.Instances,0m2.322s,0m2.353s
Mathlib.Control.Traversable.Equiv,0m1.118s,0m1.204s
Mathlib.Tactic.CC.Addition,0m5.879s,0m5.970s
Mathlib.Algebra.Group.TypeTags.Basic,0m2.143s,0m2.046s
Mathlib.Algebra.Group.Units.Basic,0m2.507s,0m2.531s
Mathlib.Tactic.ProdAssoc,0m1.301s,0m1.322s
Mathlib.Algebra.Group.Equiv.Defs,0m2.544s,0m2.632s
Mathlib.Control.Monad.Writer,0m1.217s,0m1.208s
Mathlib.Data.Erased,0m1.124s,0m1.095s
Mathlib.Algebra.Opposites,0m1.618s,0m1.519s
Mathlib.Logic.Small.Defs,0m1.108s,0m1.015s
Mathlib.Control.Monad.Basic,0m0.997s,0m0.991s
Mathlib.Data.Finite.Defs,0m1.109s,0m1.090s
Mathlib.Control.EquivFunctor,0m1.119s,0m1.084s
Mathlib.Order.Synonym,0m1.198s,0m1.183s
Mathlib.Tactic.ProxyType,0m2.091s,0m1.924s
Mathlib.Algebra.GroupWithZero.Idempotent,0m1.188s,0m1.084s
Mathlib.Algebra.Group.Int.Units,0m1.237s,0m1.213s
Mathlib.SetTheory.PGame.Basic,0m2.312s,0m2.217s
Mathlib.Tactic.Common,0m4.069s,0m3.845s
Mathlib.Testing.Plausible.Sampleable,0m1.100s,0m0.963s
Mathlib.Data.PNat.Equiv,0m1.109s,0m0.994s
Mathlib.Logic.Equiv.Prod,0m2.016s,0m1.907s
Mathlib.Data.Int.Cast.Field,0m1.102s,0m1.079s
Mathlib.Data.Int.NatAbs,0m1.210s,0m1.118s
Mathlib.Algebra.EuclideanDomain.Defs,0m1.440s,0m1.274s
Mathlib.Algebra.Ring.Hom.InjSurj,0m1.156s,0m1.089s
Mathlib.Algebra.Order.Monoid.Unbundled.Defs,0m1.822s,0m1.501s
Mathlib.Algebra.Group.Hom.End,0m1.331s,0m1.186s
Mathlib.Algebra.Homology.Embedding.Basic,0m1.753s,0m1.486s
Mathlib.Algebra.Group.Int.TypeTags,0m1.245s,0m1.082s
Mathlib.Algebra.Group.Nat.TypeTags,0m1.093s,0m1.091s
Mathlib.Tactic.CC,0m1.427s,0m1.375s
Mathlib.Algebra.Group.Semiconj.Units,0m1.412s,0m1.273s
Mathlib.Algebra.Group.Pi.Units,0m1.209s,0m1.085s
Mathlib.Algebra.GroupWithZero.Equiv,0m1.209s,0m1.093s
Mathlib.Algebra.Group.ULift,0m1.630s,0m1.494s
Mathlib.Algebra.GroupWithZero.Units.Basic,0m1.934s,0m1.821s
Mathlib.Data.Opposite,0m1.116s,0m1.087s
Mathlib.Logic.UnivLE,0m1.136s,0m0.978s
Mathlib.Algebra.Group.TypeTags.Hom,0m1.533s,0m1.490s
Mathlib.Algebra.Group.Units.Hom,0m1.698s,0m1.697s
Mathlib.Algebra.Ring.Basic,0m1.597s,0m1.490s
Mathlib.Algebra.Regular.Opposite,0m1.227s,0m1.125s
Mathlib.Algebra.Group.Opposite,0m1.749s,0m1.577s
Mathlib.Algebra.Free,0m3.070s,0m2.928s
Mathlib.Control.Monad.Cont,0m2.012s,0m1.830s
Mathlib.Data.Countable.Defs,0m1.115s,0m1.067s
Mathlib.Logic.Equiv.Option,0m1.500s,0m1.478s
Mathlib.Data.Nat.Cast.Synonym,0m1.127s,0m1.088s
Mathlib.Algebra.Group.Action.Defs,0m2.322s,0m2.199s
Mathlib.Order.Compare,0m1.204s,0m1.203s
Mathlib.Algebra.Ring.InjSurj,0m2.953s,0m2.733s
Mathlib.Order.Max,0m1.532s,0m1.383s
Mathlib.Data.Rat.Defs,0m1.542s,0m1.493s
Mathlib.Algebra.Ring.Idempotent,0m1.529s,0m1.372s
Mathlib.Algebra.Order.Group.Synonym,0m2.047s,0m1.975s
Mathlib.Algebra.Field.IsField,0m1.617s,0m1.391s
Mathlib.Algebra.Divisibility.Basic,0m1.507s,0m1.396s
Mathlib.Data.Int.Sqrt,0m1.229s,0m1.200s
Mathlib.Algebra.Group.WithOne.Defs,0m1.514s,0m1.525s
Mathlib.Data.List.Map2,0m1.396s,0m1.313s
Mathlib.Control.Bifunctor,0m1.396s,0m1.332s
Mathlib.Data.Vector.Defs,0m1.423s,0m1.434s
Mathlib.Data.Nat.Factorial.Basic,0m2.141s,0m1.996s
Mathlib.Algebra.Quotient,0m1.224s,0m1.198s
Mathlib.Data.Stream.Init,0m1.937s,0m1.908s
Mathlib.Data.List.TakeDrop,0m1.828s,0m1.616s
Mathlib.Data.List.Count,0m1.329s,0m1.209s
Mathlib.Algebra.GroupWithZero.ULift,0m1.229s,0m1.207s
Mathlib.Algebra.GroupWithZero.Semiconj,0m1.209s,0m1.204s
Mathlib.Algebra.Group.Commute.Units,0m1.611s,0m1.527s
Mathlib.Algebra.EuclideanDomain.Field,0m1.628s,0m1.632s
Mathlib.Logic.Equiv.Sum,0m1.596s,0m1.619s
Mathlib.Algebra.Order.GroupWithZero.Unbundled.Defs,0m1.732s,0m1.635s
Mathlib.Data.Set.Opposite,0m1.214s,0m1.194s
Mathlib.Algebra.Group.Nat.Hom,0m1.303s,0m1.319s
Mathlib.Combinatorics.Quiver.Basic,0m1.198s,0m1.194s
Mathlib.Algebra.Group.Units.Opposite,0m1.240s,0m1.329s
Mathlib.Algebra.Group.Equiv.TypeTags,0m1.844s,0m1.942s
Mathlib.Algebra.GroupWithZero.Opposite,0m1.316s,0m1.221s
Mathlib.GroupTheory.GroupAction.IterateAct,0m1.207s,0m1.077s
Mathlib.Algebra.Ring.Hom.Defs,0m2.408s,0m2.293s
Mathlib.Algebra.Group.Action.TypeTags,0m1.208s,0m1.200s
Mathlib.Data.List.Basic,0m5.760s,0m4.991s
Mathlib.Algebra.AddTorsor.Defs,0m1.338s,0m1.300s
Mathlib.Algebra.Group.Action.Faithful,0m1.333s,0m1.189s
Mathlib.Algebra.Group.Action.Opposite,0m1.624s,0m1.600s
Mathlib.Order.SetIsMax,0m1.123s,0m0.987s
Mathlib.Algebra.Group.Prod,0m3.165s,0m3.006s
Mathlib.Order.Monotone.Basic,0m1.828s,0m1.704s
Mathlib.Algebra.Ring.Rat,0m1.302s,0m1.286s
Mathlib.Algebra.Order.GroupWithZero.Synonym,0m1.134s,0m0.982s
Mathlib.Algebra.Order.Group.Action.Synonym,0m1.224s,0m1.169s
Mathlib.Algebra.Order.Group.Equiv,0m1.127s,0m1.076s
Mathlib.Order.BoundedOrder.Basic,0m1.744s,0m1.733s
Mathlib.Data.Ordmap.Ordnode,0m2.154s,0m2.000s
Mathlib.Algebra.Order.Monoid.Unbundled.OrderDual,0m1.211s,0m1.196s
Mathlib.Algebra.Order.Ring.Synonym,0m1.129s,0m1.120s
Mathlib.Algebra.Divisibility.Hom,0m1.185s,0m1.219s
Mathlib.Algebra.Divisibility.Units,0m1.375s,0m1.418s
Mathlib.Algebra.Group.WithOne.Basic,0m1.719s,0m1.588s
Mathlib.Algebra.Group.WithOne.Map,0m1.338s,0m1.275s
Mathlib.Control.Bitraversable.Basic,0m1.234s,0m1.200s
Mathlib.Logic.Equiv.Functor,0m1.214s,0m1.172s
Mathlib.Algebra.GroupWithZero.Commute,0m1.232s,0m1.082s
Mathlib.Algebra.Group.Invertible.Basic,0m1.419s,0m1.298s
Mathlib.Data.Int.GCD,0m1.636s,0m1.589s
Mathlib.Data.Nat.Choose.Basic,0m1.719s,0m1.703s
Mathlib.Algebra.GroupWithZero.WithZero,0m2.541s,0m2.420s
Mathlib.Data.Seq.Computation,0m2.124s,0m2.114s
Mathlib.Combinatorics.Quiver.Subquiver,0m1.112s,0m1.078s
Mathlib.Combinatorics.Quiver.Prefunctor,0m1.310s,0m1.200s
Mathlib.Algebra.Group.Action.Pretransitive,0m1.313s,0m1.189s
Mathlib.LinearAlgebra.AffineSpace.Defs,0m1.010s,0m1.072s
Mathlib.Algebra.Ring.Units,0m1.413s,0m1.411s
Mathlib.CategoryTheory.Category.Basic,0m2.135s,0m2.031s
Mathlib.Data.List.ProdSigma,0m1.342s,0m1.202s
Mathlib.Data.List.Enum,0m1.230s,0m1.180s
Mathlib.Data.List.SplitOn,0m1.307s,0m1.317s
Mathlib.Logic.Equiv.Basic,0m2.951s,0m2.834s
Mathlib.Data.List.ReduceOption,0m1.318s,0m1.330s
Mathlib.Data.List.Lex,0m1.425s,0m1.424s
Mathlib.Data.List.Induction,0m1.533s,0m1.420s
Mathlib.Algebra.GroupWithZero.Action.Faithful,0m1.127s,0m1.076s
Mathlib.Data.List.Perm.Subperm,0m1.224s,0m1.191s
Mathlib.Data.List.InsertIdx,0m1.315s,0m1.322s
Mathlib.Data.List.Lattice,0m1.814s,0m1.589s
Mathlib.Algebra.Group.Action.Sum,0m1.316s,0m1.227s
Mathlib.Data.List.Forall2,0m1.721s,0m1.491s
Mathlib.Algebra.Group.Action.Option,0m1.246s,0m1.167s
Mathlib.Algebra.Group.Action.Sigma,0m1.318s,0m1.209s
Mathlib.Algebra.Group.Action.Units,0m1.410s,0m1.395s
Mathlib.Data.Nat.Cast.Prod,0m1.222s,0m1.074s
Mathlib.Algebra.Divisibility.Prod,0m1.210s,0m1.223s
Mathlib.Order.Iterate,0m1.315s,0m1.289s
Mathlib.Order.Nat,0m1.122s,0m1.067s
Mathlib.Algebra.GroupWithZero.Action.Defs,0m1.812s,0m1.688s
Mathlib.Order.BoundedOrder.Monotone,0m1.216s,0m1.181s
Mathlib.Order.GaloisConnection.Defs,0m1.525s,0m1.364s
Mathlib.Algebra.GroupWithZero.Divisibility,0m1.318s,0m1.293s
Mathlib.Algebra.GroupWithZero.Units.Lemmas,0m1.293s,0m1.192s
Mathlib.Control.Bitraversable.Lemmas,0m1.314s,0m1.194s
Mathlib.Data.Nat.Log,0m2.045s,0m1.888s
Mathlib.Order.Lattice,0m2.621s,0m2.395s
Mathlib.Algebra.GroupWithZero.Invertible,0m1.224s,0m1.161s
Mathlib.Algebra.GroupWithZero.Prod,0m1.339s,0m1.266s
Mathlib.Algebra.GroupWithZero.Int,0m1.208s,0m1.186s
Mathlib.Algebra.Ring.WithZero,0m1.310s,0m1.179s
Mathlib.Combinatorics.Quiver.Push,0m1.103s,0m1.055s
Mathlib.Algebra.Group.Action.Hom,0m1.334s,0m1.286s
Mathlib.Tactic.Widget.CommDiag,0m1.391s,0m1.300s
Mathlib.Data.Seq.Defs,0m1.699s,0m1.682s
Mathlib.Combinatorics.Quiver.Path,0m1.495s,0m1.499s
Mathlib.Tactic.CategoryTheory.Coherence.Basic,0m1.414s,0m1.383s
Mathlib.CategoryTheory.Category.KleisliCat,0m1.216s,0m1.179s
Mathlib.Algebra.Order.GroupWithZero.Unbundled.Basic,0m3.810s,0m3.710s
Mathlib.Algebra.Ring.Int.Units,0m1.077s,0m1.145s
Mathlib.Tactic.CategoryTheory.CheckCompositions,0m1.301s,0m1.285s
Mathlib.Tactic.CategoryTheory.Slice,0m1.310s,0m1.296s
Mathlib.Control.ULiftable,0m1.271s,0m1.273s
Mathlib.Logic.Equiv.Bool,0m1.093s,0m1.085s
Mathlib.Algebra.Ring.Commute,0m1.481s,0m1.487s
Mathlib.Data.ULift,0m1.198s,0m1.196s
Mathlib.Data.List.Palindrome,0m1.217s,0m1.200s
Mathlib.Algebra.Group.Equiv.Basic,0m1.917s,0m1.905s
Mathlib.Logic.Embedding.Basic,0m1.599s,0m1.583s
Mathlib.Data.List.Infix,0m1.597s,0m1.500s
Mathlib.Data.List.InsertNth,0m1.170s,0m1.096s
Mathlib.Data.List.DropRight,0m1.289s,0m1.274s
Mathlib.Data.List.Sections,0m1.196s,0m1.174s
Mathlib.Data.List.Zip,0m1.284s,0m1.283s
Mathlib.Data.Multiset.Defs,0m1.510s,0m1.481s
Mathlib.Data.Int.Cast.Prod,0m1.199s,0m1.082s
Mathlib.Data.List.Perm.Basic,0m1.617s,0m1.596s
Mathlib.Algebra.GroupWithZero.Action.Opposite,0m1.211s,0m1.071s
Mathlib.Algebra.GroupWithZero.Action.Units,0m1.320s,0m1.303s
Mathlib.Algebra.Ring.Action.Rat,0m1.234s,0m1.077s
Mathlib.GroupTheory.GroupAction.Ring,0m1.204s,0m1.163s
Mathlib.Data.List.Nodup,0m2.121s,0m2.025s
Mathlib.Algebra.Regular.SMul,0m1.416s,0m1.402s
Mathlib.Algebra.Order.GroupWithZero.Action.Synonym,0m1.204s,0m1.300s
Mathlib.Algebra.NoZeroSMulDivisors.Defs,0m1.333s,0m1.302s
Mathlib.Algebra.GroupWithZero.Action.Hom,0m1.287s,0m1.306s
Mathlib.Data.List.Chain,0m2.638s,0m2.653s
Mathlib.Algebra.Prime.Defs,0m1.304s,0m1.312s
Mathlib.Algebra.Module.Defs,0m1.505s,0m1.460s
Mathlib.Data.Nat.GCD.Basic,0m1.730s,0m1.750s
Mathlib.Algebra.GroupWithZero.ProdHom,0m1.507s,0m1.536s
Mathlib.Control.Bitraversable.Instances,0m1.388s,0m1.426s
Mathlib.Order.BoundedOrder.Lattice,0m1.278s,0m1.323s
Mathlib.Data.List.Intervals,0m1.372s,0m1.397s
Mathlib.Data.Sigma.Order,0m1.498s,0m1.585s
Mathlib.Order.Monotone.Monovary,0m1.511s,0m1.575s
Mathlib.Data.Prod.Lex,0m1.923s,0m2.048s
Mathlib.Data.PSigma.Order,0m1.387s,0m1.498s
Mathlib.Tactic.Order.CollectFacts,0m2.801s,0m2.922s
Mathlib.Order.MinMax,0m1.313s,0m1.407s
Mathlib.Data.Fin.Basic,0m2.954s,0m2.851s
Mathlib.Algebra.Group.Action.Prod,0m1.693s,0m1.647s
Mathlib.Algebra.Ring.Invertible,0m1.503s,0m1.531s
Mathlib.Combinatorics.Quiver.Cast,0m1.084s,0m1.097s
Mathlib.Algebra.ContinuedFractions.Basic,0m1.282s,0m1.295s
Mathlib.Combinatorics.Quiver.Symmetric,0m1.300s,0m1.284s
Mathlib.Tactic.NormNum.Result,0m2.028s,0m1.998s
Mathlib.Deprecated.Order,0m1.109s,0m1.082s
Mathlib.Algebra.Order.BigOperators.GroupWithZero.List,0m1.295s,0m1.185s
Mathlib.Algebra.Order.GroupWithZero.Unbundled,0m1.093s,0m1.083s
Mathlib.Data.Nat.Cast.Commute,0m1.200s,0m1.182s
Mathlib.CategoryTheory.Functor.Basic,0m1.488s,0m1.387s
Mathlib.SetTheory.Cardinal.Defs,0m1.500s,0m1.384s
Mathlib.Algebra.Ring.Divisibility.Basic,0m1.499s,0m1.462s
Mathlib.Algebra.Group.Units.Equiv,0m1.565s,0m1.501s
Mathlib.Algebra.Group.Embedding,0m1.111s,0m1.076s
Mathlib.Algebra.Group.Equiv.Opposite,0m1.807s,0m1.615s
Mathlib.Algebra.Group.Action.Basic,0m1.508s,0m1.497s
Mathlib.Data.Multiset.Pairwise,0m1.207s,0m1.233s
Mathlib.Order.WithBot,0m5.302s,0m5.213s
Mathlib.Algebra.GroupWithZero.Action.End,0m1.175s,0m1.209s
Mathlib.Algebra.Regular.ULift,0m1.184s,0m1.197s
Mathlib.Algebra.Regular.Prod,0m1.189s,0m1.209s
Mathlib.Algebra.Regular.Pi,0m1.203s,0m1.180s
Mathlib.Data.Multiset.ZeroCons,0m1.820s,0m1.692s
Mathlib.Order.RelIso.Basic,0m2.219s,0m2.181s
Mathlib.Data.List.Perm.Lattice,0m1.406s,0m1.403s
Mathlib.Data.List.NatAntidiagonal,0m1.300s,0m1.192s
Mathlib.Data.List.Duplicate,0m1.198s,0m1.284s
Mathlib.Algebra.BigOperators.Group.List.Basic,0m2.714s,0m2.721s
Mathlib.Algebra.NoZeroSMulDivisors.Prod,0m1.117s,0m1.060s
Mathlib.Data.List.Dedup,0m1.306s,0m1.290s
Mathlib.Data.List.Rotate,0m1.713s,0m1.700s
Mathlib.Data.List.Sigma,0m2.533s,0m2.504s
Mathlib.Data.List.Range,0m1.202s,0m1.183s
Mathlib.Data.List.SplitBy,0m1.302s,0m1.279s
Mathlib.Data.Nat.Prime.Defs,0m1.571s,0m1.573s
Mathlib.Algebra.Module.MinimalAxioms,0m1.080s,0m1.059s
Mathlib.Algebra.Order.Module.Synonym,0m1.182s,0m1.239s
Mathlib.Tactic.Order.Graph.Basic,0m1.203s,0m1.174s
Mathlib.Data.List.SplitLengths,0m1.169s,0m1.164s
Mathlib.Tactic.Order.ToInt,0m1.532s,0m1.510s
Mathlib.Tactic.Order.Preprocessing,0m1.475s,0m1.491s
Mathlib.Order.Disjoint,0m1.987s,0m1.995s
Mathlib.Combinatorics.Quiver.SingleObj,0m1.172s,0m1.077s
Mathlib.Combinatorics.Quiver.ConnectedComponent,0m1.064s,0m1.066s
Mathlib.Combinatorics.Quiver.Covering,0m1.412s,0m1.468s
Mathlib.CategoryTheory.Functor.Functorial,0m1.199s,0m1.208s
Mathlib.Algebra.Field.Basic,0m2.218s,0m2.205s
Mathlib.Tactic.CategoryTheory.Reassoc,0m1.370s,0m1.294s
Mathlib.Algebra.Field.Equiv,0m1.201s,0m1.207s
Mathlib.Tactic.NormNum.Core,0m2.026s,0m1.895s
Mathlib.Algebra.GroupWithZero.Units.Equiv,0m1.181s,0m1.187s
Mathlib.Algebra.EuclideanDomain.Basic,0m1.807s,0m1.796s
Mathlib.Algebra.Order.Monoid.Unbundled.Basic,0m3.436s,0m3.407s
Mathlib.Algebra.Ring.Action.Basic,0m1.189s,0m1.205s
Mathlib.Algebra.Group.Even,0m1.701s,0m1.692s
Mathlib.Algebra.Module.RingHom,0m1.287s,0m1.298s
Mathlib.Algebra.GroupWithZero.Action.Prod,0m1.406s,0m1.293s
Mathlib.Data.List.MinMax,0m1.895s,0m1.899s
Mathlib.Algebra.Order.Group.End,0m1.185s,0m1.190s
Mathlib.Data.Multiset.Basic,0m1.300s,0m1.302s
Mathlib.Algebra.Ring.Opposite,0m2.227s,0m2.102s
Mathlib.Data.Multiset.Count,0m1.396s,0m1.394s
Mathlib.Algebra.BigOperators.Ring.List,0m1.302s,0m1.298s
Mathlib.Algebra.BigOperators.Group.List.Lemmas,0m1.492s,0m1.475s
Mathlib.Data.Nat.GCD.Prime,0m1.208s,0m1.177s
Mathlib.Tactic.Order.Graph.Tarjan,0m1.204s,0m1.194s
Mathlib.Data.List.Destutter,0m2.048s,0m1.784s
Mathlib.Data.List.AList,0m1.570s,0m1.570s
Mathlib.Order.PropInstances,0m1.100s,0m1.079s
Mathlib.Algebra.FreeMonoid.Basic,0m2.534s,0m2.407s
Mathlib.CategoryTheory.NatTrans,0m1.305s,0m1.300s
Mathlib.Algebra.Order.Monoid.Unbundled.Units,0m1.289s,0m1.187s
Mathlib.Algebra.Order.Monoid.Unbundled.MinMax,0m1.416s,0m1.377s
Mathlib.Algebra.Order.Sub.Defs,0m1.489s,0m1.388s
Mathlib.Algebra.Order.Monoid.NatCast,0m1.194s,0m1.204s
Mathlib.Algebra.Order.Monoid.Unbundled.ExistsOfLE,0m1.302s,0m1.287s
Mathlib.CategoryTheory.Iso,0m2.213s,0m2.131s
Mathlib.Algebra.Order.Monoid.Defs,0m1.486s,0m1.283s
Mathlib.Algebra.Module.PUnit,0m1.304s,0m1.178s
Mathlib.Algebra.Ring.Action.Field,0m1.084s,0m1.061s
Mathlib.Algebra.Order.Monoid.Unbundled.Pow,0m2.028s,0m1.893s
Mathlib.Data.Nat.Cast.Basic,0m1.391s,0m1.367s
Mathlib.Algebra.Module.Prod,0m1.074s,0m1.084s
Mathlib.Algebra.Group.Irreducible.Lemmas,0m1.270s,0m1.259s
Mathlib.Algebra.Order.Group.Action.End,0m1.196s,0m1.079s
Mathlib.Order.Hom.Basic,0m3.443s,0m3.402s
Mathlib.Algebra.Module.Opposite,0m1.090s,0m1.077s
Mathlib.Algebra.Group.Nat.Even,0m1.708s,0m1.494s
Mathlib.Data.Multiset.AddSub,0m1.580s,0m1.606s
Mathlib.Algebra.FreeMonoid.Count,0m1.401s,0m1.299s
Mathlib.Algebra.Order.Sub.Prod,0m1.224s,0m1.095s
Mathlib.Tactic.Order,0m2.162s,0m2.093s
Mathlib.Data.Set.Basic,0m2.306s,0m2.265s
Mathlib.Algebra.Order.Sub.Unbundled.Basic,0m1.389s,0m1.478s
Mathlib.Algebra.Order.Monoid.Unbundled.TypeTags,0m1.287s,0m1.272s
Mathlib.Algebra.Order.Group.Unbundled.Basic,0m3.221s,0m3.215s
Mathlib.CategoryTheory.ObjectProperty.Basic,0m1.308s,0m1.282s
Mathlib.CategoryTheory.HomCongr,0m1.282s,0m1.283s
Mathlib.Order.Heyting.Basic,0m3.221s,0m3.262s
Mathlib.Algebra.Order.Monoid.OrderDual,0m1.068s,0m1.094s
Mathlib.Tactic.CategoryTheory.IsoReassoc,0m1.169s,0m1.183s
Mathlib.Algebra.Order.AddTorsor,0m1.297s,0m1.297s
Mathlib.Algebra.Order.Group.Opposite,0m1.294s,0m1.265s
Mathlib.Algebra.Order.Monoid.Unbundled.WithTop,0m2.898s,0m2.808s
Mathlib.CategoryTheory.Functor.Category,0m2.493s,0m2.542s
Mathlib.Algebra.Order.Group.Int,0m1.068s,0m1.087s
Mathlib.GroupTheory.GroupAction.Hom,0m6.393s,0m6.362s
Mathlib.Algebra.Group.NatPowAssoc,0m1.404s,0m1.380s
Mathlib.Algebra.CharZero.AddMonoidHom,0m1.211s,0m1.190s
Mathlib.Data.Nat.Cast.Field,0m1.187s,0m1.273s
Mathlib.Algebra.Order.Monoid.Canonical.Defs,0m1.695s,0m1.672s
Mathlib.Data.Nat.Factorial.Cast,0m1.230s,0m1.193s
Mathlib.Algebra.Order.Monoid.Basic,0m1.279s,0m1.288s
Mathlib.Algebra.Prime.Lemmas,0m1.385s,0m1.396s
Mathlib.Algebra.Order.GroupWithZero.Unbundled.OrderIso,0m1.273s,0m1.285s
Mathlib.Order.Prod.Lex.Hom,0m1.095s,0m1.096s
Mathlib.Algebra.CharP.Defs,0m1.695s,0m1.600s
Mathlib.Data.Nat.Cast.Order.Basic,0m1.605s,0m1.571s
Mathlib.Algebra.Order.Monoid.Units,0m1.261s,0m1.296s
Mathlib.Tactic.ApplyFun,0m1.514s,0m1.619s
Mathlib.Order.Antisymmetrization,0m1.576s,0m1.589s
Mathlib.Data.Multiset.Replicate,0m1.307s,0m1.301s
Mathlib.Algebra.Group.Int.Even,0m1.613s,0m1.489s
Mathlib.Tactic.NormNum.Basic,0m3.671s,0m3.547s
Mathlib.Order.Hom.Bounded,0m2.293s,0m2.196s
Mathlib.Order.Circular,0m1.493s,0m1.500s
Mathlib.Data.Nat.Order.Lemmas,0m1.058s,0m1.068s
Mathlib.Order.Hom.Lattice,0m2.427s,0m2.308s
Mathlib.Data.Bundle,0m1.293s,0m1.296s
Mathlib.Data.Set.Inclusion,0m1.183s,0m1.069s
Mathlib.Data.SetLike.Basic,0m1.272s,0m1.386s
Mathlib.Data.PEquiv,0m1.492s,0m1.586s
Mathlib.Data.Set.Order,0m1.296s,0m1.384s
Mathlib.Algebra.Group.Center,0m1.895s,0m1.908s
Mathlib.Algebra.Order.Sub.Unbundled.Hom,0m1.170s,0m1.168s
Mathlib.Data.Set.Disjoint,0m1.297s,0m1.305s
Mathlib.Algebra.Group.End,0m2.615s,0m2.593s
Mathlib.Algebra.Order.Group.OrderIso,0m1.384s,0m1.394s
Mathlib.Data.Int.Range,0m1.089s,0m1.078s
Mathlib.Algebra.Order.Group.Basic,0m1.483s,0m1.516s
Mathlib.CategoryTheory.ObjectProperty.ClosedUnderIsomorphisms,0m1.180s,0m1.179s
Mathlib.Algebra.Order.Group.Defs,0m1.408s,0m1.382s
Mathlib.Order.BooleanAlgebra.Defs,0m1.279s,0m1.287s
Mathlib.Deprecated.Estimator,0m1.575s,0m1.579s
Mathlib.Data.Nat.Cast.WithTop,0m1.086s,0m1.091s
Mathlib.Algebra.Order.Sub.WithTop,0m1.190s,0m1.180s
Mathlib.CategoryTheory.Thin,0m1.280s,0m1.276s
Mathlib.Algebra.Order.Ring.Unbundled.Basic,0m3.112s,0m3.210s
Mathlib.Algebra.Order.Monoid.WithTop,0m1.183s,0m1.192s
Mathlib.Algebra.Order.Monoid.TypeTags,0m1.080s,0m1.203s
Mathlib.Data.Sum.Order,0m3.151s,0m2.999s
Mathlib.Algebra.Order.Sub.Basic,0m1.367s,0m1.413s
Mathlib.Algebra.Order.Group.Nat,0m1.072s,0m1.085s
Mathlib.Algebra.Order.Monoid.Prod,0m1.269s,0m1.281s
Mathlib.CategoryTheory.NatIso,0m2.625s,0m2.658s
Mathlib.Algebra.Order.Hom.Monoid,0m3.159s,0m3.232s
Mathlib.Algebra.Order.Group.InjSurj,0m1.097s,0m1.086s
Mathlib.Data.Nat.Choose.Cast,0m1.198s,0m1.204s
Mathlib.Algebra.Order.GroupWithZero.Unbundled.Lemmas,0m1.079s,0m1.081s
Mathlib.Algebra.Order.BigOperators.Group.List,0m1.808s,0m1.864s
Mathlib.Algebra.Order.Group.Units,0m1.088s,0m1.073s
Mathlib.Order.Comparable,0m1.300s,0m1.279s
Mathlib.Algebra.Order.Nonneg.Basic,0m1.987s,0m1.971s
Mathlib.Algebra.GroupWithZero.Associated,0m2.188s,0m2.219s
Mathlib.Algebra.Ring.Centralizer,0m1.068s,0m1.075s
Mathlib.Algebra.Group.Subsemigroup.Defs,0m1.597s,0m1.705s
Mathlib.Algebra.GroupWithZero.Center,0m1.182s,0m1.180s
Mathlib.CategoryTheory.Functor.Trifunctor,0m5.621s,0m5.029s
Mathlib.Data.Int.LeastGreatest,0m1.198s,0m1.208s
Mathlib.Algebra.Order.Group.Lattice,0m1.367s,0m1.401s
Mathlib.Algebra.Group.Action.End,0m1.408s,0m1.389s
Mathlib.Algebra.Order.Group.Instances,0m1.089s,0m1.066s
Mathlib.Algebra.Group.Conj,0m1.363s,0m1.398s
Mathlib.Tactic.Abel,0m3.065s,0m2.986s
Mathlib.Algebra.Ring.Parity,0m2.907s,0m2.594s
Mathlib.Data.Set.Insert,0m2.301s,0m2.313s
Mathlib.Algebra.Order.Group.DenselyOrdered,0m1.502s,0m1.614s
Mathlib.Data.Nat.WithBot,0m1.091s,0m1.186s
Mathlib.Algebra.Order.Group.TypeTags,0m1.062s,0m1.092s
Mathlib.Algebra.Order.Ring.Defs,0m1.498s,0m1.488s
Mathlib.Algebra.Order.AddGroupWithTop,0m1.511s,0m1.497s
Mathlib.Algebra.Order.Ring.Idempotent,0m2.026s,0m2.142s
Mathlib.Data.Nat.Upto,0m1.072s,0m1.086s
Mathlib.Data.Sum.Lattice,0m1.723s,0m1.771s
Mathlib.Order.BooleanAlgebra.Basic,0m2.651s,0m2.539s
Mathlib.Algebra.Order.Group.Prod,0m1.088s,0m1.078s
Mathlib.Data.String.Basic,0m4.130s,0m4.152s
Mathlib.Combinatorics.Quiver.Path.Decomposition,0m1.216s,0m1.174s
Mathlib.Algebra.Order.Hom.Units,0m1.166s,0m1.062s
Mathlib.Algebra.Order.Hom.TypeTags,0m1.474s,0m1.491s
Mathlib.Algebra.Order.Monoid.Lex,0m1.600s,0m1.504s
Mathlib.Algebra.Order.Monoid.Associated,0m1.183s,0m1.197s
Mathlib.Data.List.Prime,0m1.288s,0m1.269s
Mathlib.SetTheory.Lists,0m2.334s,0m2.337s
Mathlib.CategoryTheory.Functor.FullyFaithful,0m1.812s,0m1.789s
Mathlib.Algebra.Ring.Associated,0m1.212s,0m1.180s
Mathlib.GroupTheory.Subsemigroup.Center,0m1.176s,0m1.163s
Mathlib.Data.Int.Associated,0m1.209s,0m1.203s
Mathlib.Algebra.GroupWithZero.Conj,0m1.176s,0m1.169s
Mathlib.Algebra.GroupWithZero.Action.Basic,0m1.360s,0m1.382s
Mathlib.Tactic.NoncommRing,0m1.410s,0m1.490s
Mathlib.Algebra.Ring.Associator,0m1.488s,0m1.554s
Mathlib.Data.Nat.Prime.Basic,0m1.588s,0m1.597s
Mathlib.Algebra.CharP.Invertible,0m1.386s,0m1.378s
Mathlib.Algebra.Order.Group.Unbundled.Abs,0m2.292s,0m2.300s
Mathlib.Data.Bool.Count,0m1.690s,0m1.677s
Mathlib.Data.Nat.EvenOddRec,0m1.154s,0m1.194s
Mathlib.CategoryTheory.Bicategory.Basic,0m3.995s,0m3.878s
Mathlib.Data.Int.Cast.Lemmas,0m1.801s,0m1.806s
Mathlib.Deprecated.RingHom,0m1.158s,0m1.174s
Mathlib.Combinatorics.Quiver.Path.Vertices,0m1.495s,0m1.507s
Mathlib.Data.Nat.Bitwise,0m2.312s,0m2.209s
Mathlib.Logic.Function.FiberPartition,0m1.192s,0m1.097s
Mathlib.Data.Set.Enumerate,0m1.323s,0m1.279s
Mathlib.Data.Bool.Set,0m1.070s,0m1.074s
Mathlib.Algebra.Ring.Int.Parity,0m2.100s,0m1.710s
Mathlib.Algebra.Order.Ring.InjSurj,0m1.169s,0m1.163s
Mathlib.Algebra.Group.Submonoid.Defs,0m2.015s,0m2.000s
Mathlib.Data.Set.Subsingleton,0m1.419s,0m1.403s
Mathlib.Algebra.Order.Ring.Opposite,0m1.081s,0m1.074s
Mathlib.Algebra.Order.Ring.Canonical,0m1.490s,0m1.376s
Mathlib.Algebra.Order.Field.Defs,0m1.102s,0m1.087s
Mathlib.Combinatorics.Quiver.Path.Weight,0m1.412s,0m1.413s
Mathlib.Algebra.Order.Ring.Basic,0m1.700s,0m1.705s
Mathlib.Data.Nat.Choose.Bounds,0m1.481s,0m1.496s
Mathlib.Algebra.Order.Positive.Ring,0m1.503s,0m1.482s
Mathlib.Algebra.Order.PUnit,0m1.080s,0m1.089s
Mathlib.Order.BooleanAlgebra,0m1.087s,0m1.094s
Mathlib.Tactic.CancelDenoms.Core,0m2.203s,0m2.120s
Mathlib.Order.Heyting.Boundary,0m1.282s,0m1.278s
Mathlib.Algebra.Tropical.Basic,0m1.692s,0m1.782s
Mathlib.Order.BooleanAlgebra.Set,0m2.131s,0m2.213s
Mathlib.CategoryTheory.FullSubcategory,0m1.092s,0m1.094s
Mathlib.CategoryTheory.InducedCategory,0m1.171s,0m1.282s
Mathlib.Algebra.Order.GroupWithZero.Canonical,0m2.907s,0m3.035s
Mathlib.Order.Booleanisation,0m2.112s,0m2.089s
Mathlib.Algebra.Ring.AddAut,0m1.283s,0m1.190s
Mathlib.Order.SymmDiff,0m1.979s,0m2.112s
Mathlib.Data.Nat.Prime.Pow,0m1.156s,0m1.175s
Mathlib.Tactic.NormNum.Prime,0m1.598s,0m1.604s
Mathlib.Data.Nat.Prime.Factorial,0m1.212s,0m1.177s
Mathlib.Data.Nat.Prime.Int,0m1.174s,0m1.180s
Mathlib.Algebra.NonAssoc.PreLie.Basic,0m1.882s,0m1.938s
Mathlib.Data.Int.NatPrime,0m1.165s,0m1.189s
Mathlib.Algebra.Order.Group.Unbundled.Int,0m1.403s,0m1.277s
Mathlib.Tactic.CategoryTheory.BicategoricalComp,0m1.390s,0m1.390s
Mathlib.Algebra.Ring.Center,0m1.287s,0m1.386s
Mathlib.Algebra.Order.Group.PosPart,0m2.086s,0m2.188s
Mathlib.Algebra.Order.Group.Abs,0m2.319s,0m2.210s
Mathlib.Algebra.Field.Opposite,0m1.496s,0m1.500s
Mathlib.Algebra.Module.NatInt,0m1.591s,0m1.690s
Mathlib.Algebra.Ring.Hom.Basic,0m1.056s,0m1.195s
Mathlib.Algebra.Field.Power,0m1.183s,0m1.174s
Mathlib.Data.Int.Bitwise,0m1.876s,0m1.883s
Mathlib.Algebra.GCDMonoid.Basic,0m4.600s,0m4.755s
Mathlib.Tactic.NormNum.Pow,0m2.284s,0m2.230s
Mathlib.Data.Rat.Lemmas,0m1.575s,0m1.597s
Mathlib.Tactic.NormNum.Parity,0m1.429s,0m1.478s
Mathlib.Algebra.GroupWithZero.Submonoid.CancelMulZero,0m1.073s,0m1.077s
Mathlib.Algebra.Order.Monoid.Submonoid,0m1.163s,0m1.174s
Mathlib.Algebra.Order.GroupWithZero.Submonoid,0m1.079s,0m1.073s
Mathlib.Algebra.GroupWithZero.Submonoid.Primal,0m1.102s,0m1.177s
Mathlib.RingTheory.NonUnitalSubsemiring.Defs,0m1.725s,0m1.827s
Mathlib.GroupTheory.OreLocalization.OreSet,0m1.283s,0m1.287s
Mathlib.Algebra.Order.Field.InjSurj,0m1.098s,0m1.078s
Mathlib.Algebra.Group.Submonoid.MulAction,0m1.267s,0m1.422s
Mathlib.Algebra.Order.BigOperators.Ring.List,0m1.187s,0m1.308s
Mathlib.Algebra.Order.Positive.Field,0m1.178s,0m1.295s
Mathlib.Data.Nat.Dist,0m1.667s,0m1.496s
Mathlib.Data.Part,0m2.215s,0m2.298s
Mathlib.Data.Set.BoolIndicator,0m1.195s,0m1.186s
Mathlib.Algebra.Group.Subgroup.Defs,0m3.030s,0m3.756s
Mathlib.Algebra.Order.Ring.Nat,0m1.194s,0m1.456s
Mathlib.CategoryTheory.Whiskering,0m8.414s,0m8.739s
Mathlib.Algebra.Order.Ring.WithTop,0m2.917s,0m3.658s
Mathlib.CategoryTheory.ObjectProperty.FullSubcategory,0m1.281s,0m1.398s
Mathlib.Order.Filter.Defs,0m1.998s,0m2.126s
Mathlib.Algebra.Order.Field.Canonical,0m1.286s,0m1.423s
Mathlib.Order.Interval.Set.Basic,0m2.193s,0m2.313s
Mathlib.Data.Set.SymmDiff,0m1.077s,0m1.096s
Mathlib.Algebra.Order.Monoid.ToMulBot,0m1.178s,0m1.301s
Mathlib.Data.Nat.Choose.Dvd,0m1.174s,0m1.194s
Mathlib.Algebra.Order.GroupWithZero.WithZero,0m1.401s,0m1.503s
Mathlib.Algebra.EuclideanDomain.Int,0m1.068s,0m1.100s
Mathlib.Algebra.Order.Hom.MonoidWithZero,0m1.989s,0m2.103s
Mathlib.Algebra.Order.Ring.Int,0m1.485s,0m1.653s
Mathlib.Algebra.Order.Ring.Unbundled.Rat,0m2.224s,0m2.375s
Mathlib.Algebra.Module.End,0m1.277s,0m1.341s
Mathlib.Data.Nat.ModEq,0m1.826s,0m2.010s
Mathlib.Algebra.Order.Group.MinMax,0m1.374s,0m1.399s
Mathlib.Order.Hom.BoundedLattice,0m2.801s,0m2.869s
Mathlib.Tactic.CategoryTheory.Bicategory.Datatypes,0m2.948s,0m3.067s
Mathlib.Algebra.Order.Hom.Basic,0m1.595s,0m1.709s
Mathlib.Algebra.GCDMonoid.PUnit,0m1.192s,0m1.181s
Mathlib.Algebra.Module.Torsion.Free,0m1.387s,0m1.401s
Mathlib.Algebra.GCDMonoid.Nat,0m1.400s,0m1.490s
Mathlib.RingTheory.OreLocalization.OreSet,0m1.207s,0m1.203s
Mathlib.Tactic.NormNum.PowMod,0m1.379s,0m1.385s
Mathlib.Algebra.Group.Submonoid.DistribMulAction,0m1.086s,0m1.196s
Mathlib.Tactic.FieldSimp.Lemmas,0m2.080s,0m2.111s
Mathlib.Control.Fix,0m1.179s,0m1.191s
Mathlib.Order.Part,0m1.177s,0m1.206s
Mathlib.Algebra.Ring.Subsemiring.Defs,0m1.887s,0m1.904s
Mathlib.Algebra.Group.Subgroup.Even,0m1.290s,0m1.296s
Mathlib.Algebra.Order.Group.Cone,0m1.475s,0m1.508s
Mathlib.Data.Nat.Cast.Order.Ring,0m1.492s,0m1.592s
Mathlib.Data.Nat.MaxPowDiv,0m1.353s,0m1.386s
Mathlib.Data.PNat.Basic,0m1.599s,0m1.690s
Mathlib.RingTheory.NonUnitalSubring.Defs,0m1.774s,0m1.799s
Mathlib.Algebra.IsPrimePow,0m1.487s,0m1.502s
Mathlib.CategoryTheory.Functor.ReflectsIso.Basic,0m1.191s,0m1.204s
Mathlib.Algebra.Order.WithTop.Untop0,0m1.389s,0m1.372s
Mathlib.CategoryTheory.Sigma.Basic,0m1.782s,0m1.804s
Mathlib.CategoryTheory.EssentialImage,0m1.690s,0m1.720s
Mathlib.GroupTheory.OreLocalization.Basic,0m4.353s,0m4.385s
Mathlib.Order.Bounded,0m1.409s,0m1.397s
Mathlib.Data.Ordmap.Invariants,0m3.047s,0m3.013s
Mathlib.Algebra.Order.Interval.Set.Group,0m1.898s,0m1.972s
Mathlib.Algebra.Order.Interval.Set.Instances,0m1.982s,0m2.089s
Mathlib.Tactic.TautoSet,0m1.184s,0m1.190s
Mathlib.Algebra.Order.Ring.Rat,0m1.191s,0m1.191s
Mathlib.Algebra.Order.GroupWithZero.Lex,0m1.792s,0m1.803s
Mathlib.Algebra.NoZeroSMulDivisors.Basic,0m1.388s,0m1.373s
Mathlib.Data.NNRat.Defs,0m1.878s,0m1.986s
Mathlib.Data.Int.ModEq,0m1.566s,0m1.702s
Mathlib.Order.Interval.Set.LinearOrder,0m3.532s,0m3.340s
Mathlib.Algebra.Module.Torsion.Prod,0m1.160s,0m1.181s
Mathlib.Order.Hom.WithTopBot,0m1.819s,0m1.894s
Mathlib.Order.Heyting.Hom,0m2.120s,0m2.197s
Mathlib.Data.Set.Image,0m3.549s,0m3.609s
Mathlib.Tactic.CategoryTheory.Bicategory.PureCoherence,0m2.320s,0m2.420s
Mathlib.Algebra.Module.Torsion.Field,0m1.190s,0m1.168s
Mathlib.Algebra.Ring.Action.Subobjects,0m1.162s,0m1.188s
Mathlib.Algebra.Ring.Subsemiring.Order,0m1.185s,0m1.171s
Mathlib.Tactic.CategoryTheory.Bicategory.Normalize,0m2.916s,0m2.949s
Mathlib.Algebra.Order.Invertible,0m1.265s,0m1.282s
Mathlib.Tactic.Linarith.Lemmas,0m1.378s,0m1.389s
Mathlib.Tactic.NormNum.Abs,0m1.525s,0m1.492s
Mathlib.Data.PNat.Prime,0m1.369s,0m1.493s
Mathlib.Algebra.Order.Ring.Cast,0m1.983s,0m1.987s
Mathlib.Data.PNat.Find,0m1.392s,0m1.386s
Mathlib.Algebra.Order.Ring.Pow,0m1.687s,0m1.676s
Mathlib.Algebra.Order.Ring.Abs,0m1.993s,0m2.092s
Mathlib.Tactic.PNatToNat,0m1.505s,0m1.509s
Mathlib.Algebra.Group.PNatPowAssoc,0m1.286s,0m1.290s
Mathlib.Algebra.Field.Rat,0m1.288s,0m1.300s
Mathlib.Algebra.Ring.Subring.Defs,0m1.910s,0m1.915s
Mathlib.Tactic.ModCases,0m1.462s,0m1.571s
Mathlib.RingTheory.OreLocalization.Basic,0m1.916s,0m1.936s
Mathlib.Data.Ordmap.Ordset,0m2.404s,0m2.197s
Mathlib.Order.Set,0m1.090s,0m1.084s
Mathlib.Order.UpperLower.Relative,0m1.296s,0m1.296s
Mathlib.Logic.Embedding.Set,0m1.496s,0m1.581s
Mathlib.Algebra.Notation.Support,0m1.670s,0m1.793s
Mathlib.Data.List.Lemmas,0m1.212s,0m1.318s
Mathlib.Data.Set.List,0m1.081s,0m1.183s
Mathlib.Data.Nat.Set,0m1.077s,0m1.177s
Mathlib.Order.Interval.Set.WithBotTop,0m1.293s,0m1.379s
Mathlib.Order.Directed,0m1.474s,0m1.519s
Mathlib.Data.Set.Restrict,0m1.393s,0m1.409s
Mathlib.Algebra.Order.Ring.Cone,0m1.385s,0m1.376s
Mathlib.CategoryTheory.Equivalence,0m4.174s,0m4.195s
Mathlib.Algebra.Order.Module.Defs,0m4.638s,0m4.825s
Mathlib.Tactic.Qify,0m1.281s,0m1.306s
Mathlib.Tactic.Linarith.Datatypes,0m1.610s,0m1.574s
Mathlib.Data.Int.Order.Lemmas,0m1.182s,0m1.299s
Mathlib.Data.Rat.Sqrt,0m1.265s,0m1.308s
Mathlib.Algebra.Order.Floor.Defs,0m1.778s,0m1.793s
Mathlib.Data.Int.Order.Units,0m1.262s,0m1.294s
Mathlib.Tactic.CategoryTheory.Bicategory.Basic,0m2.640s,0m2.656s
Mathlib.Data.Set.Prod,0m3.426s,0m3.425s
Mathlib.Tactic.Positivity.Core,0m2.958s,0m3.094s
Mathlib.Algebra.Ring.Action.Invariant,0m1.276s,0m1.386s
Mathlib.Logic.Equiv.Embedding,0m1.162s,0m1.194s
Mathlib.Data.Rat.Cast.Defs,0m2.087s,0m2.118s
Mathlib.Algebra.Ring.CharZero,0m1.376s,0m1.379s
Mathlib.Data.Int.CharZero,0m1.179s,0m1.183s
Mathlib.Algebra.Group.Support,0m1.175s,0m1.172s
Mathlib.Data.List.Permutation,0m1.709s,0m1.609s
Mathlib.Algebra.Field.Subfield.Defs,0m2.394s,0m2.235s
Mathlib.Logic.Function.DependsOn,0m1.182s,0m1.191s
Mathlib.Data.Multiset.MapFold,0m1.891s,0m1.927s
Mathlib.Algebra.Order.Module.Basic,0m1.468s,0m1.623s
Mathlib.AlgebraicTopology.DoldKan.Compatibility,0m2.414s,0m2.520s
Mathlib.Algebra.Order.Nonneg.Module,0m1.483s,0m1.527s
Mathlib.CategoryTheory.CatCommSq,0m1.892s,0m2.375s
Mathlib.Tactic.LinearCombination.Lemmas,0m1.573s,0m1.877s
Mathlib.Order.Bounds.Basic,0m3.475s,0m3.482s
Mathlib.Tactic.Linarith.Oracle.FourierMotzkin,0m1.507s,0m1.600s
Mathlib.CategoryTheory.Sums.Basic,0m4.327s,0m4.593s
Mathlib.Tactic.Linarith.Preprocessing,0m2.206s,0m2.194s
Mathlib.Tactic.Linarith.Oracle.SimplexAlgorithm,0m1.712s,0m1.726s
Mathlib.Data.Int.Lemmas,0m1.288s,0m1.288s
Mathlib.Tactic.Linarith.Parsing,0m1.577s,0m1.613s
Mathlib.Algebra.ContinuedFractions.Computation.Basic,0m1.269s,0m1.254s
Mathlib.Algebra.Order.Nonneg.Floor,0m1.260s,0m1.283s
Mathlib.CategoryTheory.Opposites,0m4.385s,0m4.530s
Mathlib.Data.Prod.TProd,0m1.384s,0m1.406s
Mathlib.Algebra.Order.Monovary,0m3.502s,0m3.709s
Mathlib.Algebra.Order.Floor.Semiring,0m2.305s,0m2.397s
Mathlib.CategoryTheory.Bicategory.Adjunction.Basic,0m2.722s,0m2.713s
Mathlib.Data.Set.NAry,0m1.993s,0m2.008s
Mathlib.Algebra.Order.Module.Field,0m1.909s,0m1.818s
Mathlib.Tactic.Finiteness,0m1.283s,0m1.296s
Mathlib.Tactic.FieldSimp.Discharger,0m1.491s,0m1.474s
Mathlib.Data.Set.Function,0m2.722s,0m2.707s
Mathlib.Data.Rat.Cast.CharZero,0m1.576s,0m1.699s
Mathlib.Algebra.Order.Field.Subfield,0m1.189s,0m1.180s
Mathlib.Algebra.Order.Field.Power,0m1.879s,0m2.039s
Mathlib.Algebra.Order.AbsoluteValue.Basic,0m2.309s,0m2.292s
Mathlib.Data.Multiset.NatAntidiagonal,0m1.177s,0m1.183s
Mathlib.Data.Nat.Prime.Infinite,0m1.168s,0m1.189s
Mathlib.Order.Monotone.Union,0m1.171s,0m1.168s
Mathlib.Algebra.Order.Group.Bounds,0m1.062s,0m1.066s
Mathlib.Order.ScottContinuity,0m1.144s,0m1.209s
Mathlib.Order.CompleteLattice.Defs,0m1.574s,0m1.594s
Mathlib.Order.LatticeIntervals,0m1.685s,0m1.681s
Mathlib.Tactic.Linarith.Verification,0m1.701s,0m2.379s
Mathlib.CategoryTheory.Sums.Associator,0m2.430s,0m3.168s
Mathlib.Data.Rel,0m6.409s,0m7.243s
Mathlib.CategoryTheory.ObjectProperty.Opposite,0m1.262s,0m1.327s
Mathlib.CategoryTheory.Functor.TwoSquare,0m1.908s,0m2.001s
Mathlib.Tactic.Positivity.Basic,0m4.832s,0m5.335s
Mathlib.CategoryTheory.DinatTrans,0m1.285s,0m1.544s
Mathlib.CategoryTheory.Bicategory.Opposites,0m1.981s,0m2.105s
Mathlib.CategoryTheory.Functor.Const,0m1.685s,0m1.808s
Mathlib.CategoryTheory.EqToHom,0m1.802s,0m1.798s
Mathlib.Data.Int.Log,0m2.161s,0m2.300s
Mathlib.Order.Bounds.Image,0m1.597s,0m1.717s
Mathlib.Data.Multiset.Filter,0m1.600s,0m1.685s
Mathlib.Order.Interval.Set.Image,0m1.609s,0m1.688s
Mathlib.Data.List.Iterate,0m1.172s,0m1.188s
Mathlib.Dynamics.FixedPoints.Basic,0m1.294s,0m1.287s
Mathlib.Algebra.Order.Interval.Set.Monoid,0m1.192s,0m1.281s
Mathlib.Order.Interval.Set.SurjOn,0m1.076s,0m1.157s
Mathlib.Order.WellFounded,0m1.261s,0m1.291s
Mathlib.CategoryTheory.Limits.Shapes.Pullback.Categorical.CatCospanTransform,0m8.425s,0m8.809s
Mathlib.Data.Set.Monotone,0m1.290s,0m1.370s
Mathlib.CategoryTheory.Bicategory.Adjunction.Mate,0m5.436s,0m4.743s
Mathlib.Algebra.Group.Pointwise.Set.Basic,0m5.095s,0m5.425s
Mathlib.Data.Set.Pairwise.Basic,0m2.956s,0m3.220s
Mathlib.Logic.Equiv.Set,0m2.196s,0m2.331s
Mathlib.Data.Set.Piecewise,0m1.281s,0m1.272s
Mathlib.Algebra.Order.AbsoluteValue.Euclidean,0m1.301s,0m1.374s
Mathlib.Order.Monotone.Odd,0m1.171s,0m1.171s
Mathlib.Tactic.NormNum.Inv,0m1.780s,0m1.882s
Mathlib.Order.Rel.GaloisConnection,0m1.074s,0m1.182s
Mathlib.Tactic.FieldSimp,0m7.071s,0m7.497s
Mathlib.Data.PFun,0m1.791s,0m2.451s
Mathlib.CategoryTheory.Category.Preorder,0m1.587s,0m1.742s
Mathlib.CategoryTheory.Category.ULift,0m1.686s,0m1.693s
Mathlib.CategoryTheory.Bicategory.Strict.Basic,0m1.210s,0m1.185s
Mathlib.CategoryTheory.Bicategory.EqToHom,0m1.307s,0m1.390s
Mathlib.Algebra.Order.GroupWithZero.Bounds,0m1.048s,0m1.182s
Mathlib.CategoryTheory.Bicategory.Functor.Prelax,0m1.788s,0m1.904s
Mathlib.Algebra.BigOperators.Group.Multiset.Defs,0m1.373s,0m1.494s
Mathlib.Order.ConditionallyCompleteLattice.Defs,0m1.281s,0m1.519s
Mathlib.CategoryTheory.Products.Basic,0m3.528s,0m3.723s
Mathlib.Data.Multiset.UnionInter,0m1.791s,0m1.895s
Mathlib.Combinatorics.Quiver.Arborescence,0m1.186s,0m1.189s
Mathlib.Order.Interval.Set.UnorderedInterval,0m2.304s,0m2.390s
Mathlib.Order.Minimal,0m2.102s,0m2.203s
Mathlib.Algebra.Ring.Pointwise.Set,0m1.172s,0m1.178s
Mathlib.Algebra.GroupWithZero.Pointwise.Set.Basic,0m1.210s,0m1.171s
Mathlib.Order.PiLex,0m1.702s,0m1.678s
Mathlib.Data.Set.Pairwise.List,0m1.175s,0m1.183s
Mathlib.Data.Rel.Separated,0m1.169s,0m1.169s
Mathlib.Order.RelIso.Set,0m1.195s,0m1.264s
Mathlib.Algebra.Group.Pointwise.Set.Scalar,0m1.702s,0m1.777s
Mathlib.GroupTheory.Perm.ViaEmbedding,0m1.165s,0m1.282s
Mathlib.Data.Finset.Defs,0m1.588s,0m1.698s
Mathlib.GroupTheory.Perm.Basic,0m1.186s,0m1.295s
Mathlib.Logic.Small.Basic,0m1.067s,0m1.187s
Mathlib.Order.Hom.Set,0m1.576s,0m1.725s
Mathlib.Algebra.Group.Action.Pi,0m1.274s,0m1.411s
Mathlib.Algebra.Notation.Indicator,0m1.695s,0m1.886s
Mathlib.Data.Fin.SuccPred,0m2.497s,0m2.597s
Mathlib.Algebra.Ring.Equiv,0m3.138s,0m3.216s
Mathlib.Tactic.NormNum.Eq,0m1.602s,0m1.688s
Mathlib.Logic.Equiv.PartialEquiv,0m2.308s,0m2.490s
Mathlib.CategoryTheory.Bicategory.Strict,0m1.082s,0m1.190s
Mathlib.CategoryTheory.Functor.OfSequence,0m1.670s,0m1.691s
Mathlib.Algebra.Order.BigOperators.GroupWithZero.Multiset,0m1.273s,0m1.282s
Mathlib.Algebra.Group.Pi.Lemmas,0m3.437s,0m3.447s
Mathlib.Algebra.Order.BigOperators.Ring.Multiset,0m1.269s,0m1.393s
Mathlib.CategoryTheory.Products.Associator,0m1.805s,0m1.796s
Mathlib.CategoryTheory.Products.Bifunctor,0m1.169s,0m1.282s
Mathlib.CategoryTheory.Functor.Currying,0m3.666s,0m3.729s
Mathlib.CategoryTheory.Pi.Basic,0m3.862s,0m3.838s
Mathlib.Data.Multiset.Dedup,0m1.284s,0m1.286s
Mathlib.Data.Multiset.Range,0m1.159s,0m1.298s
Mathlib.Order.Interval.Set.OrderEmbedding,0m1.180s,0m1.290s
Mathlib.Algebra.Order.Group.PiLex,0m1.170s,0m1.283s
Mathlib.Data.Rel.Cover,0m1.181s,0m1.183s
Mathlib.GroupTheory.GroupAction.Support,0m1.191s,0m1.295s
Mathlib.Algebra.Module.PointwisePi,0m1.175s,0m1.184s
Mathlib.CategoryTheory.Join.Basic,0m5.139s,0m5.071s
Mathlib.Algebra.Ring.Action.Pointwise.Set,0m1.184s,0m1.276s
Mathlib.GroupTheory.GroupAction.Pointwise,0m1.590s,0m1.605s
Mathlib.Data.Finset.Order,0m1.201s,0m1.184s
Mathlib.CategoryTheory.Monoidal.Category,0m5.495s,0m6.066s
Mathlib.Tactic.Ring.Basic,0m7.771s,0m8.322s
Mathlib.Data.Finset.Erase,0m1.276s,0m1.394s
Mathlib.Data.Finset.Attach,0m1.185s,0m1.284s
Mathlib.Data.Finset.Empty,0m1.386s,0m1.481s
Mathlib.Data.Countable.Small,0m1.084s,0m1.073s
Mathlib.Order.Bounds.OrderIso,0m1.184s,0m1.198s
Mathlib.Order.Interval.Set.OrderIso,0m1.186s,0m1.290s
Mathlib.Order.Preorder.Chain,0m1.593s,0m1.690s
Mathlib.GroupTheory.GroupAction.Embedding,0m1.176s,0m1.298s
Mathlib.Order.Hom.Lex,0m1.474s,0m1.500s
Mathlib.Algebra.NoZeroSMulDivisors.Pi,0m1.077s,0m1.183s
Mathlib.Algebra.AddTorsor.Basic,0m1.488s,0m1.497s
Mathlib.Algebra.GroupWithZero.Action.Pi,0m1.403s,0m1.389s
Mathlib.Algebra.Module.Basic,0m1.501s,0m1.596s
Mathlib.Algebra.GroupWithZero.Indicator,0m1.257s,0m1.388s
Mathlib.Data.Fin.Embedding,0m1.295s,0m1.390s
Mathlib.Algebra.Group.Indicator,0m1.568s,0m1.573s
Mathlib.Order.CompleteLattice.Basic,0m2.822s,0m3.090s
Mathlib.Data.Fin.Rev,0m1.183s,0m1.324s
Mathlib.Algebra.Ring.Action.Group,0m1.153s,0m1.296s
Mathlib.Algebra.Ring.Aut,0m1.309s,0m1.400s
Mathlib.RingTheory.RingInvo,0m1.264s,0m1.290s
Mathlib.Algebra.Ring.CompTypeclasses,0m1.298s,0m1.273s
Mathlib.Algebra.Order.Hom.Ring,0m1.976s,0m2.083s
Mathlib.Algebra.Ring.ULift,0m1.801s,0m1.897s
Mathlib.GroupTheory.GroupAction.DomAct.Basic,0m2.022s,0m2.087s
Mathlib.Tactic.NormNum.Ineq,0m2.756s,0m2.922s
Mathlib.Data.Finset.Dedup,0m1.273s,0m1.388s
Mathlib.Data.Multiset.Fold,0m1.289s,0m1.395s
Mathlib.CategoryTheory.Discrete.Basic,0m2.348s,0m2.395s
Mathlib.Data.Multiset.FinsetOps,0m1.486s,0m1.588s
Mathlib.CategoryTheory.Join.Sum,0m1.176s,0m1.297s
Mathlib.CategoryTheory.Bicategory.End,0m1.386s,0m1.366s
Mathlib.CategoryTheory.Join.Opposites,0m2.109s,0m2.217s
Mathlib.CategoryTheory.Sums.Products,0m4.529s,0m4.661s
Mathlib.Tactic.CategoryTheory.MonoidalComp,0m1.402s,0m1.375s
Mathlib.Tactic.Field,0m1.266s,0m1.385s
Mathlib.Tactic.Ring.PNat,0m1.299s,0m1.276s
Mathlib.Order.UpperLower.Basic,0m4.338s,0m4.365s
Mathlib.Data.Finset.Filter,0m1.486s,0m1.493s
Mathlib.Tactic.Linarith.Frontend,0m2.323s,0m2.420s
Mathlib.Tactic.Ring.RingNF,0m2.019s,0m2.090s
Mathlib.Algebra.Order.Field.Pointwise,0m1.178s,0m1.276s
Mathlib.CategoryTheory.Functor.CurryingThree,0m6.765s,0m6.446s
Mathlib.Order.Chain,0m1.088s,0m1.056s
Mathlib.Order.Antichain,0m1.592s,0m1.572s
Mathlib.Algebra.Order.Module.OrderedSMul,0m1.589s,0m1.694s
Mathlib.Data.Int.AbsoluteValue,0m1.300s,0m1.374s
Mathlib.CategoryTheory.Monoidal.Action.Basic,0m4.909s,0m5.088s
Mathlib.Algebra.Module.Rat,0m1.611s,0m1.571s
Mathlib.Order.CompleteLattice.Lemmas,0m1.269s,0m1.376s
Mathlib.CategoryTheory.ObjectProperty.CompleteLattice,0m1.276s,0m1.289s
Mathlib.Order.GaloisConnection.Basic,0m1.769s,0m1.792s
Mathlib.Algebra.Order.Field.Basic,0m4.142s,0m4.196s
Mathlib.Order.CompleteLattice.Group,0m1.093s,0m1.270s
Mathlib.Order.OmegaCompletePartialOrder,0m2.507s,0m2.595s
Mathlib.Algebra.Order.Quantale,0m1.578s,0m1.588s
Mathlib.Data.Setoid.Basic,0m1.582s,0m1.574s
Mathlib.Algebra.Ring.Action.End,0m1.194s,0m1.286s
Mathlib.Algebra.Group.Fin.Basic,0m1.395s,0m1.469s
Mathlib.Order.Fin.Basic,0m1.678s,0m1.790s
Mathlib.Algebra.Ring.Pi,0m1.695s,0m1.892s
Mathlib.Algebra.Star.Basic,0m1.989s,0m2.186s
Mathlib.Algebra.Ring.Subring.Order,0m1.277s,0m1.288s
Mathlib.Algebra.Field.ULift,0m1.397s,0m1.488s
Mathlib.Algebra.Ring.Prod,0m2.111s,0m2.289s
Mathlib.GroupTheory.GroupAction.DomAct.ActionHom,0m1.293s,0m1.382s
Mathlib.Tactic.CancelDenoms,0m1.278s,0m1.281s
Mathlib.Algebra.Module.Hom,0m1.520s,0m1.576s
Mathlib.Tactic.Ring.Compare,0m2.004s,0m1.985s
Mathlib.Algebra.Order.Group.Multiset,0m1.367s,0m1.488s
Mathlib.Algebra.Order.BigOperators.Group.Multiset,0m1.701s,0m1.788s
Mathlib.CategoryTheory.Products.Unitor,0m1.280s,0m1.280s
Mathlib.Tactic.NormNum.DivMod,0m1.685s,0m1.679s
Mathlib.CategoryTheory.PUnit,0m1.497s,0m1.482s
Mathlib.CategoryTheory.PEmpty,0m1.162s,0m1.186s
Mathlib.CategoryTheory.Discrete.SumsProducts,0m1.912s,0m1.888s
Mathlib.CategoryTheory.Bicategory.LocallyDiscrete,0m1.985s,0m1.896s
Mathlib.Data.Multiset.Lattice,0m1.417s,0m1.393s
Mathlib.CategoryTheory.Limits.Shapes.Pullback.Categorical.Basic,0m29.614s,0m26.548s
Mathlib.Data.Finset.Lattice.Basic,0m1.702s,0m1.702s
Mathlib.Data.Finset.Insert,0m2.223s,0m2.421s
Mathlib.Order.UpperLower.Fibration,0m1.174s,0m1.299s
Mathlib.Algebra.Module.LinearMap.Defs,0m5.474s,0m6.070s
Mathlib.Tactic.Ring,0m1.168s,0m1.305s
Mathlib.Tactic.Bound,0m1.692s,0m1.825s
Mathlib.Data.Fintype.Defs,0m1.839s,0m1.941s
Mathlib.Data.Nat.Choose.Mul,0m1.294s,0m1.404s
Mathlib.Order.InitialSeg,0m2.082s,0m2.308s
Mathlib.CategoryTheory.ObjectProperty.Equivalence,0m1.382s,0m1.422s
Mathlib.Order.Interval.Set.OrdConnected,0m1.411s,0m1.424s
Mathlib.Tactic.CategoryTheory.Monoidal.Datatypes,0m2.942s,0m2.966s
Mathlib.Algebra.Order.Group.Pointwise.Bounds,0m1.505s,0m1.507s
Mathlib.Order.Hom.Order,0m1.380s,0m1.410s
Mathlib.Algebra.Order.Module.Pointwise,0m1.668s,0m1.708s
Mathlib.Order.Cofinal,0m1.181s,0m1.207s
Mathlib.Order.Heyting.Regular,0m1.717s,0m1.839s
Mathlib.CategoryTheory.Monoidal.Action.LinearFunctor,0m2.408s,0m2.551s
Mathlib.Control.LawfulFix,0m1.392s,0m1.508s
Mathlib.Order.CompletePartialOrder,0m1.262s,0m1.289s
Mathlib.Data.Nat.Cast.Order.Field,0m1.370s,0m1.389s
Mathlib.Order.Interval.Set.IsoIoo,0m1.714s,0m1.705s
Mathlib.Order.CompleteBooleanAlgebra,0m3.213s,0m3.328s
Mathlib.Algebra.CharP.Basic,0m1.387s,0m1.499s
Mathlib.Order.Lattice.Congruence,0m1.493s,0m1.624s
Mathlib.Topology.Defs.Filter,0m1.710s,0m1.825s
Mathlib.GroupTheory.Congruence.Defs,0m2.610s,0m2.651s
Mathlib.Data.Fin.FlagRange,0m1.201s,0m1.195s
Mathlib.AlgebraicTopology.SimplexCategory.Defs,0m1.507s,0m1.575s
Mathlib.Control.Random,0m1.267s,0m1.294s
Mathlib.Algebra.Module.Pi,0m1.179s,0m1.296s
Mathlib.Algebra.CharP.Pi,0m1.193s,0m1.190s
Mathlib.Algebra.Order.Pi,0m1.470s,0m1.519s
Mathlib.Data.Fin.Tuple.Basic,0m3.904s,0m3.851s
Mathlib.Algebra.Order.Group.Pointwise.Interval,0m4.368s,0m4.753s
Mathlib.Order.Interval.Set.Fin,0m2.309s,0m2.434s
Mathlib.Algebra.Star.Rat,0m1.292s,0m1.318s
Mathlib.Algebra.Order.Ring.Prod,0m1.157s,0m1.319s
Mathlib.Algebra.Star.Pi,0m1.279s,0m1.426s
Mathlib.Algebra.Star.Prod,0m1.280s,0m1.329s
Mathlib.Algebra.Star.StarRingHom,0m1.992s,0m2.217s
Mathlib.Algebra.Star.MonoidHom,0m1.892s,0m2.047s
Mathlib.Data.Multiset.OrderedMonoid,0m1.189s,0m1.315s
Mathlib.Algebra.Order.Kleene,0m2.087s,0m2.795s
Mathlib.Algebra.BigOperators.Group.Multiset.Basic,0m1.924s,0m2.129s
Mathlib.Data.Multiset.Sum,0m1.274s,0m1.296s
Mathlib.Algebra.GCDMonoid.Multiset,0m1.729s,0m1.718s
Mathlib.Tactic.NormNum.ModEq,0m1.386s,0m1.522s
Mathlib.Algebra.Order.CauSeq.Basic,0m4.125s,0m4.445s
Mathlib.Data.Finset.Lattice.Lemmas,0m1.393s,0m1.572s
Mathlib.Data.Finset.Range,0m1.500s,0m1.628s
Mathlib.Data.Finset.Disjoint,0m1.366s,0m1.525s
Mathlib.Data.Finset.SDiff,0m1.569s,0m1.722s
Mathlib.Algebra.Module.LinearMap.Rat,0m1.177s,0m1.305s
Mathlib.Algebra.Module.LinearMap.Prod,0m1.181s,0m1.302s
Mathlib.Algebra.Order.Module.PositiveLinearMap,0m1.472s,0m1.485s
Mathlib.Tactic.LinearCombination,0m1.914s,0m2.043s
Mathlib.Algebra.Algebra.Defs,0m1.957s,0m2.012s
Mathlib.RingTheory.Coprime.Basic,0m1.893s,0m2.001s
Mathlib.Algebra.Ring.BooleanRing,0m2.312s,0m2.430s
Mathlib.Tactic.LinearCombination',0m2.010s,0m2.129s
Mathlib.Combinatorics.Enumerative.Stirling,0m1.281s,0m1.382s
Mathlib.Data.Nat.Hyperoperation,0m1.688s,0m1.703s
Mathlib.Data.PNat.Xgcd,0m1.753s,0m1.906s
Mathlib.Tactic.Group,0m1.463s,0m1.604s
Mathlib.Algebra.Divisibility.Finite,0m1.204s,0m1.248s
Mathlib.Algebra.Ring.Identities,0m2.035s,0m2.167s
Mathlib.Algebra.Group.Equiv.Finite,0m1.201s,0m1.311s
Mathlib.Order.Interval.Set.InitialSeg,0m1.520s,0m1.628s
Mathlib.Data.Nat.Cast.SetInterval,0m1.181s,0m1.282s
Mathlib.Order.Quotient,0m1.282s,0m1.305s
Mathlib.Order.Interval.Set.ProjIcc,0m1.666s,0m1.719s
Mathlib.Order.Cover,0m1.994s,0m2.021s
Mathlib.Data.Set.BooleanAlgebra,0m1.191s,0m1.200s
Mathlib.CategoryTheory.Comma.Basic,0m6.870s,0m7.143s
Mathlib.Algebra.Module.Equiv.Defs,0m5.536s,0m5.809s
Mathlib.Order.FixedPoints,0m1.793s,0m1.934s
Mathlib.GroupTheory.Congruence.Opposite,0m1.167s,0m1.221s
Mathlib.Tactic.CategoryTheory.Monoidal.PureCoherence,0m2.224s,0m2.453s
Mathlib.Algebra.Module.Torsion.Pi,0m1.326s,0m1.324s
Mathlib.Algebra.Ring.Fin,0m1.188s,0m1.320s
Mathlib.RingTheory.Congruence.Defs,0m1.982s,0m2.125s
Mathlib.Algebra.Module.LinearMap.Basic,0m1.717s,0m1.816s
Mathlib.GroupTheory.Congruence.Hom,0m2.009s,0m2.208s
Mathlib.Data.Fin.Tuple.Take,0m1.302s,0m1.305s
Mathlib.Tactic.CategoryTheory.Monoidal.Normalize,0m3.345s,0m3.476s
Mathlib.LinearAlgebra.Matrix.Defs,0m1.971s,0m1.906s
Mathlib.Data.Fin.Tuple.Embedding,0m1.306s,0m1.378s
Mathlib.Data.List.OfFn,0m1.365s,0m1.405s
Mathlib.Data.Fin.VecNotation,0m1.943s,0m1.894s
Mathlib.Algebra.FreeMonoid.Symbols,0m1.271s,0m1.322s
Mathlib.Data.Multiset.DershowitzManna,0m1.899s,0m2.107s
Mathlib.Data.Multiset.Bind,0m1.683s,0m1.836s
Mathlib.RingTheory.Invariant.Defs,0m1.165s,0m1.363s
Mathlib.Algebra.Order.Algebra,0m1.277s,0m1.310s
Mathlib.Algebra.Star.SelfAdjoint,0m3.048s,0m3.279s
Mathlib.Algebra.Algebra.Field,0m1.305s,0m1.301s
Mathlib.Algebra.Order.CauSeq.Completion,0m2.688s,0m2.943s
Mathlib.Data.Finset.Basic,0m2.383s,0m2.526s
Mathlib.Algebra.Order.Module.Algebra,0m1.941s,0m2.144s
Mathlib.Data.Finset.Image,0m2.405s,0m2.550s
Mathlib.Data.Set.Semiring,0m1.580s,0m1.700s
Mathlib.Order.ModularLattice,0m1.799s,0m1.912s
Mathlib.Algebra.Algebra.Rat,0m1.495s,0m1.499s
Mathlib.Order.Interval.Set.Pi,0m1.682s,0m1.804s
Mathlib.GroupTheory.GroupAction.Defs,0m2.502s,0m2.600s
Mathlib.Data.Set.Sigma,0m2.348s,0m2.350s
Mathlib.Order.Closure,0m1.807s,0m1.922s
Mathlib.Algebra.Module.LinearMap.Star,0m1.271s,0m1.395s
Mathlib.Algebra.Module.ULift,0m1.803s,0m1.721s
Mathlib.CategoryTheory.Comma.Arrow,0m2.305s,0m2.469s
Mathlib.Analysis.Fourier.Notation,0m1.782s,0m1.613s
Mathlib.Algebra.Module.Equiv.Opposite,0m1.297s,0m1.302s
Mathlib.CategoryTheory.Monoidal.CoherenceLemmas,0m1.265s,0m1.412s
Mathlib.Data.Set.Lattice,0m2.936s,0m3.007s
Mathlib.Data.List.ChainOfFn,0m1.184s,0m1.220s
Mathlib.Algebra.Group.Pointwise.Set.ListOfFn,0m1.389s,0m1.397s
Mathlib.Data.Matrix.Diagonal,0m1.775s,0m1.784s
Mathlib.Data.List.FinRange,0m1.289s,0m1.379s
Mathlib.Data.Vector.Basic,0m1.998s,0m1.994s
Mathlib.Algebra.Group.Fin.Tuple,0m1.385s,0m1.391s
Mathlib.Logic.Function.FromTypes,0m1.196s,0m1.184s
Mathlib.Tactic.CategoryTheory.Monoidal.Basic,0m2.639s,0m2.796s
Mathlib.Data.Multiset.Sections,0m1.276s,0m1.416s
Mathlib.Data.Multiset.Pi,0m1.394s,0m1.422s
Mathlib.Logic.Equiv.Fin.Basic,0m1.712s,0m1.837s
Mathlib.Algebra.Star.StarProjection,0m1.359s,0m1.504s
Mathlib.Data.Fintype.Inv,0m1.286s,0m1.420s
Mathlib.Data.List.Sort,0m3.066s,0m3.273s
Mathlib.Data.Finset.BooleanAlgebra,0m1.502s,0m1.596s
Mathlib.Data.Finset.Fold,0m1.374s,0m1.499s
Mathlib.Tactic.Widget.StringDiagram,0m4.471s,0m4.663s
Mathlib.Data.Fintype.OfMap,0m1.163s,0m1.336s
Mathlib.Algebra.Group.Nat.Range,0m1.186s,0m1.193s
Mathlib.Data.Finset.SymmDiff,0m1.181s,0m1.288s
Mathlib.Algebra.Ring.Action.Submonoid,0m1.277s,0m1.308s
Mathlib.GroupTheory.GroupAction.Transitive,0m1.394s,0m1.380s
Mathlib.Data.Real.Basic,0m2.718s,0m2.606s
Mathlib.Data.Fin.Fin2,0m1.617s,0m1.498s
Mathlib.CategoryTheory.CommSq,0m1.822s,0m1.710s
Mathlib.Order.Interval.Set.Union,0m1.324s,0m1.293s
Mathlib.Data.Set.Constructions,0m1.260s,0m1.401s
Mathlib.Order.BourbakiWitt,0m1.389s,0m1.398s
Mathlib.Tactic.Monotonicity.Lemmas,0m1.174s,0m1.230s
Mathlib.CategoryTheory.MorphismProperty.Basic,0m1.885s,0m2.021s
Mathlib.SetTheory.ZFC.PSet,0m1.474s,0m1.512s
Mathlib.Data.Finset.Card,0m4.460s,0m4.047s
Mathlib.Order.Concept,0m1.606s,0m1.589s
Mathlib.Data.Semiquot,0m1.284s,0m1.291s
Mathlib.Data.Set.UnionLift,0m1.281s,0m1.405s
Mathlib.Algebra.Module.LinearMap.End,0m2.915s,0m3.045s
Mathlib.Logic.Small.Set,0m1.223s,0m1.275s
Mathlib.Order.CompleteLattice.Chain,0m1.070s,0m1.217s
Mathlib.Data.Set.Accumulate,0m1.196s,0m1.193s
Mathlib.Data.Set.Pairwise.Lattice,0m1.493s,0m1.594s
Mathlib.Order.Filter.Basic,0m2.606s,0m2.727s
Mathlib.LinearAlgebra.Matrix.CharP,0m1.164s,0m1.394s
Mathlib.Data.List.Sublists,0m1.509s,0m1.530s
Mathlib.Logic.Small.List,0m1.178s,0m1.206s
Mathlib.Data.Vector.Zip,0m1.183s,0m1.180s
Mathlib.Data.Vector.Mem,0m1.289s,0m1.296s
Mathlib.Data.Vector.Snoc,0m1.300s,0m1.285s
Mathlib.Data.Sym.Basic,0m2.097s,0m2.096s
Mathlib.Order.ConditionallyCompleteLattice.Basic,0m2.487s,0m2.618s
Mathlib.Logic.Function.OfArity,0m1.172s,0m1.202s
Mathlib.Data.Num.Bitwise,0m1.601s,0m1.718s
Mathlib.Data.List.Pi,0m1.297s,0m1.284s
Mathlib.Computability.Tape,0m1.805s,0m1.814s
Mathlib.Logic.Equiv.Fin.Rotate,0m1.308s,0m1.293s
Mathlib.Order.Fin.Tuple,0m1.560s,0m1.686s
Mathlib.Data.Nat.Factors,0m1.613s,0m1.780s
Mathlib.Data.Nat.BitIndices,0m1.587s,0m1.563s
Mathlib.Data.Multiset.Sort,0m1.290s,0m1.293s
Mathlib.Data.Set.Lattice.Image,0m4.529s,0m4.871s
Mathlib.Data.Finset.Piecewise,0m1.392s,0m1.381s
Mathlib.Data.List.NodupEquivFin,0m1.495s,0m1.521s
Mathlib.Control.EquivFunctor.Instances,0m1.179s,0m1.189s
Mathlib.Algebra.GCDMonoid.Finset,0m1.570s,0m1.613s
Mathlib.Data.Real.Star,0m1.285s,0m1.287s
Mathlib.Data.Real.Sign,0m1.284s,0m1.321s
Mathlib.Data.Fintype.Sets,0m1.586s,0m1.691s
Mathlib.Data.Finset.Union,0m2.104s,0m2.120s
Mathlib.Data.Vector3,0m1.678s,0m1.614s
Mathlib.Tactic.Monotonicity,0m1.078s,0m1.074s
Mathlib.CategoryTheory.FiberedCategory.HomLift,0m1.574s,0m1.551s
Mathlib.CategoryTheory.Groupoid,0m1.502s,0m1.621s
Mathlib.CategoryTheory.MorphismProperty.IsInvertedBy,0m1.359s,0m1.449s
Mathlib.CategoryTheory.MorphismProperty.IsSmall,0m1.276s,0m1.307s
Mathlib.AlgebraicTopology.ModelCategory.CategoryWithCofibrations,0m1.485s,0m1.628s
Mathlib.Data.Complex.Basic,0m3.350s,0m3.688s
Mathlib.Data.TypeVec,0m2.882s,0m3.126s
Mathlib.CategoryTheory.MorphismProperty.Composition,0m1.682s,0m1.729s
Mathlib.Data.Finset.CastCard,0m1.183s,0m1.287s
Mathlib.Data.Finset.Fin,0m1.193s,0m1.295s
Mathlib.CategoryTheory.Square,0m3.639s,0m3.669s
Mathlib.Algebra.Group.Pointwise.Set.Small,0m1.172s,0m1.168s
Mathlib.Data.FP.Basic,0m1.275s,0m1.408s
Mathlib.Data.Finset.Sum,0m1.909s,0m2.016s
Mathlib.Order.Zorn,0m1.159s,0m1.284s
Mathlib.SetTheory.ZFC.Basic,0m2.575s,0m2.864s
Mathlib.CategoryTheory.MorphismProperty.Factorization,0m3.390s,0m3.417s
Mathlib.Data.Set.Pairwise.Chain,0m1.060s,0m1.191s
Mathlib.Order.Filter.AtTopBot.Defs,0m1.176s,0m1.336s
Mathlib.Order.Monotone.Extension,0m1.393s,0m1.325s
Mathlib.Data.Fin.Tuple.Curry,0m1.431s,0m1.850s
Mathlib.Data.Multiset.Powerset,0m1.639s,0m1.760s
Mathlib.Tactic.Peel,0m1.568s,0m1.854s
Mathlib.Data.Vector.MapLemmas,0m1.819s,0m1.817s
Mathlib.Algebra.Order.Group.Action,0m1.120s,0m1.195s
Mathlib.Order.SaddlePoint,0m1.292s,0m1.417s
Mathlib.Data.Int.ConditionallyCompleteOrder,0m1.391s,0m1.424s
Mathlib.Order.Copy,0m1.844s,0m1.849s
Mathlib.Order.OrdContinuous,0m1.381s,0m1.418s
Mathlib.Algebra.Tropical.Lattice,0m3.347s,0m3.132s
Mathlib.Data.Fintype.Quotient,0m1.683s,0m1.468s
Mathlib.Order.Fin.Finset,0m1.423s,0m1.289s
Mathlib.Order.CompleteLatticeIntervals,0m2.026s,0m2.122s
Mathlib.Order.ConditionallyCompleteLattice.Indexed,0m2.194s,0m2.205s
Mathlib.Tactic.Simproc.Factors,0m1.620s,0m1.703s
Mathlib.Data.PNat.Factors,0m1.598s,0m1.728s
Mathlib.Order.Interval.Set.OrdConnectedComponent,0m1.512s,0m1.505s
Mathlib.Order.SuccPred.Basic,0m3.127s,0m3.228s
Mathlib.Algebra.Group.Pointwise.Set.Lattice,0m1.788s,0m1.894s
Mathlib.Algebra.Module.Equiv.Basic,0m6.518s,0m6.960s
Mathlib.Data.Num.Lemmas,0m3.312s,0m3.750s
Mathlib.Data.Nat.Pairing,0m1.280s,0m1.398s
Mathlib.Algebra.Group.Subsemigroup.Basic,0m1.687s,0m1.735s
Mathlib.Order.Bounds.Lattice,0m1.181s,0m1.217s
Mathlib.Algebra.Group.Action.Pointwise.Set.Basic,0m2.307s,0m2.585s
Mathlib.Data.Set.Functor,0m1.384s,0m1.533s
Mathlib.Order.Interval.Basic,0m2.443s,0m2.624s
Mathlib.Order.Interval.Set.Disjoint,0m1.901s,0m1.947s
Mathlib.Order.UpperLower.CompleteLattice,0m2.396s,0m2.554s
Mathlib.Order.Filter.Map,0m2.211s,0m2.442s
Mathlib.Data.Fintype.Basic,0m1.597s,0m1.741s
Mathlib.Data.Finset.Pi,0m1.749s,0m1.885s
Mathlib.Order.Hom.CompleteLattice,0m2.594s,0m2.715s
Mathlib.Data.Finset.Option,0m1.408s,0m1.514s
Mathlib.Data.Finset.Prod,0m1.996s,0m2.116s
Mathlib.CategoryTheory.FiberedCategory.Fiber,0m1.523s,0m1.734s
Mathlib.CategoryTheory.FiberedCategory.Cocartesian,0m1.800s,0m1.938s
Mathlib.CategoryTheory.FiberedCategory.Cartesian,0m1.796s,0m2.044s
Mathlib.CategoryTheory.IsConnected,0m1.752s,0m1.850s
Mathlib.Algebra.BigOperators.Group.Finset.Defs,0m3.440s,0m3.798s
Mathlib.CategoryTheory.EpiMono,0m1.594s,0m1.812s
Mathlib.CategoryTheory.Quotient,0m1.878s,0m2.043s
Mathlib.CategoryTheory.Groupoid.Basic,0m1.275s,0m1.334s
Mathlib.CategoryTheory.Groupoid.Discrete,0m1.175s,0m1.324s
Mathlib.CategoryTheory.Endomorphism,0m1.574s,0m1.714s
Mathlib.CategoryTheory.FiberedCategory.BasedCategory,0m2.655s,0m2.853s
Mathlib.CategoryTheory.ObjectProperty.InheritedFromHom,0m1.274s,0m1.406s
Mathlib.CategoryTheory.Widesubcategory,0m1.391s,0m1.522s
Mathlib.Control.Functor.Multivariate,0m1.578s,0m1.704s
Mathlib.Topology.Defs.Sequences,0m1.163s,0m1.226s
Mathlib.Order.Extension.Linear,0m1.187s,0m1.332s
Mathlib.Data.Multiset.Antidiagonal,0m1.276s,0m1.426s
Mathlib.SetTheory.Cardinal.SchroederBernstein,0m1.580s,0m1.846s
Mathlib.Order.SemiconjSup,0m1.169s,0m1.309s
Mathlib.Algebra.Order.Nonneg.Lattice,0m1.277s,0m1.415s
Mathlib.Order.ConditionallyCompleteLattice.Group,0m1.267s,0m1.420s
Mathlib.Algebra.Order.Group.CompleteLattice,0m1.297s,0m1.308s
Mathlib.Data.Fin.SuccPredOrder,0m1.283s,0m1.303s
Mathlib.Algebra.Order.Group.Indicator,0m1.689s,0m1.811s
Mathlib.Order.Interval.Set.SuccOrder,0m1.160s,0m1.333s
Mathlib.Order.Shrink,0m1.292s,0m1.441s
Mathlib.Order.Interval.Set.SuccPred,0m1.712s,0m1.845s
Mathlib.Order.SuccPred.WithBot,0m1.376s,0m1.500s
Mathlib.Data.Finset.Lattice.Fold,0m3.841s,0m4.239s
Mathlib.Algebra.Order.Module.Equiv,0m1.321s,0m1.433s
Mathlib.Order.SuccPred.Archimedean,0m1.782s,0m1.931s
Mathlib.LinearAlgebra.GeneralLinearGroup,0m1.688s,0m1.717s
Mathlib.Logic.Equiv.Nat,0m1.189s,0m1.230s
Mathlib.Algebra.Order.Group.Pointwise.CompleteLattice,0m5.054s,0m4.881s
Mathlib.Order.Atoms,0m3.554s,0m3.792s
Mathlib.GroupTheory.Subsemigroup.Centralizer,0m1.280s,0m1.448s
Mathlib.Tactic.DeriveCountable,0m2.012s,0m2.237s
Mathlib.Algebra.Group.Subsemigroup.Membership,0m1.506s,0m1.630s
Mathlib.Order.ScottContinuity.Prod,0m1.615s,0m1.703s
Mathlib.Algebra.Group.Submonoid.Basic,0m2.018s,0m2.129s
Mathlib.Data.Set.Subset,0m1.487s,0m1.622s
Mathlib.Control.Traversable.Instances,0m1.510s,0m1.641s
Mathlib.Dynamics.FixedPoints.Prufer,0m1.301s,0m1.333s
Mathlib.Algebra.Order.Group.Action.Flag,0m1.180s,0m1.191s
Mathlib.Data.Num.ZNum,0m3.445s,0m3.770s
Mathlib.Order.Filter.AtTopBot.Disjoint,0m1.190s,0m1.316s
Mathlib.Order.Interval.Lex,0m1.407s,0m1.435s
Mathlib.Order.UpperLower.Principal,0m1.690s,0m1.552s
Mathlib.Algebra.Group.Subsemigroup.Operations,0m4.699s,0m3.536s
Mathlib.Algebra.GroupWithZero.Action.Pointwise.Set,0m2.199s,0m2.048s
Mathlib.Order.Filter.Tendsto,0m1.482s,0m1.537s
Mathlib.Order.Filter.Ker,0m1.385s,0m1.385s
Mathlib.CategoryTheory.FinCategory.Basic,0m1.270s,0m1.337s
Mathlib.Data.Fintype.Card,0m1.607s,0m1.739s
Mathlib.Order.Filter.Bases.Basic,0m2.211s,0m2.362s
Mathlib.Tactic.FinCases,0m1.390s,0m1.427s
Mathlib.Algebra.Group.TransferInstance,0m1.626s,0m1.718s
Mathlib.Data.Finset.Update,0m1.584s,0m1.646s
Mathlib.CategoryTheory.FiberedCategory.Fibered,0m1.379s,0m1.498s
Mathlib.CategoryTheory.ConnectedComponents,0m1.474s,0m1.543s
Mathlib.Order.CompleteLattice.Finset,0m1.574s,0m1.621s
Mathlib.Data.Finset.PImage,0m1.864s,0m2.128s
Mathlib.Order.Nucleus,0m2.188s,0m2.479s
Mathlib.GroupTheory.Congruence.BigOperators,0m1.278s,0m1.347s
Mathlib.Data.Rat.BigOperators,0m1.374s,0m1.449s
Mathlib.Algebra.BigOperators.RingEquiv,0m1.306s,0m1.439s
Mathlib.Data.Nat.GCD.BigOperators,0m1.398s,0m1.427s
Mathlib.Algebra.Regular.Pow,0m1.277s,0m1.302s
Mathlib.CategoryTheory.Balanced,0m1.277s,0m1.332s
Mathlib.Computability.PostTuringMachine,0m2.987s,0m3.055s
Mathlib.CategoryTheory.Types.Basic,0m1.687s,0m1.732s
Mathlib.CategoryTheory.Retract,0m1.868s,0m1.945s
Mathlib.CategoryTheory.Conj,0m1.362s,0m1.414s
Mathlib.Data.Sym.Sym2,0m3.809s,0m4.021s
Mathlib.CategoryTheory.PathCategory.Basic,0m1.798s,0m1.742s
Mathlib.CategoryTheory.Center.Basic,0m1.405s,0m1.522s
Mathlib.Algebra.BigOperators.Ring.Multiset,0m1.502s,0m1.526s
Mathlib.Algebra.Order.Nonneg.Ring,0m1.790s,0m1.852s
Mathlib.Algebra.Order.GroupWithZero.Finset,0m1.388s,0m1.502s
Mathlib.Algebra.Order.Ring.Finset,0m1.397s,0m1.540s
Mathlib.Combinatorics.SetFamily.Compression.Down,0m1.485s,0m1.647s
Mathlib.Algebra.Order.Monoid.Canonical.Basic,0m1.293s,0m1.333s
Mathlib.Algebra.Order.Field.Pi,0m1.383s,0m1.462s
Mathlib.Data.Finset.Pairwise,0m1.401s,0m1.436s
Mathlib.Data.Finset.Max,0m2.617s,0m2.654s
Mathlib.Data.Finset.Lattice.Prod,0m1.583s,0m1.645s
Mathlib.Order.Irreducible,0m1.594s,0m1.714s
Mathlib.Data.Finset.Lattice.Union,0m1.478s,0m1.530s
Mathlib.Topology.MetricSpace.BundledFun,0m2.185s,0m2.363s
Mathlib.Order.Interval.Set.Monotone,0m1.487s,0m1.639s
Mathlib.Algebra.Order.SuccPred.TypeTags,0m1.267s,0m1.410s
Mathlib.Order.SuccPred.Relation,0m1.374s,0m1.456s
Mathlib.Data.Countable.Basic,0m1.295s,0m1.441s
Mathlib.Order.ZornAtoms,0m1.282s,0m1.304s
Mathlib.Order.SuccPred.Tree,0m1.591s,0m1.640s
Mathlib.Order.SuccPred.IntervalSucc,0m2.394s,0m2.466s
Mathlib.Logic.Encodable.Basic,0m1.788s,0m1.910s
Mathlib.Order.Radical,0m1.276s,0m1.311s
Mathlib.Order.ScottContinuity.Complete,0m1.178s,0m1.210s
Mathlib.Algebra.BigOperators.Group.Finset.Basic,0m6.448s,0m6.534s
Mathlib.Order.SuccPred.Limit,0m2.712s,0m2.843s
Mathlib.Algebra.Ring.Submonoid,0m1.220s,0m1.251s
Mathlib.Algebra.Ring.Submonoid.Basic,0m1.198s,0m1.218s
Mathlib.Algebra.Group.Submonoid.MulOpposite,0m1.712s,0m1.614s
Mathlib.Data.DList.Instances,0m1.610s,0m1.638s
Mathlib.Data.Multiset.Functor,0m1.495s,0m1.539s
Mathlib.Order.Filter.ListTraverse,0m1.410s,0m1.417s
Mathlib.Order.UpperLower.Hom,0m1.771s,0m1.303s
Mathlib.Data.Num.Prime,0m1.808s,0m1.476s
Mathlib.Order.Filter.AtTopBot.Map,0m1.320s,0m1.206s
Mathlib.Order.Filter.AtTopBot.Tendsto,0m1.374s,0m1.395s
Mathlib.Data.Set.Pointwise.Support,0m1.291s,0m1.298s
Mathlib.Order.UpperLower.Closure,0m2.011s,0m1.870s
Mathlib.Order.Filter.Partial,0m1.618s,0m1.496s
Mathlib.Algebra.Group.TypeTags.Finite,0m1.303s,0m1.288s
Mathlib.Data.Fin.Pigeonhole,0m1.291s,0m1.328s
Mathlib.Order.Filter.Extr,0m1.908s,0m1.827s
Mathlib.Combinatorics.SetFamily.Intersecting,0m1.616s,0m1.488s
Mathlib.Data.Fintype.Parity,0m1.311s,0m1.224s
Mathlib.Order.Filter.Germ.Basic,0m3.303s,0m3.215s
Mathlib.Order.Filter.Prod,0m2.810s,0m2.757s
Mathlib.Order.Fin.SuccAboveOrderIso,0m1.287s,0m1.293s
Mathlib.Data.Fintype.EquivFin,0m1.891s,0m1.811s
Mathlib.Algebra.Group.Action.TransferInstance,0m1.509s,0m1.495s
Mathlib.Algebra.Group.Submonoid.Operations,0m5.458s,0m5.381s
Mathlib.Algebra.GroupWithZero.TransferInstance,0m1.306s,0m1.318s
Mathlib.Order.Filter.IndicatorFunction,0m1.478s,0m1.518s
Mathlib.Data.Finset.Sigma,0m1.687s,0m1.695s
Mathlib.CategoryTheory.FiberedCategory.HasFibers,0m1.706s,0m1.619s
Mathlib.RingTheory.Congruence.BigOperators,0m1.300s,0m1.320s
Mathlib.Algebra.Ring.TransferInstance,0m1.797s,0m1.713s
Mathlib.Data.Nat.ChineseRemainder,0m1.594s,0m1.615s
Mathlib.CategoryTheory.Functor.Hom,0m1.416s,0m1.413s
Mathlib.CategoryTheory.Types.Set,0m1.289s,0m1.306s
Mathlib.Control.Fold,0m1.473s,0m1.585s
Mathlib.CategoryTheory.UnivLE,0m1.274s,0m1.281s
Mathlib.CategoryTheory.Category.Cat,0m1.981s,0m1.909s
Mathlib.CategoryTheory.Category.RelCat,0m2.099s,0m2.154s
Mathlib.CategoryTheory.Limits.Types.ColimitType,0m1.779s,0m1.817s
Mathlib.CategoryTheory.Core,0m2.495s,0m2.550s
Mathlib.CategoryTheory.ConcreteCategory.Basic,0m1.775s,0m1.898s
Mathlib.CategoryTheory.MorphismProperty.Retract,0m1.366s,0m1.376s
Mathlib.CategoryTheory.LiftingProperties.Basic,0m1.576s,0m1.620s
Mathlib.Order.GameAdd,0m1.402s,0m1.393s
Mathlib.Combinatorics.Graph.Basic,0m1.604s,0m1.733s
Mathlib.CategoryTheory.Groupoid.VertexGroup,0m1.394s,0m1.432s
Mathlib.CategoryTheory.Groupoid.FreeGroupoid,0m1.484s,0m1.526s
Mathlib.Data.NNRat.Order,0m1.288s,0m1.320s
Mathlib.Data.Sym.Sym2.Order,0m1.798s,0m1.817s
Mathlib.CategoryTheory.PathCategory.MorphismProperty,0m1.272s,0m1.322s
Mathlib.Data.Fintype.Lattice,0m1.392s,0m1.302s
Mathlib.Data.Finset.Lattice.Pi,0m1.504s,0m1.473s
Mathlib.Algebra.Order.Nonneg.Field,0m2.014s,0m2.024s
Mathlib.Algebra.Order.Group.Finset,0m1.809s,0m1.816s
Mathlib.Data.List.Sym,0m3.317s,0m3.268s
Mathlib.Data.Finset.Powerset,0m1.888s,0m1.786s
Mathlib.Order.Filter.Ultrafilter.Defs,0m1.786s,0m1.799s
Mathlib.Data.Rat.Encodable,0m1.170s,0m1.216s
Mathlib.Logic.Encodable.Lattice,0m1.398s,0m1.411s
Mathlib.Order.Ideal,0m2.196s,0m2.223s
Mathlib.Algebra.BigOperators.Option,0m1.392s,0m1.402s
Mathlib.Tactic.DeriveEncodable,0m2.808s,0m2.804s
Mathlib.Data.Nat.Factorial.DoubleFactorial,0m1.462s,0m1.518s
Mathlib.Data.Multiset.Fintype,0m2.292s,0m2.541s
Mathlib.Data.Holor,0m1.777s,0m2.121s
Mathlib.Algebra.GradedMonoid,0m2.182s,0m2.664s
Mathlib.Dynamics.BirkhoffSum.Basic,0m1.377s,0m1.409s
Mathlib.RingTheory.Prime,0m1.582s,0m1.614s
Mathlib.NumberTheory.Harmonic.Defs,0m1.315s,0m1.187s
Mathlib.Tactic.NormNum.BigOperators,0m3.044s,0m3.150s
Mathlib.Algebra.BigOperators.Group.Finset.Indicator,0m1.480s,0m1.547s
Mathlib.Algebra.Group.EvenFunction,0m1.368s,0m1.514s
Mathlib.Algebra.Star.BigOperators,0m1.268s,0m1.316s
Mathlib.Algebra.BigOperators.Group.Finset.Lemmas,0m1.398s,0m1.423s
Mathlib.Algebra.BigOperators.GroupWithZero.Finset,0m1.353s,0m1.410s
Mathlib.Order.SuccPred.InitialSeg,0m1.372s,0m1.283s
Mathlib.Order.SuccPred.CompleteLinearOrder,0m1.569s,0m1.613s
Mathlib.CategoryTheory.ComposableArrows.Basic,0m12.218s,0m12.444s
Mathlib.Order.Interval.Set.Limit,0m1.287s,0m1.318s
Mathlib.Data.Finset.NoncommProd,0m2.634s,0m2.522s
Mathlib.Algebra.BigOperators.Group.Finset.Piecewise,0m2.597s,0m2.657s
Mathlib.Algebra.Order.SuccPred,0m2.080s,0m2.147s
Mathlib.Order.TransfiniteIteration,0m1.475s,0m1.546s
Mathlib.CategoryTheory.SmallObject.WellOrderInductionData,0m3.135s,0m2.950s
Mathlib.Order.Filter.AtTopBot.CompleteLattice,0m1.292s,0m1.188s
Mathlib.Algebra.Group.Subgroup.MulOpposite,0m1.481s,0m1.485s
Mathlib.Order.Filter.AtTopBot.Monoid,0m1.689s,0m1.574s
Mathlib.Order.Filter.AtTopBot.Basic,0m1.908s,0m1.813s
Mathlib.Order.Filter.Germ.OrderedMonoid,0m1.383s,0m1.315s
Mathlib.Order.Filter.Curry,0m1.199s,0m1.178s
Mathlib.Order.Filter.NAry,0m1.487s,0m1.403s
Mathlib.Order.UpperLower.Prod,0m1.691s,0m1.695s
Mathlib.Algebra.Order.UpperLower,0m2.187s,0m2.071s
Mathlib.Order.Filter.Lift,0m1.592s,0m1.604s
Mathlib.Data.Fintype.Prod,0m1.394s,0m1.375s
Mathlib.CategoryTheory.FinCategory.AsType,0m1.581s,0m1.575s
Mathlib.Data.Fintype.Sum,0m1.485s,0m1.513s
Mathlib.Order.DirectedInverseSystem,0m3.756s,0m3.917s
Mathlib.Data.Fintype.Pigeonhole,0m1.386s,0m1.420s
Mathlib.Data.Fintype.Shrink,0m1.305s,0m1.295s
Mathlib.Data.FinEnum,0m1.992s,0m2.035s
Mathlib.Algebra.CharZero.Infinite,0m1.195s,0m1.302s
Mathlib.Data.ZMod.Defs,0m1.686s,0m1.730s
Mathlib.Data.Fintype.Option,0m1.393s,0m1.310s
Mathlib.Data.Finset.Sort,0m2.835s,0m2.951s
Mathlib.Logic.Equiv.Fintype,0m1.395s,0m1.380s
Mathlib.Data.Finite.Set,0m1.282s,0m1.300s
Mathlib.Data.Fintype.Perm,0m1.901s,0m1.965s
Mathlib.Data.Set.Finite.Range,0m1.285s,0m1.339s
Mathlib.Algebra.GroupWithZero.Action.TransferInstance,0m1.274s,0m1.383s
Mathlib.Logic.Denumerable,0m1.681s,0m1.856s
Mathlib.Algebra.Group.Shrink,0m1.585s,0m1.622s
Mathlib.Algebra.Ring.Subring.Units,0m1.292s,0m1.333s
Mathlib.Algebra.Order.Hom.Submonoid,0m1.172s,0m1.202s
Mathlib.Algebra.GroupWithZero.Submonoid.Instances,0m1.479s,0m1.471s
Mathlib.Algebra.PresentedMonoid.Basic,0m1.819s,0m1.731s
Mathlib.Data.Set.Finite.Basic,0m2.296s,0m2.467s
Mathlib.Algebra.Group.Submonoid.Finite,0m1.485s,0m1.615s
Mathlib.Algebra.Group.Submonoid.Membership,0m3.237s,0m3.392s
Mathlib.GroupTheory.Congruence.Basic,0m2.088s,0m2.145s
Mathlib.GroupTheory.Submonoid.Center,0m1.890s,0m2.025s
Mathlib.Data.Finset.PiInduction,0m1.493s,0m1.412s
Mathlib.Algebra.Order.Star.Basic,0m3.617s,0m3.743s
Mathlib.Data.Finmap,0m2.200s,0m2.125s
Mathlib.Algebra.BigOperators.Group.Finset.Sigma,0m1.594s,0m1.603s
Mathlib.Order.SupIndep,0m2.818s,0m2.845s
Mathlib.Algebra.Field.TransferInstance,0m1.368s,0m1.411s
Mathlib.Algebra.Group.Subgroup.Lattice,0m4.127s,0m3.866s
Mathlib.Logic.Godel.GodelBetaFunction,0m1.732s,0m1.605s
Mathlib.Data.Fintype.Sigma,0m3.460s,0m3.396s
Mathlib.CategoryTheory.Category.Cat.Op,0m1.388s,0m1.303s
Mathlib.Combinatorics.Quiver.ReflQuiver,0m1.586s,0m1.512s
Mathlib.CategoryTheory.Category.Cat.AsSmall,0m1.285s,0m1.315s
Mathlib.CategoryTheory.IsomorphismClasses,0m1.298s,0m1.310s
Mathlib.Tactic.CategoryTheory.ToApp,0m1.642s,0m1.531s
Mathlib.CategoryTheory.ConcreteCategory.ReflectsIso,0m1.347s,0m1.198s
Mathlib.CategoryTheory.ConcreteCategory.BundledHom,0m1.399s,0m1.377s
Mathlib.CategoryTheory.MorphismProperty.Concrete,0m1.624s,0m1.506s
Mathlib.Algebra.Order.Field.Rat,0m1.439s,0m1.285s
Mathlib.CategoryTheory.Limits.Shapes.StrongEpi,0m1.492s,0m1.395s
Mathlib.Tactic.CategoryTheory.Elementwise,0m1.731s,0m1.713s
Mathlib.Data.Multiset.Sym,0m1.451s,0m1.287s
Mathlib.SetTheory.PGame.Order,0m2.098s,0m2.011s
Mathlib.Algebra.BigOperators.Group.Finset.Powerset,0m1.534s,0m1.506s
Mathlib.Data.Rat.Cast.Lemmas,0m1.512s,0m1.500s
Mathlib.CategoryTheory.Groupoid.Subgroupoid,0m2.428s,0m2.348s
Mathlib.GroupTheory.MonoidLocalization.Basic,0m10.137s,0m9.213s
Mathlib.Data.Fintype.List,0m1.550s,0m1.415s
Mathlib.Topology.Defs.Ultrafilter,0m1.310s,0m1.301s
Mathlib.Data.Fintype.Powerset,0m1.439s,0m1.306s
Mathlib.Algebra.GradedMulAction,0m1.411s,0m1.408s
Mathlib.Dynamics.BirkhoffSum.Average,0m1.513s,0m1.635s
Mathlib.Order.PFilter,0m1.523s,0m1.628s
Mathlib.Algebra.BigOperators.WithTop,0m1.622s,0m1.495s
Mathlib.Order.CountableDenseLinearOrder,0m1.821s,0m1.599s
Mathlib.CategoryTheory.ComposableArrows.Two,0m1.509s,0m1.384s
Mathlib.Order.IsNormal,0m2.167s,0m2.120s
Mathlib.CategoryTheory.ComposableArrows.One,0m1.795s,0m1.629s
Mathlib.Algebra.Group.Submonoid.BigOperators,0m1.817s,0m1.693s
Mathlib.Data.Nat.SuccPred,0m1.422s,0m1.314s
Mathlib.GroupTheory.Perm.Support,0m2.017s,0m2.002s
Mathlib.Algebra.BigOperators.Pi,0m2.089s,0m2.019s
Mathlib.CategoryTheory.Yoneda,0m6.756s,0m6.653s
Mathlib.Algebra.Order.SuccPred.WithBot,0m1.296s,0m1.297s
Mathlib.Algebra.Group.Pointwise.Set.BigOperators,0m1.904s,0m1.802s
Mathlib.Data.PNat.Order,0m1.430s,0m1.296s
Mathlib.Order.Filter.AtTopBot.Prod,0m1.418s,0m1.391s
Mathlib.Order.Filter.AtTopBot.ModEq,0m1.323s,0m1.310s
Mathlib.Order.Filter.Ring,0m1.407s,0m1.373s
Mathlib.GroupTheory.Coset.Defs,0m1.890s,0m1.808s
Mathlib.Order.Filter.AtTopBot.Group,0m1.705s,0m1.692s
Mathlib.Algebra.Order.Interval.Set.SuccPred,0m1.926s,0m1.973s
Mathlib.Data.Finite.Sum,0m1.285s,0m1.198s
Mathlib.Order.Filter.SmallSets,0m1.435s,0m1.295s
Mathlib.Order.Circular.ZMod,0m1.436s,0m1.316s
Mathlib.Data.Fin.Parity,0m1.503s,0m1.387s
Mathlib.Data.BitVec,0m1.420s,0m1.397s
Mathlib.Data.FinEnum.Option,0m1.440s,0m1.392s
Mathlib.Data.Fintype.Sort,0m1.320s,0m1.280s
Mathlib.Data.Fintype.WithTopBot,0m1.288s,0m1.290s
Mathlib.Data.Rat.Denumerable,0m1.340s,0m1.295s
Mathlib.Deprecated.MLList.BestFirst,0m1.625s,0m1.465s
Mathlib.Algebra.Module.TransferInstance,0m1.835s,0m1.689s
Mathlib.Algebra.GroupWithZero.Shrink,0m1.299s,0m1.281s
Mathlib.Algebra.Quandle,0m2.546s,0m2.417s
Mathlib.Logic.Equiv.List,0m1.502s,0m1.411s
Mathlib.SetTheory.Cardinal.Order,0m2.401s,0m2.187s
Mathlib.Algebra.Ring.Shrink,0m1.383s,0m1.297s
Mathlib.Data.Set.Finite.Powerset,0m1.309s,0m1.296s
Mathlib.Algebra.Star.Pointwise,0m1.766s,0m1.366s
Mathlib.Data.Fintype.Order,0m1.603s,0m1.478s
Mathlib.Data.Finset.Preimage,0m1.694s,0m1.670s
Mathlib.Data.Nat.Count,0m1.723s,0m1.500s
Mathlib.Algebra.Group.Action.Pointwise.Set.Finite,0m1.409s,0m1.260s
Mathlib.Data.Fintype.Pi,0m1.901s,0m1.818s
Mathlib.Algebra.Notation.FiniteSupport,0m1.309s,0m1.184s
Mathlib.Order.Interval.Set.Infinite,0m1.312s,0m1.196s
Mathlib.Topology.Basic,0m1.381s,0m1.477s
Mathlib.Order.Preorder.Finite,0m1.454s,0m1.404s
Mathlib.Data.Finsupp.Defs,0m2.112s,0m2.024s
Mathlib.Algebra.Module.Congruence.Defs,0m1.786s,0m1.910s
Mathlib.Algebra.Colimit.DirectLimit,0m6.556s,0m6.599s
Mathlib.GroupTheory.Submonoid.Centralizer,0m1.409s,0m1.409s
Mathlib.RingTheory.Congruence.Basic,0m2.302s,0m2.760s
Mathlib.Algebra.Order.Star.Pi,0m1.410s,0m1.537s
Mathlib.Algebra.GroupWithZero.NonZeroDivisors,0m3.043s,0m2.970s
Mathlib.Algebra.Order.Ring.Star,0m1.387s,0m1.416s
Mathlib.Data.Int.Star,0m1.431s,0m1.402s
Mathlib.Data.Rat.Star,0m1.860s,0m1.823s
Mathlib.Algebra.Order.Star.Prod,0m1.416s,0m1.406s
Mathlib.RingTheory.NonUnitalSubsemiring.Basic,0m2.975s,0m3.013s
Mathlib.Data.DFinsupp.Defs,0m3.943s,0m3.733s
Mathlib.Algebra.Field.Shrink,0m1.404s,0m1.306s
Mathlib.Order.Partition.Basic,0m1.504s,0m1.387s
Mathlib.Data.Finite.Sigma,0m1.306s,0m1.289s
Mathlib.CategoryTheory.ConcreteCategory.UnbundledHom,0m1.306s,0m1.294s
Mathlib.Tactic.DeriveFintype,0m1.840s,0m1.820s
Mathlib.Data.NNRat.Lemmas,0m1.488s,0m1.381s
Mathlib.Algebra.Order.BigOperators.Group.Finset,0m3.458s,0m3.317s
Mathlib.Algebra.Group.Subgroup.Map,0m3.671s,0m3.361s
Mathlib.CategoryTheory.Elementwise,0m1.298s,0m1.322s
Mathlib.CategoryTheory.Bicategory.Functor.Oplax,0m3.948s,0m3.673s
Mathlib.CategoryTheory.Monad.Basic,0m3.260s,0m3.059s
Mathlib.CategoryTheory.Bicategory.Functor.Lax,0m4.245s,0m4.326s
Mathlib.Data.Finset.Density,0m3.209s,0m3.199s
Mathlib.Data.Rat.Cast.OfScientific,0m1.425s,0m1.413s
Mathlib.Tactic.NormNum.OfScientific,0m1.656s,0m1.519s
Mathlib.Data.Rat.Cast.Order,0m3.161s,0m2.948s
Mathlib.GroupTheory.MonoidLocalization.Lemmas,0m1.541s,0m1.423s
Mathlib.GroupTheory.MonoidLocalization.Away,0m1.648s,0m1.604s
Mathlib.GroupTheory.MonoidLocalization.DivPairs,0m1.408s,0m1.399s
Mathlib.Data.Set.Finite.Lemmas,0m1.415s,0m1.534s
Mathlib.GroupTheory.MonoidLocalization.Order,0m1.954s,0m2.157s
Mathlib.GroupTheory.MonoidLocalization.GrothendieckGroup,0m1.904s,0m1.706s
Mathlib.Data.SetLike.Fintype,0m1.311s,0m1.286s
Mathlib.Combinatorics.SetFamily.HarrisKleitman,0m1.628s,0m1.487s
Mathlib.Combinatorics.Hall.Finite,0m1.715s,0m1.592s
Mathlib.RingTheory.FilteredAlgebra.Basic,0m1.449s,0m1.291s
Mathlib.Data.List.Cycle,0m3.046s,0m2.920s
Mathlib.RingTheory.UniqueFactorizationDomain.Defs,0m1.533s,0m1.512s
Mathlib.Order.PrimeIdeal,0m1.650s,0m1.503s
Mathlib.Data.Int.SuccPred,0m1.385s,0m1.290s
Mathlib.Order.Partition.Finpartition,0m3.253s,0m2.914s
Mathlib.SetTheory.PGame.Algebra,0m4.914s,0m4.599s
Mathlib.Algebra.Star.Conjneg,0m1.616s,0m1.501s
Mathlib.GroupTheory.Perm.List,0m1.924s,0m1.707s
Mathlib.Algebra.Group.Translate,0m1.548s,0m1.382s
Mathlib.GroupTheory.Perm.Sign,0m2.741s,0m2.498s
Mathlib.Data.ENat.Basic,0m2.965s,0m2.794s
Mathlib.CategoryTheory.RepresentedBy,0m1.529s,0m1.403s
Mathlib.Order.Filter.AtTopBot.Ring,0m1.433s,0m1.381s
Mathlib.Algebra.Order.Rearrangement,0m3.238s,0m3.013s
Mathlib.Algebra.Module.Shrink,0m1.414s,0m1.283s
Mathlib.Order.Filter.FilterProduct,0m1.906s,0m1.826s
Mathlib.Logic.Equiv.Array,0m1.294s,0m1.202s
Mathlib.Logic.Equiv.Multiset,0m1.400s,0m1.300s
Mathlib.Data.UInt,0m2.276s,0m2.129s
Mathlib.Order.Monotone.MonovaryOrder,0m1.845s,0m1.607s
Mathlib.Algebra.Star.Center,0m1.409s,0m1.364s
Mathlib.Algebra.BigOperators.Group.Finset.Preimage,0m1.396s,0m1.375s
Mathlib.Data.Set.Finite.Lattice,0m2.359s,0m2.197s
Mathlib.Combinatorics.Young.YoungDiagram,0m2.017s,0m1.906s
Mathlib.Data.Finite.Prod,0m1.540s,0m1.492s
Mathlib.CategoryTheory.Adjunction.Basic,0m4.914s,0m4.414s
Mathlib.Data.Fin.Tuple.Finset,0m1.719s,0m1.400s
Mathlib.Combinatorics.Digraph.Basic,0m1.758s,0m1.676s
Mathlib.Algebra.BigOperators.Group.Finset.Pi,0m1.554s,0m1.326s
Mathlib.Data.Fintype.Vector,0m1.401s,0m1.263s
Mathlib.Topology.Defs.Induced,0m1.440s,0m1.278s
Mathlib.Topology.Closure,0m1.921s,0m1.802s
Mathlib.Computability.TuringMachine,0m3.261s,0m2.997s
Mathlib.Order.Interval.Finset.Defs,0m3.575s,0m3.459s
Mathlib.Data.Set.Countable,0m1.523s,0m1.497s
Mathlib.Order.Preorder.Finsupp,0m1.502s,0m1.400s
Mathlib.RingTheory.Congruence.Opposite,0m1.337s,0m1.216s
Mathlib.Algebra.Order.Monoid.PNat,0m1.416s,0m1.279s
Mathlib.Combinatorics.Additive.Dissociation,0m2.827s,0m2.641s
Mathlib.Data.Finsupp.Single,0m2.112s,0m1.884s
Mathlib.GroupTheory.MonoidLocalization.MonoidWithZero,0m1.855s,0m1.695s
Mathlib.RingTheory.OreLocalization.NonZeroDivisors,0m1.523s,0m1.479s
Mathlib.Algebra.Ring.NonZeroDivisors,0m1.639s,0m1.596s
Mathlib.Data.DFinsupp.Ext,0m1.422s,0m1.304s
Mathlib.Data.DFinsupp.FiniteInfinite,0m1.303s,0m1.278s
Mathlib.Data.DFinsupp.Module,0m1.857s,0m1.744s
Mathlib.Data.DFinsupp.NeLocus,0m1.631s,0m1.498s
Mathlib.Data.Set.Equitable,0m1.512s,0m1.538s
Mathlib.Computability.Language,0m2.126s,0m2.433s
Mathlib.CategoryTheory.Limits.Cones,0m10.580s,0m9.405s
Mathlib.Data.Sign.Defs,0m2.457s,0m2.316s
Mathlib.Algebra.Group.Subgroup.ZPowers.Basic,0m1.628s,0m1.617s
Mathlib.Order.Category.Preord,0m1.754s,0m1.618s
Mathlib.GroupTheory.GroupAction.Basic,0m2.970s,0m2.701s
Mathlib.Algebra.Ring.Subsemiring.Basic,0m3.992s,0m3.637s
Mathlib.Algebra.Order.Interval.Basic,0m3.884s,0m3.645s
Mathlib.CategoryTheory.Subpresheaf.Basic,0m2.362s,0m2.220s
Mathlib.Algebra.Category.Semigrp.Basic,0m2.665s,0m2.421s
Mathlib.Algebra.Group.Subgroup.Ker,0m3.766s,0m3.466s
Mathlib.Algebra.Category.MonCat.Basic,0m3.946s,0m3.426s
Mathlib.Tactic.NormNum,0m1.345s,0m1.312s
Mathlib.Tactic.Positivity.Finset,0m2.143s,0m1.921s
Mathlib.Tactic.Rify,0m1.506s,0m1.408s
Mathlib.Algebra.Order.Module.Rat,0m1.691s,0m1.614s
Mathlib.Combinatorics.SetFamily.Kleitman,0m1.646s,0m1.496s
Mathlib.Order.PrimeSeparator,0m1.825s,0m1.676s
Mathlib.Order.Grade,0m1.934s,0m1.812s
Mathlib.Dynamics.PeriodicPts.Defs,0m2.123s,0m1.895s
Mathlib.Data.Setoid.Partition,0m1.836s,0m1.689s
Mathlib.GroupTheory.Perm.Option,0m1.518s,0m1.390s
Mathlib.Algebra.Order.Star.Conjneg,0m1.611s,0m1.500s
Mathlib.CategoryTheory.Bicategory.NaturalTransformation.Lax,0m6.342s,0m5.751s
Mathlib.Data.ENat.Pow,0m1.532s,0m1.489s
Mathlib.CategoryTheory.Bicategory.Functor.Pseudofunctor,0m6.551s,0m6.028s
Mathlib.Tactic.ENatToNat,0m1.638s,0m1.499s
Mathlib.Logic.Equiv.Finset,0m1.509s,0m1.389s
Mathlib.Algebra.Star.NonUnitalSubsemiring,0m1.489s,0m1.397s
Mathlib.Order.Filter.AtTopBot.BigOperators,0m1.508s,0m1.372s
Mathlib.Order.Filter.AtTopBot.Field,0m2.010s,0m1.801s
Mathlib.CategoryTheory.Bicategory.NaturalTransformation.Oplax,0m8.260s,0m7.625s
Mathlib.Order.TeichmullerTukey,0m1.438s,0m1.311s
Mathlib.RingTheory.Multiplicity,0m4.099s,0m3.536s
Mathlib.Data.Nat.PrimeFin,0m1.917s,0m1.511s
Mathlib.Data.Set.MemPartition,0m1.539s,0m1.391s
Mathlib.Order.ConditionallyCompleteLattice.Finset,0m1.839s,0m1.705s
Mathlib.Combinatorics.Young.SemistandardTableau,0m1.403s,0m1.369s
Mathlib.Order.Filter.Finite,0m1.848s,0m1.678s
Mathlib.Data.FunLike.Fintype,0m1.338s,0m1.286s
Mathlib.Combinatorics.HalesJewett,0m2.038s,0m1.902s
Mathlib.Algebra.Group.Pointwise.Set.Finite,0m1.836s,0m1.682s
Mathlib.Data.Set.Finite.Monad,0m1.406s,0m1.274s
Mathlib.Data.Finset.NAry,0m2.345s,0m2.229s
Mathlib.CategoryTheory.Category.Pointed,0m1.507s,0m1.387s
Mathlib.CategoryTheory.Category.Cat.Adjunction,0m1.736s,0m1.496s
Mathlib.CategoryTheory.LiftingProperties.Adjunction,0m2.182s,0m2.124s
Mathlib.CategoryTheory.CodiscreteCategory,0m1.544s,0m1.361s
Mathlib.CategoryTheory.Category.GaloisConnection,0m1.445s,0m1.289s
Mathlib.Combinatorics.SimpleGraph.Basic,0m2.856s,0m2.595s
Mathlib.Algebra.BigOperators.Finprod,0m6.020s,0m5.540s
Mathlib.CategoryTheory.Monad.Kleisli,0m1.712s,0m1.605s
Mathlib.CategoryTheory.Adjunction.Opposites,0m1.970s,0m1.786s
Mathlib.CategoryTheory.Adjunction.Whiskering,0m2.139s,0m1.918s
Mathlib.CategoryTheory.Adjunction.Parametrized,0m1.938s,0m1.793s
Mathlib.CategoryTheory.Category.Quiv,0m2.013s,0m1.932s
Mathlib.CategoryTheory.Adjunction.Restrict,0m1.708s,0m1.593s
Mathlib.CategoryTheory.Adjunction.FullyFaithful,0m2.029s,0m1.899s
Mathlib.Algebra.BigOperators.Ring.Finset,0m2.123s,0m1.994s
Mathlib.Data.Fintype.BigOperators,0m1.925s,0m1.821s
Mathlib.CategoryTheory.Skeletal,0m2.260s,0m2.103s
Mathlib.Data.Finset.Sym,0m1.824s,0m1.696s
Mathlib.Data.Finite.Vector,0m1.339s,0m1.256s
Mathlib.SetTheory.Game.Basic,0m12.380s,0m11.009s
Mathlib.Order.Filter.CountableInter,0m1.734s,0m1.565s
Mathlib.Topology.Neighborhoods,0m1.754s,0m1.705s
Mathlib.Order.Atoms.Finite,0m1.506s,0m1.380s
Mathlib.Order.UpperLower.LocallyFinite,0m1.418s,0m1.282s
Mathlib.MeasureTheory.MeasurableSpace.Defs,0m2.044s,0m1.892s
Mathlib.CategoryTheory.Adjunction.Mates,0m4.395s,0m5.320s
Mathlib.Algebra.Order.Interval.Finset.Basic,0m1.543s,0m1.679s
Mathlib.Algebra.Order.Antidiag.Prod,0m1.639s,0m1.768s
Mathlib.Order.SuccPred.LinearLocallyFinite,0m2.358s,0m2.231s
Mathlib.Data.Sigma.Interval,0m1.983s,0m1.810s
Mathlib.Data.Finsupp.Notation,0m1.523s,0m1.579s
Mathlib.Data.Finsupp.Fin,0m1.447s,0m1.387s
Mathlib.Order.Interval.Finset.SuccPred,0m2.158s,0m2.147s
Mathlib.Data.Finsupp.Indicator,0m1.412s,0m1.395s
Mathlib.Data.Sum.Interval,0m3.846s,0m3.825s
Mathlib.Algebra.Group.Finsupp,0m2.763s,0m2.738s
Mathlib.Data.DFinsupp.Sigma,0m1.794s,0m1.806s
Mathlib.Order.Partition.Equipartition,0m1.815s,0m1.932s
Mathlib.RingTheory.OreLocalization.Ring,0m2.828s,0m2.921s
Mathlib.Data.DFinsupp.Order,0m2.735s,0m3.065s
Mathlib.Computability.ContextFreeGrammar,0m1.826s,0m1.961s
Mathlib.CategoryTheory.Limits.Shapes.Preorder.PrincipalSeg,0m1.315s,0m1.314s
Mathlib.Computability.RegularExpressions,0m2.003s,0m2.126s
Mathlib.Data.Sign,0m1.311s,0m1.306s
Mathlib.Order.Interval.Finset.Basic,0m5.642s,0m6.058s
Mathlib.CategoryTheory.Limits.Bicones,0m2.020s,0m2.230s
Mathlib.Algebra.Ring.Subsemiring.MulOpposite,0m1.623s,0m1.730s
Mathlib.Order.Category.PartOrd,0m1.898s,0m1.906s
Mathlib.RingTheory.LocalRing.Subring,0m1.382s,0m1.576s
Mathlib.Algebra.Ring.SumsOfSquares,0m2.042s,0m2.239s
Mathlib.GroupTheory.NoncommCoprod,0m1.804s,0m1.915s
Mathlib.GroupTheory.Subgroup.Saturated,0m1.287s,0m1.394s
Mathlib.Algebra.Group.Subgroup.ZPowers.Lemmas,0m1.385s,0m1.400s
Mathlib.Algebra.Group.Graph,0m2.451s,0m2.637s
Mathlib.Algebra.Ring.CentroidHom,0m5.190s,0m5.597s
Mathlib.Algebra.Group.Subgroup.Basic,0m4.077s,0m4.249s
Mathlib.CategoryTheory.Limits.IsLimit,0m6.374s,0m6.489s
Mathlib.GroupTheory.FreeGroup.Basic,0m4.883s,0m5.143s
Mathlib.CategoryTheory.SingleObj,0m1.723s,0m1.811s
Mathlib.Algebra.Category.MonCat.ForgetCorepresentable,0m1.506s,0m1.483s
Mathlib.GroupTheory.QuotientGroup.Defs,0m3.263s,0m3.211s
Mathlib.Tactic.Linarith,0m1.394s,0m1.294s
Mathlib.Algebra.Category.MonCat.Yoneda,0m2.669s,0m2.323s
Mathlib.GroupTheory.Coprod.Basic,0m5.204s,0m5.275s
Mathlib.Computability.DFA,0m1.718s,0m1.804s
Mathlib.Tactic.NormNum.NatLog,0m1.515s,0m1.724s
Mathlib.Tactic.NormNum.GCD,0m2.220s,0m2.356s
Mathlib.Tactic.NormNum.NatFactorial,0m1.693s,0m1.831s
Mathlib.Tactic.NormNum.NatSqrt,0m1.525s,0m1.921s
Mathlib.Tactic.Positivity,0m1.414s,0m1.532s
Mathlib.Dynamics.PeriodicPts.Lemmas,0m1.626s,0m1.617s
Mathlib.Data.Finset.Grade,0m1.630s,0m1.607s
Mathlib.Algebra.Category.Grp.Basic,0m3.854s,0m3.934s
Mathlib.GroupTheory.GroupAction.FixedPoints,0m1.813s,0m1.818s
Mathlib.Combinatorics.Derangements.Basic,0m1.861s,0m1.821s
Mathlib.Tactic.IntervalCases,0m2.961s,0m2.750s
Mathlib.CategoryTheory.Bicategory.Functor.Cat,0m1.754s,0m1.815s
Mathlib.CategoryTheory.Bicategory.Adjunction.Adj,0m2.836s,0m3.046s
Mathlib.CategoryTheory.Join.Pseudofunctor,0m3.481s,0m3.337s
Mathlib.Logic.Encodable.Pi,0m1.311s,0m1.407s
Mathlib.Data.Seq.Basic,0m2.448s,0m2.404s
Mathlib.CategoryTheory.Bicategory.Functor.StrictlyUnitary,0m4.084s,0m4.054s
Mathlib.Algebra.Star.Subsemiring,0m1.605s,0m1.702s
Mathlib.CategoryTheory.Bicategory.Functor.LocallyDiscrete,0m4.156s,0m4.401s
Mathlib.CategoryTheory.Bicategory.NaturalTransformation.Strong,0m1.178s,0m1.314s
Mathlib.Algebra.QuadraticDiscriminant,0m2.017s,0m1.912s
Mathlib.CategoryTheory.Bicategory.Free,0m5.191s,0m4.788s
Mathlib.CategoryTheory.Bicategory.Strict.Pseudofunctor,0m5.048s,0m5.058s
Mathlib.NumberTheory.Padics.PadicVal.Defs,0m1.403s,0m1.502s
Mathlib.Algebra.Tropical.BigOperators,0m1.528s,0m1.523s
Mathlib.Order.Filter.AtTopBot.Finset,0m1.525s,0m1.516s
Mathlib.Order.Filter.Bases.Finite,0m1.503s,0m1.501s
Mathlib.CategoryTheory.Bicategory.Modification.Oplax,0m3.433s,0m3.518s
Mathlib.Data.Finset.Functor,0m1.524s,0m1.597s
Mathlib.Order.SupClosed,0m3.122s,0m3.326s
Mathlib.CategoryTheory.Category.PartialFun,0m1.732s,0m1.803s
Mathlib.CategoryTheory.Category.Bipointed,0m1.604s,0m1.693s
Mathlib.Combinatorics.Digraph.Orientation,0m1.393s,0m1.396s
Mathlib.CategoryTheory.Functor.EpiMono,0m1.938s,0m1.811s
Mathlib.Combinatorics.SimpleGraph.LineGraph,0m1.523s,0m1.499s
Mathlib.CategoryTheory.Bicategory.NaturalTransformation.Pseudo,0m5.366s,0m5.702s
Mathlib.Combinatorics.SimpleGraph.Dart,0m1.388s,0m1.411s
Mathlib.CategoryTheory.Monad.Types,0m1.396s,0m1.405s
Mathlib.Algebra.BigOperators.GroupWithZero.Action,0m1.799s,0m1.829s
Mathlib.Order.Filter.Pointwise,0m4.136s,0m4.226s
Mathlib.CategoryTheory.Category.ReflQuiv,0m2.202s,0m2.225s
Mathlib.Combinatorics.Enumerative.DoubleCounting,0m1.581s,0m1.698s
Mathlib.CategoryTheory.Localization.Construction,0m2.413s,0m2.213s
Mathlib.Algebra.BigOperators.Field,0m1.515s,0m1.497s
Mathlib.Algebra.Group.Pointwise.Finset.Basic,0m5.557s,0m5.610s
Mathlib.Algebra.Group.AddChar,0m2.695s,0m2.690s
Mathlib.Data.Finsupp.Fintype,0m1.294s,0m1.292s
Mathlib.RingTheory.Coprime.Lemmas,0m1.994s,0m1.976s
Mathlib.CategoryTheory.FintypeCat,0m1.796s,0m1.908s
Mathlib.CategoryTheory.EssentiallySmall,0m1.697s,0m1.795s
Mathlib.Data.Fintype.CardEmbedding,0m1.366s,0m1.490s
Mathlib.Algebra.Order.BigOperators.Ring.Finset,0m3.460s,0m3.764s
Mathlib.Data.Sym.Sym2.Finsupp,0m1.264s,0m1.385s
Mathlib.Data.Sign.Basic,0m2.212s,0m2.323s
Mathlib.Algebra.BigOperators.Sym,0m1.483s,0m1.489s
Mathlib.Data.Set.Finite.List,0m1.388s,0m1.387s
Mathlib.Combinatorics.Additive.FreimanHom,0m5.116s,0m5.591s
Mathlib.Data.Sym.Card,0m1.583s,0m1.609s
Mathlib.SetTheory.Cardinal.Basic,0m2.829s,0m3.017s
Mathlib.Order.Filter.CountableSeparatingOn,0m1.412s,0m1.397s
Mathlib.Topology.GDelta.Basic,0m1.494s,0m1.596s
Mathlib.Topology.Partial,0m1.292s,0m1.400s
Mathlib.SetTheory.Game.Impartial,0m1.700s,0m1.699s
Mathlib.Order.KonigLemma,0m1.777s,0m1.811s
Mathlib.MeasureTheory.MeasurableSpace.Invariants,0m1.292s,0m1.397s
Mathlib.Topology.NhdsSet,0m1.505s,0m1.615s
Mathlib.MeasureTheory.MeasurableSpace.EventuallyMeasurable,0m1.406s,0m1.426s
Mathlib.Topology.ClusterPt,0m1.683s,0m1.693s
Mathlib.MeasureTheory.MeasurableSpace.Basic,0m1.582s,0m1.686s
Mathlib.MeasureTheory.MeasurableSpace.Instances,0m1.287s,0m1.397s
Mathlib.Data.DFinsupp.Notation,0m1.390s,0m1.501s
Mathlib.CategoryTheory.Adjunction.Unique,0m1.674s,0m1.701s
Mathlib.Data.Finset.NatAntidiagonal,0m1.589s,0m1.712s
Mathlib.CategoryTheory.Adjunction.CompositionIso,0m1.838s,0m1.994s
Mathlib.CategoryTheory.Equivalence.Symmetry,0m2.152s,0m2.240s
Mathlib.Algebra.Order.Interval.Finset.SuccPred,0m1.993s,0m2.006s
Mathlib.Data.Finsupp.BigOperators,0m1.387s,0m1.402s
Mathlib.Data.Finsupp.SMulWithZero,0m1.300s,0m1.501s
Mathlib.CategoryTheory.Monoidal.Functor,0m8.784s,0m9.330s
Mathlib.Data.List.ToFinsupp,0m1.497s,0m1.611s
Mathlib.Data.Finsupp.NeLocus,0m1.491s,0m1.488s
Mathlib.Data.Finsupp.Pointwise,0m1.600s,0m1.694s
Mathlib.Data.Finsupp.Ext,0m1.390s,0m1.404s
Mathlib.Order.Restriction,0m1.384s,0m1.394s
Mathlib.Data.Pi.Interval,0m1.416s,0m1.497s
Mathlib.Combinatorics.SimpleGraph.Regularity.Equitabilise,0m2.096s,0m2.221s
Mathlib.Data.Int.Interval,0m1.802s,0m1.817s
Mathlib.Order.Birkhoff,0m2.003s,0m2.125s
Mathlib.Order.Interval.Finset.DenselyOrdered,0m1.394s,0m1.501s
Mathlib.Order.Interval.Multiset,0m1.593s,0m1.695s
Mathlib.Order.Category.Semilat,0m1.815s,0m1.896s
Mathlib.Order.Category.Lat,0m1.709s,0m1.792s
Mathlib.Algebra.Ring.Semireal.Defs,0m1.363s,0m1.403s
Mathlib.Algebra.Order.Monoid.LocallyFiniteOrder,0m4.126s,0m4.351s
Mathlib.GroupTheory.Subgroup.Simple,0m1.495s,0m1.481s
Mathlib.CategoryTheory.Category.Pairwise,0m1.917s,0m2.005s
Mathlib.Algebra.Group.Subgroup.Order,0m1.514s,0m1.488s
Mathlib.CategoryTheory.Limits.Shapes.IsTerminal,0m3.177s,0m3.242s
Mathlib.RingTheory.Localization.Defs,0m4.951s,0m5.137s
Mathlib.GroupTheory.Subgroup.Center,0m1.473s,0m1.593s
Mathlib.Algebra.Group.Subgroup.MulOppositeLemmas,0m1.593s,0m1.697s
Mathlib.GroupTheory.FreeGroup.IsFreeGroup,0m1.517s,0m1.591s
Mathlib.GroupTheory.PresentedGroup,0m1.499s,0m1.479s
Mathlib.GroupTheory.Coset.Basic,0m3.632s,0m3.643s
Mathlib.GroupTheory.FreeGroup.Reduce,0m2.093s,0m2.435s
Mathlib.RingTheory.NonUnitalSubring.Basic,0m3.014s,0m3.349s
Mathlib.Algebra.CharZero.Quotient,0m1.399s,0m1.803s
Mathlib.Algebra.Ring.Subring.Basic,0m4.351s,0m4.838s
Mathlib.Data.Nat.Choose.Central,0m1.494s,0m1.653s
Mathlib.Data.Nat.Digits.Defs,0m1.936s,0m2.156s
Mathlib.Algebra.ModEq,0m2.335s,0m2.570s
Mathlib.Data.List.Shortlex,0m1.495s,0m1.538s
Mathlib.Algebra.Order.Floor.Semifield,0m2.090s,0m2.321s
Mathlib.Computability.MyhillNerode,0m1.399s,0m1.615s
Mathlib.GroupTheory.Goursat,0m4.064s,0m4.623s
Mathlib.Computability.NFA,0m2.020s,0m2.254s
Mathlib.Data.Rat.NatSqrt.Defs,0m1.412s,0m1.556s
Mathlib.Data.Finset.Interval,0m1.564s,0m1.748s
Mathlib.Algebra.Category.Grp.FiniteGrp,0m1.383s,0m1.544s
Mathlib.Combinatorics.SimpleGraph.Density,0m2.631s,0m2.844s
Mathlib.CategoryTheory.Sites.NonabelianCohomology.H1,0m1.764s,0m1.846s
Mathlib.Algebra.Category.Grp.EquivalenceGroupAddGroup,0m1.786s,0m1.717s
Mathlib.Algebra.Category.Grp.ForgetCorepresentable,0m1.476s,0m1.641s
Mathlib.NumberTheory.EllipticDivisibilitySequence,0m4.077s,0m4.217s
Mathlib.Algebra.Order.Floor.Ring,0m4.859s,0m5.077s
Mathlib.Combinatorics.Derangements.Finite,0m1.490s,0m1.619s
Mathlib.Data.DFinsupp.Encodable,0m1.282s,0m1.317s
Mathlib.Algebra.Category.Grp.Yoneda,0m3.052s,0m2.669s
Mathlib.GroupTheory.Perm.ClosureSwap,0m1.596s,0m1.641s
Mathlib.GroupTheory.GroupAction.FixingSubgroup,0m1.696s,0m1.827s
Mathlib.Data.W.Basic,0m1.395s,0m1.404s
Mathlib.Data.Seq.Seq,0m1.176s,0m1.301s
Mathlib.Algebra.ContinuedFractions.Translations,0m1.402s,0m1.531s
Mathlib.Algebra.Star.CentroidHom,0m1.689s,0m1.852s
Mathlib.CategoryTheory.Bicategory.Functor.Strict,0m1.187s,0m1.307s
Mathlib.Algebra.Category.Ring.Basic,0m3.418s,0m3.540s
Mathlib.Data.WSeq.Basic,0m2.309s,0m2.319s
Mathlib.CategoryTheory.Bicategory.Functor.StrictPseudofunctor,0m2.541s,0m2.590s
Mathlib.Order.Filter.CountablyGenerated,0m1.486s,0m1.495s
Mathlib.Order.Filter.AtTopBot.Finite,0m1.602s,0m1.606s
Mathlib.Computability.Primrec,0m3.326s,0m3.575s
Mathlib.Order.Filter.Interval,0m2.435s,0m2.557s
Mathlib.Order.Filter.Pi,0m1.783s,0m1.934s
Mathlib.CategoryTheory.Bicategory.FunctorBicategory.Oplax,0m2.407s,0m2.540s
Mathlib.CategoryTheory.Bicategory.Coherence,0m3.931s,0m3.808s
Mathlib.Algebra.Category.GrpWithZero,0m1.492s,0m1.642s
Mathlib.CategoryTheory.Category.TwoP,0m1.518s,0m1.625s
Mathlib.Order.Sublocale,0m2.637s,0m2.839s
Mathlib.CategoryTheory.Functor.ReflectsIso.Balanced,0m1.173s,0m1.283s
Mathlib.Order.Sublattice,0m2.849s,0m2.927s
Mathlib.Order.Category.BddOrd,0m1.811s,0m1.820s
Mathlib.CategoryTheory.Adjunction.Reflective,0m1.710s,0m1.716s
Mathlib.Data.Set.Sups,0m3.476s,0m3.601s
Mathlib.Algebra.Module.BigOperators,0m1.491s,0m1.517s
Mathlib.Combinatorics.SimpleGraph.Walks.Basic,0m2.738s,0m2.742s
Mathlib.Combinatorics.SimpleGraph.Maps,0m2.518s,0m2.522s
Mathlib.CategoryTheory.Monad.Algebra,0m3.174s,0m3.235s
Mathlib.CategoryTheory.Bicategory.Modification.Pseudo,0m2.421s,0m2.416s
Mathlib.Geometry.Group.Growth.QuotientInter,0m2.080s,0m2.243s
Mathlib.CategoryTheory.Localization.Predicate,0m2.700s,0m2.872s
Mathlib.CategoryTheory.Bicategory.Grothendieck,0m4.133s,0m3.995s
Mathlib.Algebra.BigOperators.Expect,0m2.635s,0m2.749s
Mathlib.Data.Matrix.Mul,0m4.250s,0m4.293s
Mathlib.Data.DFinsupp.BigOperators,0m3.697s,0m3.798s
Mathlib.Algebra.Group.Pointwise.Finset.BigOperators,0m1.397s,0m1.401s
Mathlib.Algebra.Group.Pointwise.Finset.Interval,0m1.956s,0m2.062s
Mathlib.Algebra.Group.Action.Equidecomp,0m1.476s,0m1.593s
Mathlib.Algebra.Ring.Pointwise.Finset,0m1.287s,0m1.421s
Mathlib.Algebra.Group.Pointwise.Finset.Scalar,0m2.196s,0m2.300s
Mathlib.Combinatorics.Additive.PluenneckeRuzsa,0m4.518s,0m4.606s
Mathlib.Algebra.GroupWithZero.Pointwise.Finset,0m1.371s,0m1.551s
Mathlib.MeasureTheory.Constructions.AddChar,0m1.291s,0m1.416s
Mathlib.Order.Category.FinPartOrd,0m1.708s,0m1.724s
Mathlib.Tactic.NormNum.IsCoprime,0m1.507s,0m1.612s
Mathlib.Algebra.Group.UniqueProds.Basic,0m3.800s,0m3.877s
Mathlib.CategoryTheory.Countable,0m1.397s,0m1.546s
Mathlib.CategoryTheory.ObjectProperty.Small,0m1.834s,0m1.928s
Mathlib.Data.NNRat.BigOperators,0m1.502s,0m1.500s
Mathlib.Data.Nat.Factorial.BigOperators,0m1.388s,0m1.495s
Mathlib.Combinatorics.Additive.Corner.Defs,0m1.480s,0m1.611s
Mathlib.Data.Rat.Cardinal,0m1.375s,0m1.404s
Mathlib.Algebra.Module.Card,0m1.392s,0m1.407s
Mathlib.Computability.Encoding,0m1.481s,0m1.621s
Mathlib.SetTheory.Cardinal.ENat,0m2.110s,0m2.188s
Mathlib.SetTheory.ZFC.Cardinal,0m1.604s,0m1.730s
Mathlib.Topology.Continuous,0m1.486s,0m1.604s
Mathlib.Topology.Baire.Lemmas,0m1.392s,0m1.517s
Mathlib.Combinatorics.Additive.Energy,0m4.086s,0m4.300s
Mathlib.Algebra.BigOperators.NatAntidiagonal,0m1.385s,0m1.398s
Mathlib.Data.Nat.Fib.Basic,0m1.688s,0m1.698s
Mathlib.CategoryTheory.Limits.HasLimits,0m4.874s,0m5.079s
Mathlib.ModelTheory.Basic,0m2.735s,0m2.967s
Mathlib.SetTheory.Ordinal.Basic,0m3.946s,0m4.275s
Mathlib.CategoryTheory.Bicategory.SingleObj,0m1.611s,0m1.712s
Mathlib.Algebra.Order.Floor.Div,0m2.387s,0m2.550s
Mathlib.CategoryTheory.Monoidal.NaturalTransformation,0m2.447s,0m2.660s
Mathlib.Algebra.Order.Group.Int.Sum,0m1.561s,0m1.518s
Mathlib.CategoryTheory.Monoidal.Free.Basic,0m3.140s,0m3.375s
Mathlib.Algebra.BigOperators.Group.Finset.Interval,0m1.679s,0m1.828s
Mathlib.Algebra.Order.Interval.Multiset,0m1.320s,0m1.443s
Mathlib.CategoryTheory.Monoidal.End,0m3.046s,0m3.249s
Mathlib.Order.Interval.Finset.Nat,0m2.106s,0m1.944s
Mathlib.CategoryTheory.Monoidal.Opposite,0m3.714s,0m4.103s
Mathlib.Order.Category.Frm,0m1.589s,0m1.630s
Mathlib.Order.Category.DistLat,0m1.773s,0m1.847s
Mathlib.Algebra.BigOperators.Finsupp.Basic,0m3.755s,0m3.931s
Mathlib.Order.Category.LinOrd,0m1.778s,0m1.927s
Mathlib.CategoryTheory.Limits.Shapes.Preorder.Fin,0m1.297s,0m1.305s
Mathlib.Algebra.Group.Subgroup.Actions,0m1.501s,0m1.636s
Mathlib.RingTheory.Localization.Integer,0m1.587s,0m1.630s
Mathlib.Algebra.GroupWithZero.Action.Center,0m1.294s,0m1.443s
Mathlib.GroupTheory.Subgroup.Centralizer,0m1.922s,0m2.145s
Mathlib.GroupTheory.FreeGroup.Orbit,0m1.600s,0m1.725s
Mathlib.Algebra.Ring.Subring.MulOpposite,0m1.705s,0m1.809s
Mathlib.CategoryTheory.Endofunctor.Algebra,0m3.723s,0m3.882s
Mathlib.GroupTheory.FreeGroup.CyclicallyReduced,0m2.417s,0m2.574s
Mathlib.Combinatorics.SimpleGraph.Regularity.Energy,0m1.503s,0m1.611s
Mathlib.Algebra.Order.Floor,0m1.263s,0m1.433s
Mathlib.Computability.EpsilonNFA,0m1.896s,0m2.144s
Mathlib.CategoryTheory.Monoidal.Multifunctor,0m8.374s,0m9.092s
Mathlib.Data.PFunctor.Univariate.Basic,0m1.407s,0m1.518s
Mathlib.Data.W.Constructions,0m1.377s,0m1.524s
Mathlib.Algebra.ContinuedFractions.Computation.Translations,0m1.574s,0m1.746s
Mathlib.Algebra.ContinuedFractions.TerminatedStable,0m1.283s,0m1.517s
Mathlib.Algebra.ContinuedFractions.ContinuantsRecurrence,0m1.372s,0m1.464s
Mathlib.Algebra.Order.Round,0m2.378s,0m2.574s
Mathlib.GroupTheory.CoprodI,0m5.098s,0m5.583s
Mathlib.Combinatorics.SimpleGraph.Regularity.Uniform,0m3.605s,0m4.003s
Mathlib.Data.WSeq.Defs,0m1.698s,0m1.856s
Mathlib.Order.Filter.Subsingleton,0m1.395s,0m1.446s
Mathlib.Order.Filter.AtTopBot.Floor,0m1.618s,0m1.743s
Mathlib.Order.Filter.AtTopBot.CountablyGenerated,0m1.532s,0m1.656s
Mathlib.Data.WSeq.Relation,0m2.509s,0m2.674s
Mathlib.Order.Filter.Cofinite,0m1.497s,0m1.717s
Mathlib.CategoryTheory.Bicategory.InducedBicategory,0m3.238s,0m3.602s
Mathlib.Computability.Partrec,0m2.377s,0m2.513s
Mathlib.Tactic.CategoryTheory.BicategoryCoherence,0m1.699s,0m1.819s
Mathlib.Order.CompleteSublattice,0m1.902s,0m2.142s
Mathlib.Order.Category.BddLat,0m2.544s,0m2.646s
Mathlib.Combinatorics.Pigeonhole,0m1.707s,0m1.942s
Mathlib.CategoryTheory.Comma.StructuredArrow.Basic,0m9.950s,0m10.312s
Mathlib.Combinatorics.Enumerative.InclusionExclusion,0m2.807s,0m3.077s
Mathlib.Combinatorics.SimpleGraph.Walks.Traversal,0m2.005s,0m2.038s
Mathlib.CategoryTheory.Bicategory.Product,0m6.703s,0m6.297s
Mathlib.Combinatorics.SimpleGraph.Finite,0m2.103s,0m2.125s
Mathlib.CategoryTheory.Localization.HasLocalization,0m1.278s,0m1.321s
Mathlib.CategoryTheory.Localization.Prod,0m1.479s,0m1.628s
Mathlib.CategoryTheory.Localization.Equivalence,0m1.403s,0m1.521s
Mathlib.CategoryTheory.Localization.Adjunction,0m1.799s,0m2.063s
Mathlib.CategoryTheory.Monad.Adjunction,0m2.746s,0m2.964s
Mathlib.CategoryTheory.Bicategory.FunctorBicategory.Pseudo,0m2.930s,0m3.084s
Mathlib.Order.BooleanSubalgebra,0m4.845s,0m5.094s
Mathlib.Algebra.BigOperators.Balance,0m1.583s,0m1.742s
Mathlib.LinearAlgebra.Matrix.Integer,0m1.680s,0m1.836s
Mathlib.LinearAlgebra.Matrix.Orthogonal,0m1.391s,0m1.429s
Mathlib.LinearAlgebra.Matrix.Irreducible.Defs,0m2.034s,0m2.115s
Mathlib.CategoryTheory.FiberedCategory.Grothendieck,0m2.527s,0m2.684s
Mathlib.LinearAlgebra.Matrix.SemiringInverse,0m2.366s,0m2.631s
Mathlib.Data.DFinsupp.Submonoid,0m1.469s,0m1.676s
Mathlib.Algebra.Order.BigOperators.Expect,0m2.845s,0m3.067s
Mathlib.Data.DFinsupp.Interval,0m1.796s,0m1.940s
Mathlib.Data.Matrix.Action,0m2.014s,0m2.236s
Mathlib.Data.Matrix.PEquiv,0m2.222s,0m2.475s
Mathlib.Data.DFinsupp.Multiset,0m1.700s,0m1.857s
Mathlib.Algebra.Ring.Action.Pointwise.Finset,0m1.280s,0m1.396s
Mathlib.Combinatorics.Additive.SubsetSum,0m1.669s,0m1.744s
Mathlib.Algebra.FreeMonoid.UniqueProds,0m1.301s,0m1.416s
Mathlib.Combinatorics.Additive.CovBySMul,0m1.708s,0m1.929s
Mathlib.CategoryTheory.ObjectProperty.Retract,0m1.451s,0m1.752s
Mathlib.Algebra.Group.Action.Pointwise.Finset,0m2.188s,0m2.448s
Mathlib.SetTheory.Cardinal.ToNat,0m1.589s,0m1.621s
Mathlib.Topology.Order.Hom.Basic,0m1.532s,0m1.506s
Mathlib.Topology.Separation.SeparatedNhds,0m1.565s,0m1.703s
Mathlib.Data.Nat.Fib.Zeckendorf,0m1.595s,0m1.738s
Mathlib.Tactic.NormNum.NatFib,0m1.591s,0m1.756s
Mathlib.Combinatorics.Additive.DoublingConst,0m3.311s,0m3.662s
Mathlib.Topology.Order,0m2.070s,0m2.215s
Mathlib.CategoryTheory.Limits.Unit,0m1.313s,0m1.421s
Mathlib.Data.Int.Fib.Basic,0m2.637s,0m2.647s
Mathlib.CategoryTheory.Limits.Pi,0m1.391s,0m1.442s
Mathlib.Algebra.Category.Ring.Colimits,0m2.946s,0m3.041s
Mathlib.CategoryTheory.Limits.Shapes.Terminal,0m2.497s,0m2.647s
Mathlib.CategoryTheory.Limits.Types.Limits,0m1.681s,0m1.831s
Mathlib.CategoryTheory.Limits.Types.Colimits,0m1.690s,0m1.713s
Mathlib.Combinatorics.Additive.SmallTripling,0m7.230s,0m7.018s
Mathlib.CategoryTheory.Limits.Preserves.Basic,0m2.453s,0m2.437s
Mathlib.CategoryTheory.Adjunction.PartialAdjoint,0m4.228s,0m4.258s
Mathlib.ModelTheory.LanguageMap,0m2.323s,0m2.423s
Mathlib.SetTheory.Cardinal.UnivLE,0m1.496s,0m1.520s
Mathlib.CategoryTheory.Monoidal.Transport,0m2.753s,0m2.899s
Mathlib.CategoryTheory.Monoidal.Discrete,0m2.880s,0m2.972s
Mathlib.CategoryTheory.Limits.Shapes.WidePullbacks,0m5.009s,0m4.735s
Mathlib.SetTheory.Ordinal.Arithmetic,0m3.440s,0m3.630s
Mathlib.CategoryTheory.Limits.Fubini,0m6.391s,0m6.678s
Mathlib.Data.Nat.Lattice,0m1.583s,0m1.810s
Mathlib.Tactic.Simproc.FinsetInterval,0m2.195s,0m2.365s
Mathlib.CategoryTheory.Monoidal.Free.Coherence,0m3.673s,0m3.837s
Mathlib.Order.PartialSups,0m1.724s,0m1.824s
Mathlib.Data.Finset.Slice,0m1.505s,0m1.638s
Mathlib.Combinatorics.SetFamily.Shatter,0m1.694s,0m1.700s
Mathlib.Data.PNat.Interval,0m1.527s,0m1.526s
Mathlib.CategoryTheory.Limits.Shapes.Products,0m7.357s,0m7.329s
Mathlib.Data.Finset.Finsupp,0m1.516s,0m1.506s
Mathlib.Algebra.Group.Submonoid.Finsupp,0m1.624s,0m1.651s
Mathlib.Algebra.Group.Subgroup.Finsupp,0m1.612s,0m1.750s
Mathlib.Order.Interval.Finset.Fin,0m2.608s,0m2.732s
Mathlib.Algebra.BigOperators.Associated,0m1.599s,0m1.740s
Mathlib.GroupTheory.GroupAction.ConjAct,0m1.908s,0m2.047s
Mathlib.CategoryTheory.Monoidal.Action.Opposites,0m4.170s,0m4.294s
Mathlib.GroupTheory.Commutator.Basic,0m2.045s,0m2.128s
Mathlib.NumberTheory.Divisors,0m7.593s,0m7.214s
Mathlib.CategoryTheory.Monoidal.Action.End,0m4.931s,0m4.813s
Mathlib.Data.PFunctor.Multivariate.Basic,0m1.516s,0m1.511s
Mathlib.Data.PFunctor.Univariate.M,0m1.965s,0m1.917s
Mathlib.Algebra.ContinuedFractions.Determinant,0m1.505s,0m1.488s
Mathlib.Algebra.ContinuedFractions.ConvergentsEquiv,0m2.230s,0m2.239s
Mathlib.GroupTheory.GroupAction.SubMulAction,0m4.598s,0m4.601s
Mathlib.Algebra.ContinuedFractions.Computation.CorrectnessTerminating,0m2.290s,0m2.251s
Mathlib.Data.WSeq.Productive,0m1.288s,0m1.292s
Mathlib.Order.Filter.EventuallyConst,0m1.515s,0m1.498s
Mathlib.Order.Filter.Ultrafilter.Basic,0m1.456s,0m1.598s
Mathlib.Data.Seq.Parallel,0m1.692s,0m1.716s
Mathlib.Data.Finsupp.Basic,0m5.399s,0m5.395s
Mathlib.Topology.Bornology.Basic,0m1.491s,0m1.593s
Mathlib.Data.Rat.Floor,0m3.636s,0m3.743s
Mathlib.Order.Filter.IsBounded,0m2.302s,0m2.207s
Mathlib.Computability.TuringDegree,0m1.686s,0m1.672s
Mathlib.Data.Analysis.Filter,0m2.081s,0m2.222s
Mathlib.Order.CompleteLattice.SetLike,0m1.802s,0m1.739s
Mathlib.Order.Category.CompleteLat,0m1.725s,0m1.835s
Mathlib.CategoryTheory.Discrete.StructuredArrow,0m1.698s,0m1.743s
Mathlib.NumberTheory.ClassNumber.AdmissibleAbsoluteValue,0m1.781s,0m1.790s
Mathlib.CategoryTheory.Comma.StructuredArrow.Small,0m1.272s,0m1.298s
Mathlib.Order.Category.BddDistLat,0m2.114s,0m2.152s
Mathlib.CategoryTheory.Bicategory.Extension,0m2.483s,0m2.561s
Mathlib.Combinatorics.SimpleGraph.DeleteEdges,0m1.579s,0m1.616s
Mathlib.Combinatorics.SimpleGraph.IncMatrix,0m1.601s,0m1.701s
Mathlib.Combinatorics.SimpleGraph.Walks.Operations,0m2.415s,0m2.278s
Mathlib.CategoryTheory.Localization.LocallySmall,0m1.395s,0m1.408s
Mathlib.CategoryTheory.Comma.StructuredArrow.CommaMap,0m3.802s,0m3.717s
Mathlib.CategoryTheory.Localization.Pi,0m1.484s,0m1.491s
Mathlib.Computability.PartrecCode,0m5.936s,0m5.776s
Mathlib.CategoryTheory.Localization.Opposite,0m1.403s,0m1.388s
Mathlib.CategoryTheory.Localization.LocalizerMorphism,0m1.592s,0m1.848s
Mathlib.CategoryTheory.Localization.Bifunctor,0m2.035s,0m2.531s
Mathlib.CategoryTheory.Elements,0m4.268s,0m3.797s
Mathlib.Algebra.Group.Pointwise.Finset.Density,0m1.391s,0m1.540s
Mathlib.Data.Complex.BigOperators,0m1.691s,0m1.731s
Mathlib.CategoryTheory.Adjunction.Triple,0m2.002s,0m2.337s
Mathlib.Combinatorics.Additive.ETransform,0m1.724s,0m1.844s
Mathlib.Combinatorics.Additive.Convolution,0m2.295s,0m2.490s
Mathlib.Algebra.GroupWithZero.Action.Pointwise.Finset,0m1.697s,0m1.700s
Mathlib.Algebra.Pointwise.Stabilizer,0m2.407s,0m2.552s
Mathlib.Topology.Order.Hom.Esakia,0m1.786s,0m1.834s
Mathlib.SetTheory.Cardinal.Finite,0m2.014s,0m2.113s
Mathlib.Algebra.DirectSum.Basic,0m3.103s,0m3.274s
Mathlib.Topology.Instances.ZMod,0m1.253s,0m1.417s
Mathlib.CategoryTheory.Category.Cat.Terminal,0m1.290s,0m1.417s
Mathlib.Topology.UniformSpace.Defs,0m2.100s,0m2.210s
Mathlib.CategoryTheory.Category.Factorisation,0m1.586s,0m1.620s
Mathlib.Data.Int.Fib.Lemmas,0m1.936s,0m1.603s
Mathlib.Topology.Maps.Basic,0m2.001s,0m2.002s
Mathlib.CategoryTheory.Limits.Shapes.ZeroObjects,0m1.539s,0m1.493s
Mathlib.CategoryTheory.Limits.Types.Yoneda,0m2.274s,0m2.232s
Mathlib.CategoryTheory.Adjunction.Comma,0m1.822s,0m1.817s
Mathlib.CategoryTheory.Limits.Shapes.SingleObj,0m1.515s,0m1.481s
Mathlib.CategoryTheory.Limits.Preserves.Shapes.Terminal,0m1.622s,0m1.505s
Mathlib.CategoryTheory.Limits.Preserves.Limits,0m1.918s,0m1.705s
Mathlib.CategoryTheory.Category.Cat.Limit,0m2.740s,0m2.221s
Mathlib.CategoryTheory.Limits.Shapes.Connected,0m1.348s,0m1.298s
Mathlib.CategoryTheory.LocallyDirected,0m1.363s,0m1.398s
Mathlib.CategoryTheory.Limits.Creates,0m2.731s,0m2.755s
Mathlib.SetTheory.Ordinal.FixedPointApproximants,0m1.697s,0m1.593s
Mathlib.Data.Multiset.Interval,0m1.612s,0m1.605s
Mathlib.ModelTheory.Syntax,0m4.072s,0m3.982s
Mathlib.SetTheory.Ordinal.Family,0m3.048s,0m2.396s
Mathlib.Data.ENat.Lattice,0m1.909s,0m1.891s
Mathlib.CategoryTheory.Comma.Over.Basic,0m13.704s,0m12.584s
Mathlib.RingTheory.Nilpotent.Defs,0m1.593s,0m1.614s
Mathlib.CategoryTheory.Monoidal.Braided.Basic,0m6.035s,0m6.215s
Mathlib.CategoryTheory.Limits.Preserves.Bifunctor,0m4.184s,0m4.414s
Mathlib.Order.Interval.Set.OrdConnectedLinear,0m1.507s,0m1.484s
Mathlib.Order.OrderIsoNat,0m1.591s,0m1.566s
Mathlib.Data.List.PeriodicityLemma,0m3.123s,0m3.004s
Mathlib.Algebra.Order.Group.PartialSups,0m1.266s,0m1.394s
Mathlib.Algebra.Order.SuccPred.PartialSups,0m1.492s,0m1.496s
Mathlib.Tactic.CategoryTheory.Coherence,0m1.879s,0m2.001s
Mathlib.CategoryTheory.Category.Grpd,0m1.491s,0m1.494s
Mathlib.CategoryTheory.Limits.EssentiallySmall,0m1.263s,0m1.276s
Mathlib.NumberTheory.ADEInequality,0m1.904s,0m1.902s
Mathlib.CategoryTheory.Limits.SmallComplete,0m1.489s,0m1.457s
Mathlib.CategoryTheory.Limits.Preserves.Shapes.Products,0m1.475s,0m1.473s
Mathlib.CategoryTheory.EffectiveEpi.Basic,0m1.659s,0m1.675s
Mathlib.Order.Disjointed,0m1.574s,0m1.688s
Mathlib.Data.Fin.Tuple.Sort,0m1.473s,0m1.589s
Mathlib.CategoryTheory.Adjunction.Evaluation,0m2.931s,0m2.734s
Mathlib.Data.Fintype.Fin,0m1.468s,0m1.418s
Mathlib.Combinatorics.Additive.AP.Three.Defs,0m2.714s,0m2.702s
Mathlib.Data.Finset.Sups,0m4.063s,0m4.046s
Mathlib.Algebra.Ring.Action.ConjAct,0m1.287s,0m1.301s
Mathlib.Algebra.GroupWithZero.Action.ConjAct,0m1.291s,0m1.303s
Mathlib.RingTheory.UniqueFactorizationDomain.Basic,0m1.965s,0m1.883s
Mathlib.Tactic.Simproc.Divisors,0m1.287s,0m1.366s
Mathlib.Data.Finset.NatDivisors,0m1.379s,0m1.516s
Mathlib.Data.QPF.Multivariate.Basic,0m1.466s,0m1.735s
Mathlib.GroupTheory.Abelianization.Defs,0m1.570s,0m1.735s
Mathlib.GroupTheory.GroupAction.SubMulAction.Closure,0m1.388s,0m1.408s
Mathlib.Data.PFunctor.Multivariate.W,0m1.578s,0m1.506s
Mathlib.Data.PFunctor.Multivariate.M,0m1.810s,0m1.791s
Mathlib.Data.QPF.Univariate.Basic,0m1.601s,0m1.683s
Mathlib.GroupTheory.GroupAction.Quotient,0m3.052s,0m3.157s
Mathlib.Data.Seq.WSeq,0m1.206s,0m1.317s
Mathlib.RingTheory.TwoSidedIdeal.Basic,0m1.980s,0m2.023s
Mathlib.GroupTheory.GroupAction.SubMulAction.Pointwise,0m1.959s,0m1.947s
Mathlib.Topology.Algebra.RestrictedProduct.Basic,0m3.125s,0m3.131s
Mathlib.Topology.Ultrafilter,0m1.385s,0m1.511s
Mathlib.Algebra.Module.Submodule.Defs,0m2.506s,0m2.648s
Mathlib.CategoryTheory.WithTerminal.Basic,0m14.379s,0m14.871s
Mathlib.Algebra.Category.MonCat.Adjunctions,0m2.111s,0m2.100s
Mathlib.Algebra.ContinuedFractions.Computation.Approximations,0m3.178s,0m3.172s
Mathlib.Data.Finsupp.SMul,0m1.785s,0m1.802s
Mathlib.Data.Finsupp.Order,0m2.183s,0m2.198s
Mathlib.Data.Finsupp.Multiset,0m1.911s,0m1.894s
Mathlib.Data.Finsupp.AList,0m1.483s,0m1.463s
Mathlib.Data.Finsupp.Sigma,0m1.464s,0m1.496s
Mathlib.Topology.Bornology.Constructions,0m1.490s,0m1.477s
Mathlib.Topology.Bornology.Hom,0m1.475s,0m1.473s
Mathlib.Data.Finsupp.Option,0m1.773s,0m1.795s
Mathlib.Topology.Bornology.Absorbs,0m1.773s,0m1.794s
Mathlib.SetTheory.Descriptive.Tree,0m1.602s,0m1.598s
Mathlib.Data.Int.CardIntervalMod,0m2.291s,0m2.304s
Mathlib.Data.NNRat.Floor,0m2.214s,0m2.210s
Mathlib.Order.Category.FinBddDistLat,0m2.092s,0m2.028s
Mathlib.Order.Category.HeytAlg,0m1.627s,0m1.583s
Mathlib.Algebra.MonoidAlgebra.Defs,0m4.753s,0m4.698s
Mathlib.Order.LiminfLimsup,0m2.910s,0m2.819s
Mathlib.CategoryTheory.Bicategory.Kan.IsKan,0m1.583s,0m1.563s
Mathlib.Combinatorics.SimpleGraph.Walks.Maps,0m1.794s,0m1.784s
Mathlib.Algebra.Order.Archimedean.Basic,0m3.628s,0m3.654s
Mathlib.Computability.Halting,0m1.813s,0m1.797s
Mathlib.CategoryTheory.Localization.Quotient,0m1.293s,0m1.242s
Mathlib.CategoryTheory.Localization.Composition,0m1.366s,0m1.279s
Mathlib.CategoryTheory.Localization.HomEquiv,0m1.706s,0m1.683s
Mathlib.CategoryTheory.Localization.Resolution,0m2.317s,0m2.339s
Mathlib.Computability.Ackermann,0m2.470s,0m2.439s
Mathlib.Combinatorics.SimpleGraph.Subgraph,0m3.961s,0m3.716s
Mathlib.CategoryTheory.Localization.CalculusOfFractions,0m3.454s,0m3.350s
Mathlib.Algebra.BigOperators.Ring.Nat,0m1.844s,0m1.783s
Mathlib.Combinatorics.Additive.RuzsaCovering,0m1.887s,0m1.903s
Mathlib.Data.Finite.Perm,0m1.385s,0m1.388s
Mathlib.GroupTheory.Coset.Card,0m2.462s,0m2.541s
Mathlib.Data.Fintype.Units,0m1.365s,0m1.394s
Mathlib.Data.Finite.Card,0m1.484s,0m1.494s
Mathlib.Algebra.GroupWithZero.Pointwise.Set.Card,0m1.397s,0m1.399s
Mathlib.Algebra.DirectSum.AddChar,0m1.382s,0m1.382s
Mathlib.GroupTheory.GroupAction.SubMulAction.OfStabilizer,0m3.677s,0m3.626s
Mathlib.Topology.UniformSpace.OfFun,0m1.396s,0m1.364s
Mathlib.Topology.Maps.OpenQuotient,0m1.388s,0m1.397s
Mathlib.Algebra.Category.Grp.Zero,0m1.383s,0m1.376s
Mathlib.Topology.Homeomorph.Defs,0m2.000s,0m2.006s
Mathlib.CategoryTheory.Localization.Trifunctor,0m5.099s,0m4.703s
Mathlib.CategoryTheory.Limits.Elements,0m1.491s,0m1.497s
Mathlib.CategoryTheory.Limits.Preserves.Ulift,0m1.263s,0m1.274s
Mathlib.Data.Set.Card,0m4.221s,0m4.154s
Mathlib.Algebra.DirectSum.Ring,0m4.273s,0m4.148s
Mathlib.CategoryTheory.Adjunction.Limits,0m3.010s,0m2.739s
Mathlib.Algebra.Category.MonCat.Limits,0m3.586s,0m3.298s
Mathlib.SetTheory.Ordinal.Rank,0m1.477s,0m1.402s
Mathlib.CategoryTheory.Limits.FunctorCategory.Basic,0m4.187s,0m4.048s
Mathlib.SetTheory.Nimber.Basic,0m3.133s,0m3.146s
Mathlib.SetTheory.Ordinal.Enum,0m1.492s,0m1.576s
Mathlib.Data.ENat.BigOperators,0m1.403s,0m1.397s
Mathlib.SetTheory.Ordinal.Exponential,0m1.981s,0m1.976s
Mathlib.CategoryTheory.Comma.LocallySmall,0m1.251s,0m1.287s
Mathlib.ModelTheory.Semantics,0m3.938s,0m4.168s
Mathlib.CategoryTheory.LiftingProperties.Over,0m1.369s,0m1.297s
Mathlib.Data.Nat.PartENat,0m2.209s,0m2.072s
Mathlib.CategoryTheory.Comma.Over.OverClass,0m1.709s,0m1.692s
Mathlib.Data.Nat.Factorial.NatCast,0m1.480s,0m1.582s
Mathlib.SetTheory.Ordinal.NaturalOps,0m4.965s,0m4.989s
Mathlib.CategoryTheory.Monoidal.Skeleton,0m1.399s,0m1.381s
Mathlib.CategoryTheory.Monoidal.Braided.Transport,0m1.594s,0m1.473s
Mathlib.CategoryTheory.Comma.Presheaf.Basic,0m4.382s,0m4.058s
Mathlib.CategoryTheory.MorphismProperty.Comma,0m4.065s,0m4.057s
Mathlib.CategoryTheory.Grothendieck,0m5.079s,0m4.921s
Mathlib.CategoryTheory.Monoidal.Braided.Opposite,0m1.387s,0m1.385s
Mathlib.CategoryTheory.Monoidal.Braided.Multifunctor,0m3.636s,0m3.035s
Mathlib.Data.Nat.Nth,0m1.875s,0m1.810s
Mathlib.CategoryTheory.Monoidal.Center,0m3.857s,0m3.548s
Mathlib.Order.WellQuasiOrder,0m1.429s,0m1.377s
Mathlib.Algebra.Order.PartialSups,0m1.171s,0m1.178s
Mathlib.CategoryTheory.Monoidal.FunctorCategory,0m4.098s,0m4.176s
Mathlib.CategoryTheory.Limits.Shapes.BinaryProducts,0m6.849s,0m6.850s
Mathlib.CategoryTheory.EffectiveEpi.Enough,0m1.297s,0m1.298s
Mathlib.CategoryTheory.Groupoid.FreeGroupoidOfCategory,0m2.072s,0m2.120s
Mathlib.Order.RelSeries,0m4.378s,0m4.291s
Mathlib.CategoryTheory.EffectiveEpi.Comp,0m1.488s,0m1.490s
Mathlib.Order.CompactlyGenerated.Basic,0m2.508s,0m2.493s
Mathlib.Algebra.Order.Disjointed,0m1.370s,0m1.389s
Mathlib.Data.Fin.Tuple.BubbleSortInduction,0m1.403s,0m1.374s
Mathlib.Algebra.Order.BigOperators.Group.LocallyFinite,0m1.875s,0m1.894s
Mathlib.MeasureTheory.PiSystem,0m2.196s,0m2.182s
Mathlib.Algebra.Field.Action.ConjAct,0m1.294s,0m1.360s
Mathlib.MeasureTheory.MeasurableSpace.Constructions,0m2.704s,0m2.709s
Mathlib.CategoryTheory.Monoidal.Mon_,0m9.161s,0m9.203s
Mathlib.Data.QPF.Multivariate.Constructions.Comp,0m1.374s,0m1.370s
Mathlib.Combinatorics.SetFamily.Shadow,0m3.584s,0m3.641s
Mathlib.RingTheory.UniqueFactorizationDomain.NormalizedFactors,0m2.014s,0m1.990s
Mathlib.Data.QPF.Multivariate.Constructions.Sigma,0m1.393s,0m1.397s
Mathlib.Data.QPF.Multivariate.Constructions.Const,0m1.283s,0m1.272s
Mathlib.Data.QPF.Multivariate.Constructions.Prj,0m1.270s,0m1.288s
Mathlib.Combinatorics.SetFamily.FourFunctions,0m3.757s,0m3.736s
Mathlib.Data.QPF.Multivariate.Constructions.Quot,0m1.301s,0m1.276s
Mathlib.RingTheory.UniqueFactorizationDomain.FactorSet,0m2.515s,0m2.560s
Mathlib.GroupTheory.Solvable,0m1.783s,0m1.802s
Mathlib.RingTheory.TwoSidedIdeal.BigOperators,0m1.296s,0m1.372s
Mathlib.Algebra.BigOperators.Fin,0m5.138s,0m5.136s
Mathlib.Data.QPF.Multivariate.Constructions.Fix,0m1.580s,0m1.619s
Mathlib.Algebra.Group.Ideal,0m1.786s,0m1.696s
Mathlib.RingTheory.TwoSidedIdeal.Instances,0m1.190s,0m1.178s
Mathlib.Data.QPF.Multivariate.Constructions.Cofix,0m2.325s,0m2.312s
Mathlib.Algebra.Module.Submodule.Basic,0m1.593s,0m1.568s
Mathlib.RingTheory.TwoSidedIdeal.Lattice,0m1.794s,0m1.799s
Mathlib.Algebra.Module.Submodule.Order,0m1.290s,0m1.180s
Mathlib.GroupTheory.FreeAbelianGroup,0m3.375s,0m3.343s
Mathlib.RingTheory.Ideal.Defs,0m1.495s,0m1.506s
Mathlib.Algebra.Module.Submodule.Lattice,0m2.741s,0m2.599s
Mathlib.LinearAlgebra.Quotient.Defs,0m2.091s,0m2.174s
Mathlib.Algebra.Module.Submodule.LinearMap,0m2.392s,0m2.402s
Mathlib.Algebra.ContinuedFractions.Computation.TerminatesIffRat,0m1.713s,0m1.708s
Mathlib.CategoryTheory.WithTerminal.FinCategory,0m1.364s,0m1.369s
Mathlib.CategoryTheory.WithTerminal,0m1.208s,0m1.168s
Mathlib.LinearAlgebra.Finsupp.SumProd,0m1.582s,0m1.570s
Mathlib.Data.Finsupp.Interval,0m1.613s,0m1.578s
Mathlib.Data.Finsupp.ToDFinsupp,0m1.866s,0m1.886s
Mathlib.Data.Finsupp.Antidiagonal,0m1.504s,0m1.519s
Mathlib.Data.Nat.Factorization.Defs,0m1.806s,0m1.911s
Mathlib.Topology.Category.Born,0m1.267s,0m1.390s
Mathlib.Topology.Order.Bornology,0m1.361s,0m1.370s
Mathlib.Algebra.MonoidAlgebra.Division,0m1.792s,0m1.696s
Mathlib.LinearAlgebra.Finsupp.Defs,0m3.242s,0m3.222s
Mathlib.Algebra.MonoidAlgebra.Opposite,0m2.011s,0m2.015s
Mathlib.Algebra.MonoidAlgebra.Lift,0m1.880s,0m1.811s
Mathlib.Order.Category.BoolAlg,0m2.444s,0m2.390s
Mathlib.Combinatorics.SimpleGraph.Walks.Subwalks,0m1.888s,0m1.785s
Mathlib.Algebra.Order.Archimedean.IndicatorCard,0m1.608s,0m1.493s
Mathlib.CategoryTheory.Bicategory.Kan.HasKan,0m2.020s,0m2.073s
Mathlib.Topology.Algebra.InfiniteSum.SummationFilter,0m2.914s,0m2.921s
Mathlib.GroupTheory.Archimedean,0m1.810s,0m1.894s
Mathlib.CategoryTheory.WithTerminal.Cone,0m6.249s,0m5.250s
Mathlib.Algebra.Order.Archimedean.Submonoid,0m1.296s,0m1.283s
Mathlib.Algebra.Order.Archimedean.Hom,0m1.483s,0m1.487s
Mathlib.Order.Filter.AtTopBot.Archimedean,0m1.989s,0m1.871s
Mathlib.CategoryTheory.Localization.StructuredArrow,0m1.490s,0m1.486s
Mathlib.Data.Real.Archimedean,0m2.425s,0m2.319s
Mathlib.Computability.Reduce,0m1.769s,0m1.801s
Mathlib.Algebra.AddConstMap.Basic,0m3.456s,0m3.427s
Mathlib.CategoryTheory.Localization.CalculusOfFractions.OfAdjunction,0m1.264s,0m1.299s
Mathlib.Computability.TMConfig,0m2.920s,0m2.916s
Mathlib.CategoryTheory.Localization.SmallHom,0m1.986s,0m1.981s
Mathlib.CategoryTheory.Localization.CalculusOfFractions.ComposableArrows,0m1.406s,0m1.294s
Mathlib.Algebra.Group.ConjFinite,0m1.403s,0m1.418s
Mathlib.GroupTheory.Abelianization.Finite,0m1.390s,0m1.413s
Mathlib.CategoryTheory.Localization.CalculusOfFractions.Fractions,0m1.567s,0m1.591s
Mathlib.Combinatorics.SimpleGraph.Operations,0m2.915s,0m2.919s
Mathlib.Algebra.Order.Archimedean.Class,0m5.267s,0m5.496s
Mathlib.Combinatorics.SimpleGraph.Copy,0m2.956s,0m2.857s
Mathlib.Topology.Homeomorph.TransferInstance,0m1.275s,0m1.275s
Mathlib.Topology.UniformSpace.AbsoluteValue,0m1.513s,0m1.377s
Mathlib.Algebra.Group.Subgroup.Finite,0m2.099s,0m1.985s
Mathlib.SetTheory.Cardinal.Embedding,0m1.495s,0m1.506s
Mathlib.Data.Setoid.Partition.Card,0m1.550s,0m1.491s
Mathlib.Order.Height,0m2.007s,0m1.996s
Mathlib.SetTheory.Cardinal.NatCount,0m1.369s,0m1.386s
Mathlib.CategoryTheory.Localization.Monoidal.Functor,0m3.065s,0m2.839s
Mathlib.Algebra.Group.Pointwise.Set.Card,0m2.110s,0m2.084s
Mathlib.Topology.Constructions.SumProd,0m3.112s,0m3.029s
Mathlib.GroupTheory.Perm.DomMulAct,0m1.703s,0m1.697s
Mathlib.CategoryTheory.Limits.Skeleton,0m1.296s,0m1.186s
Mathlib.Combinatorics.Matroid.Basic,0m2.614s,0m2.611s
Mathlib.CategoryTheory.Limits.Shapes.Equivalence,0m1.278s,0m1.257s
Mathlib.Order.Extension.Well,0m1.366s,0m1.365s
Mathlib.CategoryTheory.Localization.Monoidal.Basic,0m4.309s,0m4.156s
Mathlib.SetTheory.ZFC.Rank,0m1.586s,0m1.572s
Mathlib.CategoryTheory.Monoidal.Limits.Preserves,0m1.256s,0m1.260s
Mathlib.CategoryTheory.Monoidal.Closed.Basic,0m2.535s,0m2.522s
Mathlib.CategoryTheory.Monad.Limits,0m3.194s,0m3.147s
Mathlib.CategoryTheory.Limits.FunctorToTypes,0m1.287s,0m1.195s
Mathlib.CategoryTheory.Limits.FunctorCategory.Shapes.Products,0m1.478s,0m1.381s
Mathlib.CategoryTheory.Limits.ColimitLimit,0m1.605s,0m1.696s
Mathlib.CategoryTheory.Limits.Yoneda,0m1.690s,0m1.810s
Mathlib.SetTheory.Ordinal.CantorNormalForm,0m1.585s,0m1.593s
Mathlib.SetTheory.Ordinal.FixedPoint,0m1.689s,0m1.710s
Mathlib.ModelTheory.Algebra.Ring.Basic,0m1.940s,0m2.014s
Mathlib.ModelTheory.Quotients,0m1.394s,0m1.392s
Mathlib.Tactic.NormNum.Ordinal,0m2.219s,0m2.116s
Mathlib.ModelTheory.Arithmetic.Presburger.Basic,0m1.511s,0m1.481s
Mathlib.SetTheory.Cardinal.Aleph,0m2.499s,0m2.410s
Mathlib.ModelTheory.Definability,0m1.774s,0m1.767s
Mathlib.CategoryTheory.Action.Basic,0m4.591s,0m4.642s
Mathlib.Data.Nat.Prime.Nth,0m1.280s,0m1.280s
Mathlib.SetTheory.Game.Ordinal,0m2.229s,0m2.308s
Mathlib.CategoryTheory.Monoidal.Limits.Basic,0m1.547s,0m1.467s
Mathlib.CategoryTheory.Comma.StructuredArrow.Functor,0m2.645s,0m2.292s
Mathlib.Order.WellFoundedSet,0m2.505s,0m2.533s
Mathlib.CategoryTheory.Limits.Shapes.Grothendieck,0m3.394s,0m3.259s
Mathlib.CategoryTheory.Limits.Shapes.FunctorToTypes,0m2.083s,0m2.096s
Mathlib.CategoryTheory.Limits.Types.Coproducts,0m1.594s,0m1.589s
Mathlib.CategoryTheory.Limits.Types.Products,0m1.779s,0m1.807s
Mathlib.CategoryTheory.Monoidal.ExternalProduct.Basic,0m2.955s,0m2.742s
Mathlib.CategoryTheory.Limits.Shapes.StrictInitial,0m1.479s,0m1.514s
Mathlib.CategoryTheory.Monad.Products,0m2.525s,0m2.394s
Mathlib.CategoryTheory.Limits.Shapes.CombinedProducts,0m1.908s,0m1.932s
Mathlib.CategoryTheory.Limits.Preorder,0m1.485s,0m1.479s
Mathlib.CategoryTheory.Limits.Shapes.PiProd,0m1.786s,0m1.784s
Mathlib.CategoryTheory.Limits.Shapes.Pullback.Cospan,0m2.206s,0m2.284s
Mathlib.CategoryTheory.Limits.Preserves.Shapes.BinaryProducts,0m1.498s,0m1.579s
Mathlib.CategoryTheory.EffectiveEpi.Preserves,0m1.584s,0m1.585s
Mathlib.Order.CompactlyGenerated.Intervals,0m1.477s,0m1.476s
Mathlib.Order.BooleanGenerators,0m1.496s,0m1.583s
Mathlib.Order.JordanHolder,0m2.761s,0m2.756s
Mathlib.MeasureTheory.MeasurableSpace.NCard,0m1.389s,0m1.371s
Mathlib.Order.Interval.Finset.Box,0m2.005s,0m1.895s
Mathlib.Algebra.BigOperators.Intervals,0m2.003s,0m1.980s
Mathlib.MeasureTheory.MeasurableSpace.PreorderRestrict,0m1.367s,0m1.290s
Mathlib.MeasureTheory.MeasurableSpace.Pi,0m1.448s,0m1.392s
Mathlib.MeasureTheory.SetSemiring,0m2.069s,0m2.096s
Mathlib.MeasureTheory.MeasurableSpace.MeasurablyGenerated,0m1.783s,0m1.788s
Mathlib.CategoryTheory.Monoidal.Opposite.Mon_,0m1.784s,0m1.815s
Mathlib.CategoryTheory.Monoidal.Yoneda,0m1.304s,0m1.181s
Mathlib.Order.KrullDimension,0m4.863s,0m4.738s
Mathlib.Combinatorics.Enumerative.IncidenceAlgebra,0m4.480s,0m4.392s
Mathlib.MeasureTheory.MeasurableSpace.Embedding,0m3.108s,0m3.028s
Mathlib.CategoryTheory.Monad.EquivMon,0m2.636s,0m2.507s
Mathlib.RingTheory.UniqueFactorizationDomain.Finsupp,0m1.507s,0m1.505s
Mathlib.RingTheory.UniqueFactorizationDomain.Multiplicity,0m1.468s,0m1.616s
Mathlib.CategoryTheory.Monoidal.Mod_,0m2.346s,0m2.337s
Mathlib.Combinatorics.SetFamily.LYM,0m2.100s,0m2.092s
Mathlib.RingTheory.UniqueFactorizationDomain.Nat,0m1.357s,0m1.394s
Mathlib.Algebra.GroupWithZero.Torsion,0m1.381s,0m1.411s
Mathlib.RingTheory.UniqueFactorizationDomain.Finite,0m1.380s,0m1.471s
Mathlib.Combinatorics.SetFamily.Compression.UV,0m2.492s,0m2.516s
Mathlib.CategoryTheory.Monoidal.Comon_,0m3.612s,0m3.559s
Mathlib.RingTheory.UniqueFactorizationDomain.Multiplicative,0m1.669s,0m1.787s
Mathlib.RingTheory.UniqueFactorizationDomain.GCDMonoid,0m1.561s,0m1.636s
Mathlib.CategoryTheory.Monoidal.CommMon_,0m5.330s,0m4.919s
Mathlib.Algebra.BigOperators.Finsupp.Fin,0m1.409s,0m1.391s
Mathlib.Data.Fin.Tuple.NatAntidiagonal,0m1.606s,0m1.608s
Mathlib.Data.Fin.Tuple.Reflection,0m1.917s,0m1.886s
Mathlib.RingTheory.SimpleRing.Defs,0m1.304s,0m1.291s
Mathlib.RingTheory.TwoSidedIdeal.Kernel,0m1.513s,0m1.454s
Mathlib.RingTheory.FreeRing,0m1.651s,0m1.495s
Mathlib.Combinatorics.Enumerative.Catalan,0m2.932s,0m2.316s
Mathlib.RingTheory.Ideal.BigOperators,0m1.307s,0m1.262s
Mathlib.Algebra.FreeAbelianGroup.Finsupp,0m1.590s,0m1.495s
Mathlib.MeasureTheory.Constructions.SubmoduleQuotient,0m1.388s,0m1.275s
Mathlib.Combinatorics.Enumerative.Composition,0m2.717s,0m2.716s
Mathlib.LinearAlgebra.Quotient.Card,0m1.495s,0m1.410s
Mathlib.RingTheory.Ideal.Lattice,0m1.512s,0m1.475s
Mathlib.Algebra.Module.Submodule.RestrictScalars,0m1.905s,0m1.793s
Mathlib.RingTheory.Ideal.Quotient.Defs,0m1.977s,0m1.925s
Mathlib.Data.Finsupp.Encodable,0m1.387s,0m1.400s
Mathlib.Testing.Plausible.Functions,0m1.704s,0m1.724s
Mathlib.RingTheory.TwoSidedIdeal.Operations,0m2.399s,0m2.422s
Mathlib.Data.DFinsupp.Small,0m1.286s,0m1.436s
Mathlib.Data.Nat.Factorization.Induction,0m1.484s,0m1.985s
Mathlib.Data.Nat.Factorization.Root,0m1.700s,0m2.061s
Mathlib.Algebra.MonoidAlgebra.NoZeroDivisors,0m1.699s,0m1.738s
Mathlib.LinearAlgebra.Span.Defs,0m3.544s,0m3.515s
Mathlib.Data.Nat.Factorization.Basic,0m2.111s,0m2.210s
Mathlib.Algebra.Category.BoolRing,0m1.990s,0m1.937s
Mathlib.Combinatorics.SimpleGraph.Walk,0m1.274s,0m1.293s
Mathlib.LinearAlgebra.Finsupp.LSum,0m3.050s,0m3.139s
Mathlib.Order.Category.FinBoolAlg,0m2.412s,0m2.241s
Mathlib.Algebra.Module.Submodule.Map,0m4.251s,0m4.250s
Mathlib.Algebra.MonoidAlgebra.MapDomain,0m2.197s,0m2.092s
Mathlib.Combinatorics.SimpleGraph.Connectivity.WalkDecomp,0m1.914s,0m1.911s
Mathlib.Data.Real.Pointwise,0m1.595s,0m1.588s
Mathlib.Order.Filter.AtTopBot.Interval,0m1.904s,0m1.998s
Mathlib.Algebra.Order.CompleteField,0m2.359s,0m2.376s
Mathlib.Combinatorics.Schnirelmann,0m1.902s,0m1.878s
Mathlib.Algebra.AddConstMap.Equiv,0m1.611s,0m1.690s
Mathlib.CategoryTheory.Bicategory.Kan.Adjunction,0m3.708s,0m3.377s
Mathlib.GroupTheory.GroupAction.CardCommute,0m1.901s,0m1.898s
Mathlib.Data.Real.Embedding,0m3.397s,0m3.270s
Mathlib.Topology.Instances.Shrink,0m1.303s,0m1.281s
Mathlib.Algebra.Order.Module.Archimedean,0m2.102s,0m2.071s
Mathlib.Topology.FiberBundle.IsHomeomorphicTrivialBundle,0m1.259s,0m1.289s
Mathlib.GroupTheory.Perm.Subgroup,0m1.391s,0m1.392s
Mathlib.GroupTheory.ClassEquation,0m1.567s,0m1.586s
Mathlib.Data.NNReal.Defs,0m3.906s,0m3.831s
Mathlib.Computability.TMToPartrec,0m3.299s,0m3.083s
Mathlib.Topology.Algebra.Monoid.Defs,0m1.393s,0m1.407s
Mathlib.CategoryTheory.Localization.Monoidal,0m1.187s,0m1.168s
Mathlib.Combinatorics.SimpleGraph.Extremal.Basic,0m4.123s,0m4.083s
Mathlib.Topology.Constructions,0m3.016s,0m3.035s
Mathlib.SetTheory.ZFC.Ordinal,0m1.910s,0m1.798s
Mathlib.CategoryTheory.Localization.Monoidal.Braided,0m3.148s,0m3.050s
Mathlib.CategoryTheory.Monoidal.Braided.Reflection,0m2.024s,0m2.000s
Mathlib.CategoryTheory.Preadditive.Projective.Internal,0m1.284s,0m1.283s
Mathlib.Combinatorics.Matroid.IndepAxioms,0m4.029s,0m4.061s
Mathlib.CategoryTheory.Limits.ConeCategory,0m3.685s,0m3.551s
Mathlib.CategoryTheory.Monoidal.Closed.Transport,0m1.204s,0m1.287s
Mathlib.CategoryTheory.Closed.Monoidal,0m1.196s,0m1.195s
Mathlib.CategoryTheory.Limits.Preserves.Yoneda,0m1.893s,0m1.910s
Mathlib.SetTheory.Ordinal.Principal,0m1.789s,0m1.797s
Mathlib.CategoryTheory.Monoidal.Rigid.Basic,0m3.646s,0m3.603s
Mathlib.CategoryTheory.Monoidal.Closed.FunctorCategory.Groupoid,0m2.509s,0m2.476s
Mathlib.ModelTheory.Algebra.Field.Basic,0m2.207s,0m2.223s
Mathlib.ModelTheory.Ultraproducts,0m1.596s,0m1.587s
Mathlib.SetTheory.Ordinal.Veblen,0m3.053s,0m2.956s
Mathlib.CategoryTheory.Monoidal.Limits,0m1.197s,0m1.172s
Mathlib.SetTheory.Cardinal.Arithmetic,0m2.078s,0m2.124s
Mathlib.CategoryTheory.Action.Concrete,0m1.930s,0m1.874s
Mathlib.Algebra.Order.Group.Ideal,0m1.492s,0m1.492s
Mathlib.Data.Finsupp.PWO,0m1.290s,0m1.300s
Mathlib.SetTheory.Surreal.Basic,0m2.217s,0m2.325s
Mathlib.SetTheory.Game.Birthday,0m2.650s,0m2.648s
Mathlib.CategoryTheory.Functor.KanExtension.Basic,0m7.383s,0m7.199s
Mathlib.Data.DFinsupp.Lex,0m2.317s,0m2.306s
Mathlib.RingTheory.HahnSeries.Basic,0m2.008s,0m2.006s
Mathlib.Data.Set.MulAntidiagonal,0m1.502s,0m1.563s
Mathlib.Data.Set.SMulAntidiagonal,0m1.516s,0m1.495s
Mathlib.CategoryTheory.Monoidal.ExternalProduct,0m1.177s,0m1.195s
Mathlib.Algebra.Group.Submonoid.Pointwise,0m2.327s,0m2.317s
Mathlib.CategoryTheory.Limits.Preserves.Grothendieck,0m1.802s,0m1.810s
Mathlib.CategoryTheory.Limits.Shapes.Preorder.Basic,0m1.170s,0m1.280s
Mathlib.Data.Nat.Factorial.SuperFactorial,0m1.481s,0m1.384s
Mathlib.Algebra.BigOperators.Module,0m1.706s,0m1.714s
Mathlib.Data.Nat.Digits.Lemmas,0m1.886s,0m1.787s
Mathlib.MeasureTheory.SetAlgebra,0m1.596s,0m1.504s
Mathlib.CategoryTheory.Limits.Shapes.Pullback.PullbackCone,0m2.496s,0m2.490s
Mathlib.Data.Nat.Choose.Sum,0m1.981s,0m1.997s
Mathlib.Combinatorics.SetFamily.AhlswedeZhang,0m2.583s,0m2.622s
Mathlib.Algebra.Ring.GeomSum,0m2.196s,0m2.187s
Mathlib.MeasureTheory.MeasurableSpace.Prod,0m1.475s,0m1.468s
Mathlib.Probability.Kernel.IonescuTulcea.Maps,0m2.205s,0m2.091s
Mathlib.CategoryTheory.Monoidal.CommComon_,0m1.390s,0m1.379s
Mathlib.CategoryTheory.Monoidal.Conv,0m1.391s,0m1.396s
Mathlib.MeasureTheory.MeasurableSpace.CountablyGenerated,0m1.790s,0m1.881s
Mathlib.CategoryTheory.Bicategory.Monad.Basic,0m1.908s,0m1.807s
Mathlib.CategoryTheory.CopyDiscardCategory.Basic,0m1.283s,0m1.293s
Mathlib.RingTheory.ChainOfDivisors,0m2.101s,0m2.116s
Mathlib.RingTheory.SimpleRing.Basic,0m1.432s,0m1.375s
Mathlib.Algebra.FreeAbelianGroup.UniqueSums,0m1.276s,0m1.257s
Mathlib.RingTheory.Ideal.Prime,0m1.487s,0m1.483s
Mathlib.Data.Nat.Factorization.PrimePow,0m1.589s,0m1.505s
Mathlib.Algebra.Order.Antidiag.Pi,0m2.951s,0m2.948s
Mathlib.Data.Nat.Factorization.LCM,0m1.494s,0m1.463s
Mathlib.Combinatorics.Enumerative.DyckWord,0m2.948s,0m2.842s
Mathlib.Algebra.MonoidAlgebra.Module,0m2.103s,0m2.092s
Mathlib.CategoryTheory.Monoidal.Bimon_,0m5.083s,0m4.908s
Mathlib.Algebra.Module.Submodule.Invariant,0m1.898s,0m1.890s
Mathlib.Algebra.Module.Submodule.Ker,0m2.586s,0m2.619s
Mathlib.Data.NNReal.Basic,0m1.769s,0m1.805s
Mathlib.Data.NNReal.Star,0m1.381s,0m1.393s
Mathlib.Data.Int.WithZero,0m1.490s,0m1.593s
Mathlib.LinearAlgebra.AffineSpace.AffineSubspace.Defs,0m4.671s,0m4.678s
Mathlib.Topology.Algebra.Group.Defs,0m1.574s,0m1.449s
Mathlib.Topology.PreorderRestrict,0m1.289s,0m1.318s
Mathlib.Combinatorics.SimpleGraph.Paths,0m3.608s,0m3.215s
Mathlib.Data.ENNReal.Basic,0m2.940s,0m3.017s
Mathlib.MeasureTheory.Constructions.Cylinders,0m1.782s,0m1.875s
Mathlib.Topology.List,0m1.775s,0m1.782s
Mathlib.Topology.Hom.ContinuousEvalConst,0m1.374s,0m1.399s
Mathlib.CategoryTheory.Monoidal.Internal.FunctorCategory,0m7.518s,0m6.862s
Mathlib.Topology.LocallyClosed,0m1.491s,0m1.491s
Mathlib.CategoryTheory.Closed.FunctorCategory.Groupoid,0m1.193s,0m1.186s
Mathlib.Analysis.Normed.Group.Seminorm,0m3.617s,0m3.544s
Mathlib.SetTheory.ZFC.Class,0m1.828s,0m1.824s
Mathlib.CategoryTheory.Monoidal.Rigid.Braided,0m1.481s,0m1.525s
Mathlib.Topology.NhdsWithin,0m2.114s,0m2.076s
Mathlib.Combinatorics.Matroid.Dual,0m2.075s,0m2.100s
Mathlib.CategoryTheory.Monoidal.Rigid.OfEquivalence,0m1.388s,0m1.381s
Mathlib.Data.W.Cardinal,0m1.387s,0m1.388s
Mathlib.Data.Set.Card.Arithmetic,0m1.904s,0m1.932s
Mathlib.CategoryTheory.Monoidal.Rigid.FunctorCategory,0m2.131s,0m2.223s
Mathlib.GroupTheory.OreLocalization.Cardinality,0m1.802s,0m1.790s
Mathlib.SetTheory.Cardinal.Divisibility,0m1.700s,0m1.693s
Mathlib.ModelTheory.Encoding,0m2.521s,0m2.532s
Mathlib.SetTheory.Cardinal.CountableCover,0m1.510s,0m1.496s
Mathlib.SetTheory.Cardinal.Finsupp,0m1.471s,0m1.518s
Mathlib.SetTheory.Cardinal.Ordinal,0m1.601s,0m1.631s
Mathlib.SetTheory.Cardinal.Continuum,0m1.495s,0m1.482s
Mathlib.SetTheory.Ordinal.Notation,0m4.151s,0m3.992s
Mathlib.SetTheory.Cardinal.Cofinality,0m2.076s,0m2.021s
Mathlib.Data.Finset.MulAntidiagonal,0m1.699s,0m1.692s
Mathlib.CategoryTheory.Functor.Derived.RightDerived,0m2.081s,0m2.130s
Mathlib.Data.Finsupp.PointwiseSMul,0m1.594s,0m1.493s
Mathlib.SetTheory.Game.Nim,0m2.323s,0m2.223s
Mathlib.CategoryTheory.Functor.Derived.LeftDerived,0m2.214s,0m2.192s
Mathlib.Data.Finset.SMulAntidiagonal,0m1.717s,0m1.585s
Mathlib.Data.DFinsupp.WellFounded,0m1.758s,0m1.587s
Mathlib.Data.Finsupp.Lex,0m2.306s,0m1.804s
Mathlib.GroupTheory.Submonoid.Inverses,0m2.127s,0m1.997s
Mathlib.Algebra.Group.Submonoid.Units,0m2.400s,0m2.384s
Mathlib.Algebra.GroupWithZero.Submonoid.Pointwise,0m1.697s,0m1.681s
Mathlib.Algebra.Ring.Submonoid.Pointwise,0m1.906s,0m1.880s
Mathlib.Algebra.Group.Subgroup.Pointwise,0m3.030s,0m2.805s
Mathlib.CategoryTheory.Functor.KanExtension.Pointwise,0m4.257s,0m4.097s
Mathlib.Data.Nat.Digits.Div,0m1.387s,0m1.407s
Mathlib.RingTheory.HahnSeries.Addition,0m2.951s,0m2.819s
Mathlib.NumberTheory.Primorial,0m1.610s,0m1.600s
Mathlib.Algebra.Ring.Divisibility.Lemmas,0m1.615s,0m1.600s
Mathlib.Algebra.Order.Ring.IsNonarchimedean,0m1.795s,0m1.710s
Mathlib.Algebra.Field.GeomSum,0m1.617s,0m1.596s
Mathlib.RingTheory.Nilpotent.Basic,0m1.653s,0m1.794s
Mathlib.Algebra.Order.Ring.GeomSum,0m1.870s,0m1.899s
Mathlib.CategoryTheory.CopyDiscardCategory.Deterministic,0m1.292s,0m1.306s
Mathlib.CategoryTheory.MarkovCategory.Basic,0m1.283s,0m1.287s
Mathlib.RingTheory.SimpleRing.Field,0m1.597s,0m1.493s
Mathlib.CategoryTheory.Limits.Shapes.Pullback.HasPullback,0m3.021s,0m3.046s
Mathlib.RingTheory.SimpleRing.Congr,0m1.612s,0m1.586s
Mathlib.RingTheory.Spectrum.Prime.Defs,0m1.414s,0m1.383s
Mathlib.Algebra.Order.Ring.Ordering.Defs,0m2.093s,0m2.199s
Mathlib.Algebra.Field.Subfield.Basic,0m2.811s,0m2.711s
Mathlib.Data.Nat.Choose.Multinomial,0m2.127s,0m2.101s
Mathlib.Algebra.Order.Antidiag.Finsupp,0m2.205s,0m2.237s
Mathlib.CategoryTheory.Monoidal.Hopf_,0m2.523s,0m2.438s
Mathlib.Algebra.Module.Submodule.IterateMapComap,0m1.480s,0m1.466s
Mathlib.Algebra.Module.Submodule.EqLocus,0m1.477s,0m1.582s
Mathlib.NumberTheory.FactorisationProperties,0m4.635s,0m4.180s
Mathlib.Combinatorics.SimpleGraph.Trails,0m1.486s,0m1.484s
Mathlib.Algebra.Algebra.Basic,0m3.215s,0m3.212s
Mathlib.Algebra.Polynomial.Basic,0m3.923s,0m3.945s
Mathlib.Algebra.Module.Submodule.Range,0m2.930s,0m2.911s
Mathlib.Data.Real.ENatENNReal,0m1.678s,0m1.671s
Mathlib.Data.ENNReal.Lemmas,0m1.394s,0m1.394s
Mathlib.Topology.Algebra.ContinuousMonoidHom,0m3.189s,0m3.128s
Mathlib.Combinatorics.SimpleGraph.Connectivity.Connected,0m2.407s,0m2.524s
Mathlib.Topology.Hom.ContinuousEval,0m1.375s,0m1.388s
Mathlib.CategoryTheory.Monoidal.Internal.Limits,0m1.875s,0m1.834s
Mathlib.SetTheory.ZFC.VonNeumann,0m1.777s,0m1.803s
Mathlib.Data.ENNReal.Real,0m2.106s,0m2.095s
Mathlib.Combinatorics.SimpleGraph.Clique,0m4.482s,0m4.455s
Mathlib.GroupTheory.MonoidLocalization.Cardinality,0m1.428s,0m1.367s
Mathlib.RingTheory.OreLocalization.Cardinality,0m1.396s,0m1.402s
Mathlib.Topology.ContinuousOn,0m2.383s,0m2.420s
Mathlib.Data.Finsupp.WellFounded,0m1.494s,0m1.492s
Mathlib.Combinatorics.Matroid.Minor.Restrict,0m2.942s,0m2.951s
Mathlib.SetTheory.Cardinal.Regular,0m1.805s,0m1.798s
Mathlib.CategoryTheory.Functor.Derived.Adjunction,0m2.121s,0m2.108s
Mathlib.Logic.Hydra,0m1.510s,0m1.496s
Mathlib.Topology.Bases,0m3.979s,0m3.836s
Mathlib.Algebra.Ring.Subsemiring.Pointwise,0m1.919s,0m1.797s
Mathlib.CategoryTheory.Functor.Derived.PointwiseRightDerived,0m2.834s,0m1.607s
Mathlib.CategoryTheory.Functor.KanExtension.DenseAt,0m1.738s,0m1.461s
Mathlib.ModelTheory.Substructures,0m3.566s,0m3.126s
Mathlib.Geometry.Group.Growth.LinearLowerBound,0m2.037s,0m1.914s
Mathlib.Algebra.GroupWithZero.Range,0m1.809s,0m1.715s
Mathlib.Algebra.GroupWithZero.Subgroup,0m1.790s,0m1.693s
Mathlib.GroupTheory.DoubleCoset,0m2.508s,0m2.316s
Mathlib.GroupTheory.Finiteness,0m3.129s,0m2.927s
Mathlib.CategoryTheory.Functor.KanExtension.Adjunction,0m4.270s,0m3.779s
Mathlib.Algebra.Squarefree.Basic,0m2.146s,0m1.890s
Mathlib.GroupTheory.QuotientGroup.Basic,0m3.723s,0m3.249s
Mathlib.Combinatorics.Additive.ApproximateSubgroup,0m4.169s,0m3.912s
Mathlib.Algebra.Order.Field.GeomSum,0m1.691s,0m1.701s
Mathlib.Data.Nat.Choose.Factorization,0m1.918s,0m1.802s
Mathlib.CategoryTheory.Limits.Shapes.DisjointCoproduct,0m1.485s,0m1.378s
Mathlib.Algebra.Order.CauSeq.BigOperators,0m3.320s,0m3.162s
Mathlib.CategoryTheory.Limits.Preserves.Creates.Pullbacks,0m1.292s,0m1.272s
Mathlib.CategoryTheory.Limits.FunctorCategory.Shapes.Pullbacks,0m1.682s,0m1.598s
Mathlib.CategoryTheory.EffectiveEpi.Coproduct,0m1.580s,0m1.465s
Mathlib.Combinatorics.Colex,0m2.709s,0m2.483s
Mathlib.RingTheory.HahnSeries.Lex,0m4.201s,0m3.951s
Mathlib.SetTheory.Cardinal.Subfield,0m1.801s,0m1.673s
Mathlib.CategoryTheory.Limits.Shapes.Pullback.Iso,0m1.788s,0m1.687s
Mathlib.Combinatorics.Enumerative.Bell,0m1.987s,0m1.900s
Mathlib.Combinatorics.Enumerative.Partition.Basic,0m1.913s,0m1.707s
Mathlib.Algebra.Algebra.IsSimpleRing,0m1.389s,0m1.389s
Mathlib.NumberTheory.ClassNumber.AdmissibleAbs,0m1.698s,0m1.604s
Mathlib.Algebra.Polynomial.Monomial,0m1.600s,0m1.607s
Mathlib.Algebra.Polynomial.Cardinal,0m1.614s,0m1.485s
Mathlib.CategoryTheory.Limits.Shapes.Pullback.Pasting,0m3.641s,0m3.512s
Mathlib.Algebra.Polynomial.Eval.Defs,0m2.899s,0m2.707s
Mathlib.Algebra.Module.LinearMap.DivisionRing,0m1.620s,0m1.403s
Mathlib.Algebra.Algebra.Hom,0m3.125s,0m2.725s
Mathlib.Algebra.Order.Ring.Ordering.Basic,0m6.177s,0m4.871s
Mathlib.LinearAlgebra.Finsupp.Supported,0m2.225s,0m2.092s
Mathlib.Combinatorics.SimpleGraph.Path,0m1.290s,0m1.280s
Mathlib.Combinatorics.SimpleGraph.Hamiltonian,0m1.709s,0m1.478s
Mathlib.CategoryTheory.Limits.Shapes.Equalizers,0m5.771s,0m5.164s
Mathlib.Combinatorics.SimpleGraph.Connectivity.WalkCounting,0m2.123s,0m1.903s
Mathlib.Combinatorics.SimpleGraph.Metric,0m1.931s,0m1.813s
Mathlib.Algebra.Module.Submodule.Equiv,0m3.108s,0m2.913s
Mathlib.Combinatorics.SimpleGraph.Coloring,0m2.615s,0m2.547s
Mathlib.Combinatorics.SimpleGraph.Triangle.Basic,0m3.104s,0m2.832s
Mathlib.Combinatorics.SimpleGraph.Triangle.Counting,0m2.719s,0m2.523s
Mathlib.Data.ENNReal.Operations,0m3.302s,0m3.115s
Mathlib.Topology.UniformSpace.Basic,0m2.911s,0m2.696s
Mathlib.Topology.Compactness.Compact,0m3.111s,0m2.903s
Mathlib.Topology.LocallyFinite,0m1.605s,0m1.492s
Mathlib.Topology.Coherent,0m1.491s,0m1.493s
Mathlib.Combinatorics.SimpleGraph.Connectivity.Subgraph,0m5.434s,0m4.824s
Mathlib.Topology.Clopen,0m1.504s,0m1.374s
Mathlib.Topology.Order.LeftRight,0m1.489s,0m1.465s
Mathlib.Topology.Inseparable,0m2.407s,0m2.384s
Mathlib.Topology.Irreducible,0m1.803s,0m1.724s
Mathlib.Topology.Order.LocalExtr,0m2.695s,0m2.633s
Mathlib.Topology.Piecewise,0m1.580s,0m1.507s
Mathlib.SetTheory.Cardinal.Pigeonhole,0m1.582s,0m1.489s
Mathlib.Combinatorics.Matroid.Constructions,0m1.781s,0m1.697s
Mathlib.Data.Finsupp.MonomialOrder,0m2.098s,0m1.905s
Mathlib.MeasureTheory.MeasurableSpace.Card,0m1.993s,0m1.914s
Mathlib.SetTheory.Cardinal.HasCardinalLT,0m1.689s,0m1.592s
Mathlib.Order.Filter.CardinalInter,0m2.004s,0m1.909s
Mathlib.SetTheory.Game.Short,0m2.300s,0m2.014s
Mathlib.Topology.UniformSpace.Ultra.Basic,0m1.482s,0m1.474s
Mathlib.ModelTheory.FinitelyGenerated,0m1.719s,0m1.579s
Mathlib.Algebra.Ring.Subgroup,0m1.602s,0m1.395s
Mathlib.SetTheory.Surreal.Multiplication,0m2.095s,0m1.983s
Mathlib.GroupTheory.Divisible,0m1.781s,0m1.803s
Mathlib.GroupTheory.MonoidLocalization.Finite,0m1.375s,0m1.404s
Mathlib.Algebra.AffineMonoid.Basic,0m1.390s,0m1.291s
Mathlib.Algebra.AffineMonoid.Irreducible,0m1.900s,0m1.918s
Mathlib.Algebra.Ring.Subring.Pointwise,0m1.880s,0m1.800s
Mathlib.GroupTheory.Rank,0m1.688s,0m1.588s
Mathlib.Algebra.GeomSum,0m1.383s,0m1.283s
Mathlib.GroupTheory.QuotientGroup.Finite,0m1.712s,0m1.591s
Mathlib.RingTheory.Radical,0m2.185s,0m2.116s
Mathlib.Data.Nat.Squarefree,0m2.297s,0m2.211s
Mathlib.ModelTheory.ElementaryMaps,0m4.180s,0m4.022s
Mathlib.Data.Nat.Multiplicity,0m1.914s,0m1.795s
Mathlib.Combinatorics.Enumerative.Partition,0m1.391s,0m1.273s
Mathlib.Combinatorics.SetFamily.KruskalKatona,0m2.414s,0m2.095s
Mathlib.CategoryTheory.Functor.KanExtension.Preserves,0m3.599s,0m3.390s
Mathlib.CategoryTheory.Limits.Shapes.Pullback.Mono,0m2.306s,0m2.203s
Mathlib.Algebra.Polynomial.Eval.Algebra,0m1.494s,0m1.363s
Mathlib.LinearAlgebra.SModEq.Basic,0m2.405s,0m2.282s
Mathlib.Computability.TMComputable,0m1.792s,0m1.764s
Mathlib.Algebra.Algebra.Hom.Rat,0m1.498s,0m1.414s
Mathlib.GroupTheory.Index,0m5.232s,0m4.915s
Mathlib.Algebra.MonoidAlgebra.Support,0m1.991s,0m1.911s
Mathlib.CategoryTheory.Comma.Over.Pullback,0m4.343s,0m3.896s
Mathlib.CategoryTheory.Limits.Shapes.Pullback.Assoc,0m4.346s,0m4.045s
Mathlib.CategoryTheory.Limits.Connected,0m1.818s,0m1.608s
Mathlib.CategoryTheory.Limits.Constructions.Pullbacks,0m1.387s,0m1.289s
Mathlib.CategoryTheory.Limits.Shapes.FiniteLimits,0m1.583s,0m1.498s
Mathlib.CategoryTheory.Limits.Shapes.RegularMono,0m2.727s,0m2.612s
Mathlib.CategoryTheory.Limits.Types.Coequalizers,0m1.394s,0m1.379s
Mathlib.CategoryTheory.Limits.Types.Equalizers,0m1.387s,0m1.289s
Mathlib.CategoryTheory.Limits.Shapes.SplitEqualizer,0m1.472s,0m1.492s
Mathlib.Algebra.Algebra.NonUnitalHom,0m4.602s,0m4.167s
Mathlib.CategoryTheory.Limits.Shapes.SplitCoequalizer,0m1.487s,0m1.480s
Mathlib.Algebra.Algebra.Equiv,0m4.719s,0m4.369s
Mathlib.Combinatorics.SimpleGraph.Connectivity.Represents,0m2.095s,0m2.008s
Mathlib.Combinatorics.SimpleGraph.Diam,0m1.696s,0m1.586s
Mathlib.CategoryTheory.Limits.Shapes.WideEqualizers,0m3.200s,0m3.035s
Mathlib.Combinatorics.SimpleGraph.Prod,0m2.195s,0m1.999s
Mathlib.Combinatorics.SimpleGraph.Partition,0m1.485s,0m1.482s
Mathlib.Combinatorics.SimpleGraph.Sum,0m1.805s,0m1.715s
Mathlib.CategoryTheory.Limits.Shapes.Multiequalizer,0m5.773s,0m5.444s
Mathlib.LinearAlgebra.Finsupp.LinearCombination,0m3.905s,0m3.605s
Mathlib.Data.ENNReal.Order,0m1.275s,0m1.302s
Mathlib.LinearAlgebra.Span.Basic,0m4.313s,0m4.229s
Mathlib.Algebra.Order.Floor.Extended,0m2.809s,0m2.612s
Mathlib.Combinatorics.SimpleGraph.Triangle.Tripartite,0m3.202s,0m3.061s
Mathlib.Dynamics.TopologicalEntropy.DynamicalEntourage,0m1.456s,0m1.496s
Mathlib.Topology.UniformSpace.DiscreteUniformity,0m1.525s,0m1.406s
Mathlib.Data.ENNReal.Action,0m1.786s,0m1.679s
Mathlib.Topology.Compactness.Bases,0m1.382s,0m1.392s
Mathlib.Topology.Compactness.LocallyCompact,0m1.581s,0m1.492s
Mathlib.Topology.UniformSpace.Compact,0m1.573s,0m1.522s
Mathlib.Data.EReal.Basic,0m3.075s,0m2.939s
Mathlib.Topology.Compactness.LocallyFinite,0m1.391s,0m1.251s
Mathlib.Topology.Compactness.CompactlyCoherentSpace,0m1.364s,0m1.356s
Mathlib.Algebra.Lie.Basic,0m6.957s,0m6.561s
Mathlib.Data.Analysis.Topology,0m1.789s,0m1.798s
Mathlib.Topology.NhdsKer,0m1.694s,0m1.582s
Mathlib.Topology.Algebra.Indicator,0m1.379s,0m1.286s
Mathlib.CategoryTheory.Comma.CardinalArrow,0m1.609s,0m1.569s
Mathlib.Topology.Connected.Basic,0m2.008s,0m1.901s
Mathlib.LinearAlgebra.BilinearMap,0m8.418s,0m7.900s
Mathlib.CategoryTheory.ObjectProperty.HasCardinalLT,0m1.384s,0m1.394s
Mathlib.Data.ENNReal.Inv,0m4.741s,0m4.363s
Mathlib.CategoryTheory.MorphismProperty.HasCardinalLT,0m1.488s,0m1.415s
Mathlib.CategoryTheory.SmallRepresentatives,0m2.005s,0m1.916s
Mathlib.Combinatorics.Matroid.Map,0m2.489s,0m2.533s
Mathlib.SetTheory.Game.State,0m1.582s,0m1.597s
Mathlib.ModelTheory.ElementarySubstructures,0m1.575s,0m1.588s
Mathlib.SetTheory.Surreal.Dyadic,0m2.000s,0m1.923s
Mathlib.NumberTheory.MaricaSchoenheim,0m1.614s,0m1.605s
Mathlib.NumberTheory.SmoothNumbers,0m2.144s,0m2.002s
Mathlib.Order.Filter.Cocardinal,0m3.696s,0m3.470s
Mathlib.ModelTheory.DirectLimit,0m3.567s,0m3.028s
Mathlib.LinearAlgebra.SModEq,0m1.447s,0m1.411s
Mathlib.NumberTheory.Padics.PadicVal.Basic,0m2.414s,0m2.100s
Mathlib.Algebra.CharP.Lemmas,0m2.285s,0m2.169s
Mathlib.GroupTheory.Commutator.Finite,0m1.591s,0m1.478s
Mathlib.GroupTheory.IndexNormal,0m1.609s,0m1.471s
Mathlib.NumberTheory.ArithmeticFunction.Defs,0m3.970s,0m3.630s
Mathlib.Algebra.Order.Ring.Units,0m1.508s,0m1.485s
Mathlib.GroupTheory.Commensurable,0m1.806s,0m1.714s
Mathlib.CategoryTheory.Limits.Shapes.Images,0m4.048s,0m3.759s
Mathlib.Algebra.Polynomial.Coeff,0m2.524s,0m2.472s
Mathlib.CategoryTheory.Limits.Opposites,0m2.713s,0m2.498s
Mathlib.CategoryTheory.Limits.Lattice,0m1.913s,0m1.788s
Mathlib.CategoryTheory.Limits.Shapes.FiniteProducts,0m1.426s,0m1.390s
Mathlib.Algebra.MonoidAlgebra.Degree,0m3.640s,0m3.628s
Mathlib.CategoryTheory.EffectiveEpi.RegularEpi,0m1.193s,0m1.186s
Mathlib.GroupTheory.GroupAction.Blocks,0m5.384s,0m5.063s
Mathlib.CategoryTheory.Filtered.Basic,0m2.513s,0m2.384s
Mathlib.FieldTheory.Galois.Notation,0m1.535s,0m1.489s
Mathlib.Algebra.Algebra.TransferInstance,0m1.628s,0m1.507s
Mathlib.CategoryTheory.Limits.Preserves.Shapes.Equalizers,0m1.931s,0m1.992s
Mathlib.GroupTheory.Complement,0m5.454s,0m5.099s
Mathlib.CategoryTheory.Limits.Constructions.WeaklyInitial,0m1.422s,0m1.307s
Mathlib.Algebra.Algebra.Prod,0m1.893s,0m1.698s
Mathlib.Combinatorics.SimpleGraph.Hasse,0m1.600s,0m1.472s
Mathlib.Order.CompleteLattice.MulticoequalizerDiagram,0m1.628s,0m1.486s
Mathlib.CategoryTheory.Limits.Shapes.FiniteMultiequalizer,0m2.059s,0m1.933s
Mathlib.Algebra.Algebra.Opposite,0m2.766s,0m2.517s
Mathlib.CategoryTheory.Limits.Types.Multiequalizer,0m1.524s,0m1.398s
Mathlib.CategoryTheory.Limits.Preserves.Shapes.Multiequalizer,0m1.506s,0m1.366s
Mathlib.LinearAlgebra.Countable,0m1.490s,0m1.369s
Mathlib.CategoryTheory.Limits.Shapes.End,0m2.516s,0m2.413s
Mathlib.Data.Finsupp.Weight,0m1.816s,0m1.700s
Mathlib.GroupTheory.OrderOfElement,0m9.400s,0m8.944s
Mathlib.Algebra.Algebra.Tower,0m2.718s,0m2.515s
Mathlib.RingTheory.Ideal.Span,0m1.939s,0m1.807s
Mathlib.LinearAlgebra.Finsupp.Span,0m3.246s,0m3.068s
Mathlib.LinearAlgebra.Basis.Defs,0m3.973s,0m3.756s
Mathlib.Data.Real.EReal,0m1.398s,0m1.308s
Mathlib.LinearAlgebra.LinearIndependent.Defs,0m4.147s,0m3.836s
Mathlib.Algebra.Module.Submodule.Pointwise,0m3.459s,0m3.313s
Mathlib.Algebra.Lie.NonUnitalNonAssocAlgebra,0m1.512s,0m1.524s
Mathlib.Topology.Separation.Basic,0m3.075s,0m2.912s
Mathlib.Topology.Compactness.NhdsKer,0m1.436s,0m1.408s
Mathlib.Topology.Compactness.SigmaCompact,0m1.818s,0m1.795s
Mathlib.Topology.Exterior,0m1.282s,0m1.271s
Mathlib.Algebra.NonAssoc.LieAdmissible.Defs,0m2.045s,0m1.898s
Mathlib.Topology.Connected.Clopen,0m1.917s,0m1.803s
Mathlib.Algebra.Module.Submodule.Bilinear,0m2.003s,0m1.897s
Mathlib.Data.ENNReal.Holder,0m1.629s,0m1.471s
Mathlib.Data.ENNReal.BigOperators,0m2.349s,0m2.185s
Mathlib.SetTheory.Game.Domineering,0m1.615s,0m1.462s
Mathlib.Data.EReal.Operations,0m4.801s,0m4.421s
Mathlib.Algebra.Algebra.NonUnitalSubalgebra,0m8.092s,0m7.587s
Mathlib.Topology.EMetricSpace.Defs,0m2.965s,0m2.837s
Mathlib.ModelTheory.Skolem,0m1.640s,0m1.497s
Mathlib.LinearAlgebra.Dual.Defs,0m3.980s,0m3.740s
Mathlib.ModelTheory.Bundled,0m1.724s,0m1.566s
Mathlib.Algebra.CharP.Frobenius,0m2.010s,0m1.888s
Mathlib.NumberTheory.SelbergSieve,0m1.951s,0m1.880s
Mathlib.NumberTheory.Padics.PadicNorm,0m2.132s,0m1.986s
Mathlib.Combinatorics.Matroid.Sum,0m4.519s,0m4.259s
Mathlib.NumberTheory.ArithmeticFunction.Zeta,0m2.102s,0m1.992s
Mathlib.ModelTheory.PartialEquiv,0m2.719s,0m2.597s
Mathlib.CategoryTheory.Limits.Types.Images,0m1.399s,0m1.354s
Mathlib.Data.Nat.Choose.Vandermonde,0m1.614s,0m1.479s
Mathlib.Combinatorics.Matroid.Closure,0m4.770s,0m4.663s
Mathlib.Algebra.Polynomial.Eval.Coeff,0m1.944s,0m1.769s
Mathlib.CategoryTheory.Limits.Preserves.Finite,0m1.713s,0m1.668s
Mathlib.CategoryTheory.Limits.IndYoneda,0m2.612s,0m2.531s
Mathlib.CategoryTheory.Limits.Shapes.ZeroMorphisms,0m2.724s,0m2.626s
Mathlib.CategoryTheory.Limits.Shapes.Opposites.Products,0m2.545s,0m2.302s
Mathlib.Algebra.Polynomial.Degree.Definitions,0m2.307s,0m2.312s
Mathlib.CategoryTheory.Limits.Shapes.Opposites.Pullbacks,0m2.967s,0m2.840s
Mathlib.CategoryTheory.Limits.Preserves.Filtered,0m1.522s,0m1.495s
Mathlib.CategoryTheory.Limits.Types.Filtered,0m1.587s,0m1.576s
Mathlib.CategoryTheory.WithTerminal.Lemmas,0m1.402s,0m1.266s
Mathlib.GroupTheory.GroupAction.Primitive,0m2.858s,0m2.772s
Mathlib.CategoryTheory.Limits.Types.ColimitTypeFiltered,0m1.403s,0m1.380s
Mathlib.CategoryTheory.Filtered.Small,0m1.912s,0m1.904s
Mathlib.CategoryTheory.Filtered.Grothendieck,0m1.507s,0m1.372s
Mathlib.CategoryTheory.Filtered.Connected,0m1.317s,0m1.298s
Mathlib.CategoryTheory.Limits.Constructions.EventuallyConstant,0m1.687s,0m1.698s
Mathlib.CategoryTheory.Limits.Filtered,0m1.392s,0m1.409s
Mathlib.Algebra.Algebra.Shrink,0m1.412s,0m1.378s
Mathlib.Combinatorics.SimpleGraph.Circulant,0m1.690s,0m1.611s
Mathlib.Algebra.Algebra.Pi,0m2.020s,0m1.901s
Mathlib.CategoryTheory.Limits.Final,0m5.637s,0m5.396s
Mathlib.GroupTheory.SemidirectProduct,0m3.974s,0m3.732s
Mathlib.Algebra.CharP.Two,0m1.781s,0m1.778s
Mathlib.Data.Finsupp.MonomialOrder.DegLex,0m2.644s,0m2.420s
Mathlib.GroupTheory.PushoutI,0m4.846s,0m4.697s
Mathlib.GroupTheory.HNNExtension,0m5.203s,0m4.986s
Mathlib.NumberTheory.MulChar.Basic,0m2.925s,0m2.901s
Mathlib.GroupTheory.Perm.Finite,0m1.889s,0m1.929s
Mathlib.LinearAlgebra.FiniteSpan,0m1.596s,0m1.466s
Mathlib.LinearAlgebra.Prod,0m6.218s,0m6.124s
Mathlib.GroupTheory.Exponent,0m3.431s,0m3.343s
Mathlib.CategoryTheory.Monoidal.Bimod,0m8.023s,0m7.849s
Mathlib.Data.ZMod.Basic,0m3.554s,0m3.302s
Mathlib.LinearAlgebra.BilinearForm.Basic,0m2.522s,0m2.394s
Mathlib.GroupTheory.NoncommPiCoprod,0m2.931s,0m2.831s
Mathlib.Algebra.Algebra.RestrictScalars,0m1.812s,0m1.714s
Mathlib.RingTheory.Ideal.Maximal,0m1.894s,0m1.773s
Mathlib.Tactic.Algebraize,0m2.312s,0m2.248s
Mathlib.Algebra.MonoidAlgebra.Basic,0m5.084s,0m4.648s
Mathlib.NumberTheory.Basic,0m1.597s,0m1.573s
Mathlib.Algebra.RingQuot,0m3.245s,0m3.049s
Mathlib.Algebra.MonoidAlgebra.Ideal,0m1.721s,0m1.585s
Mathlib.LinearAlgebra.Basis.Bilinear,0m1.837s,0m1.690s
Mathlib.Algebra.Polynomial.Basis,0m1.525s,0m1.401s
Mathlib.RingTheory.Localization.Basic,0m5.833s,0m5.095s
Mathlib.NumberTheory.Multiplicity,0m2.953s,0m2.782s
Mathlib.Topology.Separation.CountableSeparatingOn,0m1.416s,0m1.257s
Mathlib.LinearAlgebra.Basis.Cardinality,0m2.350s,0m2.106s
Mathlib.Tactic.Module,0m6.401s,0m5.979s
Mathlib.Topology.DiscreteSubset,0m2.341s,0m1.895s
Mathlib.Topology.Filter,0m1.790s,0m1.516s
Mathlib.Topology.IndicatorConstPointwise,0m1.722s,0m1.597s
Mathlib.Topology.Compactness.Exterior,0m1.279s,0m1.270s
Mathlib.Topology.AlexandrovDiscrete,0m1.587s,0m1.582s
Mathlib.ModelTheory.Arithmetic.Presburger.Semilinear.Defs,0m3.243s,0m3.097s
Mathlib.Topology.Connected.LocallyConnected,0m1.413s,0m1.395s
Mathlib.Topology.Connected.TotallyDisconnected,0m1.703s,0m1.601s
Mathlib.LinearAlgebra.LinearIndependent.Basic,0m4.492s,0m4.239s
Mathlib.Topology.Compactness.Lindelof,0m2.086s,0m1.971s
Mathlib.Topology.Separation.Hausdorff,0m2.180s,0m2.020s
Mathlib.Topology.MetricSpace.MetricSeparated,0m1.695s,0m1.581s
Mathlib.Data.Real.ConjExponents,0m2.497s,0m2.394s
Mathlib.Data.EReal.Inv,0m2.406s,0m2.380s
Mathlib.ModelTheory.Satisfiability,0m1.910s,0m1.909s
Mathlib.Algebra.CharP.Reduced,0m1.509s,0m1.482s
Mathlib.Algebra.Module.LocalizedModule.Basic,0m10.593s,0m10.286s
Mathlib.LinearAlgebra.Dual.Basis,0m2.313s,0m2.300s
Mathlib.Topology.MetricSpace.Pseudo.Defs,0m3.638s,0m3.322s
Mathlib.Combinatorics.Matroid.Rank.Finite,0m1.748s,0m1.580s
Mathlib.CategoryTheory.Functor.TypeValuedFlat,0m1.510s,0m1.407s
Mathlib.ModelTheory.Fraisse,0m2.032s,0m1.903s
Mathlib.CategoryTheory.Limits.FunctorCategory.Finite,0m1.441s,0m1.273s
Mathlib.NumberTheory.ArithmeticFunction.Misc,0m2.654s,0m2.491s
Mathlib.Combinatorics.Matroid.Circuit,0m2.738s,0m2.595s
Mathlib.CategoryTheory.Limits.Preserves.Opposites,0m1.817s,0m1.803s
Mathlib.CategoryTheory.Limits.FintypeCat,0m1.618s,0m1.573s
Mathlib.Algebra.Algebra.Subalgebra.Basic,0m6.453s,0m5.788s
Mathlib.CategoryTheory.Limits.Preserves.Shapes.Over,0m1.727s,0m1.619s
Mathlib.CategoryTheory.Limits.Preserves.Creates.Finite,0m2.276s,0m2.129s
Mathlib.CategoryTheory.Limits.Constructions.FiniteProductsOfBinaryProducts,0m1.925s,0m1.680s
Mathlib.CategoryTheory.Limits.MonoCoprod,0m2.036s,0m1.812s
Mathlib.Algebra.Polynomial.Degree.Monomial,0m1.620s,0m1.489s
Mathlib.CategoryTheory.Limits.Preserves.Shapes.Zero,0m1.722s,0m1.616s
Mathlib.CategoryTheory.Limits.ExactFunctor,0m2.638s,0m2.402s
Mathlib.CategoryTheory.Limits.Preserves.Over,0m1.996s,0m1.473s
Mathlib.Algebra.Polynomial.Degree.Operations,0m2.978s,0m2.677s
Mathlib.Algebra.Category.ModuleCat.Semi,0m2.826s,0m2.732s
Mathlib.CategoryTheory.Limits.ConcreteCategory.Basic,0m1.710s,0m1.574s
Mathlib.CategoryTheory.Limits.Set,0m1.435s,0m1.282s
Mathlib.CategoryTheory.Limits.Preserves.Shapes.Pullbacks,0m2.537s,0m2.399s
Mathlib.GroupTheory.GroupAction.Iwasawa,0m1.703s,0m1.563s
Mathlib.CategoryTheory.Limits.Shapes.Opposites.Filtered,0m1.420s,0m1.274s
Mathlib.CategoryTheory.Limits.FunctorCategory.Filtered,0m1.425s,0m1.291s
Mathlib.CategoryTheory.Limits.Shapes.Opposites.Equalizers,0m3.153s,0m2.937s
Mathlib.CategoryTheory.Filtered.OfColimitCommutesFiniteLimit,0m1.426s,0m1.366s
Mathlib.CategoryTheory.Limits.Presentation,0m1.840s,0m1.582s
Mathlib.CategoryTheory.Comma.StructuredArrow.Final,0m2.141s,0m1.924s
Mathlib.Order.Category.PartOrdEmb,0m2.649s,0m2.438s
Mathlib.CategoryTheory.Monoidal.ExternalProduct.KanExtension,0m2.540s,0m2.450s
Mathlib.CategoryTheory.Limits.IsConnected,0m1.615s,0m1.480s
Mathlib.CategoryTheory.Limits.Final.ParallelPair,0m1.421s,0m1.280s
Mathlib.CategoryTheory.Limits.Final.Type,0m1.512s,0m1.382s
Mathlib.CategoryTheory.Limits.Final.Connected,0m1.431s,0m1.405s
Mathlib.CategoryTheory.Limits.Shapes.Countable,0m1.892s,0m1.483s
Mathlib.CategoryTheory.Action,0m2.352s,0m1.997s
Mathlib.CategoryTheory.GuitartExact.Basic,0m3.698s,0m3.392s
Mathlib.GroupTheory.GroupExtension.Defs,0m2.790s,0m2.834s
Mathlib.Algebra.Star.StarAlgHom,0m5.569s,0m5.180s
Mathlib.GroupTheory.Perm.Cycle.Basic,0m3.120s,0m2.980s
Mathlib.Algebra.Star.Module,0m2.899s,0m2.626s
Mathlib.LinearAlgebra.TensorProduct.Basic,0m19.333s,0m17.524s
Mathlib.GroupTheory.GroupAction.Period,0m2.013s,0m1.789s
Mathlib.SetTheory.Nimber.Field,0m5.950s,0m5.452s
Mathlib.GroupTheory.GroupAction.SubMulAction.OfFixingSubgroup,0m11.084s,0m10.208s
Mathlib.Data.ZMod.Units,0m1.815s,0m1.706s
Mathlib.LinearAlgebra.Pi,0m4.411s,0m4.074s
Mathlib.Data.ZMod.Factorial,0m1.645s,0m1.486s
Mathlib.Combinatorics.SimpleGraph.DegreeSum,0m1.815s,0m1.700s
Mathlib.Algebra.Algebra.ZMod,0m1.703s,0m1.613s
Mathlib.Data.ZMod.IntUnitsPower,0m1.822s,0m1.666s
Mathlib.Algebra.BigOperators.ModEq,0m2.326s,0m2.116s
Mathlib.Data.ZMod.Aut,0m1.723s,0m1.501s
Mathlib.Algebra.Field.ZMod,0m1.606s,0m1.474s
Mathlib.RingTheory.Fintype,0m1.692s,0m1.687s
Mathlib.NumberTheory.LegendreSymbol.ZModChar,0m2.234s,0m1.888s
Mathlib.RingTheory.Spectrum.Maximal.Defs,0m1.512s,0m1.346s
Mathlib.Data.ZMod.ValMinAbs,0m2.033s,0m1.777s
Mathlib.RingTheory.Ideal.Nonunits,0m1.541s,0m1.456s
Mathlib.RingTheory.Ideal.Basic,0m2.037s,0m1.895s
Mathlib.RingTheory.IntegralClosure.IsIntegral.Defs,0m1.633s,0m1.512s
Mathlib.Data.ZMod.QuotientGroup,0m2.673s,0m2.405s
Mathlib.RingTheory.Finiteness.Defs,0m1.752s,0m1.584s
Mathlib.Algebra.FreeNonUnitalNonAssocAlgebra,0m1.824s,0m1.601s
Mathlib.Algebra.Star.RingQuot,0m1.631s,0m1.505s
Mathlib.LinearAlgebra.LinearPMap,0m7.737s,0m6.698s
Mathlib.Topology.Separation.AlexandrovDiscrete,0m1.430s,0m1.283s
Mathlib.Topology.Separation.Connected,0m1.516s,0m1.394s
Mathlib.Topology.Order.Priestley,0m1.410s,0m1.388s
Mathlib.Topology.SeparatedMap,0m1.630s,0m1.480s
Mathlib.LinearAlgebra.Basis.Basic,0m2.248s,0m2.095s
Mathlib.Topology.Separation.Regular,0m2.198s,0m2.087s
Mathlib.Algebra.Module.Submodule.Union,0m4.030s,0m3.611s
Mathlib.Topology.LocallyFinsupp,0m3.277s,0m3.039s
Mathlib.LinearAlgebra.Ray,0m4.613s,0m4.128s
Mathlib.RingTheory.Localization.FractionRing,0m5.189s,0m4.579s
Mathlib.Dynamics.FixedPoints.Topology,0m1.513s,0m1.281s
Mathlib.Topology.Connected.Separation,0m1.435s,0m1.281s
Mathlib.Topology.Algebra.Support,0m2.633s,0m2.376s
Mathlib.Topology.Algebra.InfiniteSum.Defs,0m2.988s,0m2.718s
Mathlib.Topology.ContinuousMap.Basic,0m2.749s,0m2.516s
Mathlib.Topology.Algebra.Semigroup,0m1.627s,0m1.500s
Mathlib.Topology.Order.OrderClosed,0m3.273s,0m2.991s
Mathlib.ModelTheory.Graph,0m1.651s,0m1.477s
Mathlib.ModelTheory.Types,0m1.831s,0m1.579s
Mathlib.Algebra.Module.LocalizedModule.AtPrime,0m1.513s,0m1.390s
Mathlib.Algebra.Module.LocalizedModule.Away,0m1.541s,0m1.398s
Mathlib.Algebra.Module.LocalizedModule.Int,0m2.051s,0m1.807s
Mathlib.Topology.MetricSpace.Congruence,0m1.743s,0m1.615s
Mathlib.ModelTheory.Equivalence,0m2.473s,0m2.080s
Mathlib.Topology.MetricSpace.Defs,0m1.830s,0m1.683s
Mathlib.NumberTheory.ArithmeticFunction,0m1.521s,0m1.420s
Mathlib.Algebra.Algebra.Subalgebra.Order,0m1.531s,0m1.497s
Mathlib.Algebra.Order.Antidiag.Nat,0m2.346s,0m2.219s
Mathlib.CategoryTheory.ObjectProperty.ContainsZero,0m1.431s,0m1.275s
Mathlib.NumberTheory.ArithmeticFunction.Moebius,0m2.348s,0m2.086s
Mathlib.Algebra.Polynomial.Degree.Support,0m1.748s,0m1.613s
Mathlib.Combinatorics.Matroid.Loop,0m2.849s,0m2.670s
Mathlib.Algebra.Polynomial.Degree.Domain,0m1.754s,0m1.597s
Mathlib.Algebra.Polynomial.Degree.SmallDegree,0m2.045s,0m1.890s
Mathlib.CategoryTheory.Limits.Constructions.EpiMono,0m1.520s,0m1.396s
Mathlib.Algebra.Homology.ShortComplex.Basic,0m3.563s,0m2.995s
Mathlib.CategoryTheory.Limits.Constructions.Equalizers,0m2.142s,0m1.967s
Mathlib.CategoryTheory.Limits.Constructions.BinaryProducts,0m2.048s,0m1.774s
Mathlib.CategoryTheory.ObjectProperty.LimitsOfShape,0m1.720s,0m1.679s
Mathlib.CategoryTheory.Limits.FilteredColimitCommutesProduct,0m2.362s,0m2.196s
Mathlib.CategoryTheory.Shift.Basic,0m4.724s,0m4.170s
Mathlib.CategoryTheory.Join.Final,0m2.153s,0m1.919s
Mathlib.CategoryTheory.GuitartExact.Over,0m1.839s,0m1.669s
Mathlib.GroupTheory.FreeGroup.NielsenSchreier,0m2.237s,0m1.991s
Mathlib.CategoryTheory.GuitartExact.VerticalComposition,0m2.326s,0m2.111s
Mathlib.CategoryTheory.GuitartExact.KanExtension,0m2.048s,0m1.776s
Mathlib.GroupTheory.Perm.Closure,0m1.841s,0m1.656s
Mathlib.CategoryTheory.Limits.Shapes.Kernels,0m6.696s,0m5.973s
Mathlib.Algebra.Order.Chebyshev,0m2.265s,0m2.110s
Mathlib.GroupTheory.GroupExtension.Basic,0m2.981s,0m2.620s
Mathlib.GroupTheory.Perm.Cycle.Factors,0m3.027s,0m2.705s
Mathlib.Algebra.Star.TensorProduct,0m2.422s,0m2.149s
Mathlib.NumberTheory.DirichletCharacter.Basic,0m2.346s,0m2.182s
Mathlib.Algebra.Algebra.Bilinear,0m3.381s,0m3.042s
Mathlib.Data.Matrix.Basic,0m4.797s,0m4.358s
Mathlib.LinearAlgebra.Quotient.Basic,0m4.449s,0m3.950s
Mathlib.LinearAlgebra.LinearIndependent.Lemmas,0m5.798s,0m5.221s
Mathlib.LinearAlgebra.Finsupp.Pi,0m2.352s,0m2.070s
Mathlib.LinearAlgebra.Matrix.Module,0m2.578s,0m2.410s
Mathlib.LinearAlgebra.TensorProduct.Associator,0m9.715s,0m4.784s
Mathlib.LinearAlgebra.AffineSpace.AffineMap,0m8.552s,0m7.464s
Mathlib.CategoryTheory.Monoidal.DayConvolution,0m16.022s,0m13.622s
Mathlib.Combinatorics.SimpleGraph.Bipartite,0m2.208s,0m2.099s
Mathlib.Combinatorics.SimpleGraph.Extremal.Turan,0m2.881s,0m2.537s
Mathlib.RingTheory.Spectrum.Maximal.Basic,0m1.624s,0m1.486s
Mathlib.RingTheory.LocalRing.Basic,0m1.621s,0m1.477s
Mathlib.Algebra.Ring.NegOnePow,0m1.723s,0m1.588s
Mathlib.RingTheory.IntegralClosure.IsIntegralClosure.Defs,0m1.653s,0m1.457s
Mathlib.RingTheory.IntegralClosure.Algebra.Defs,0m1.631s,0m1.475s
Mathlib.GroupTheory.Order.Min,0m2.131s,0m1.891s
Mathlib.RingTheory.Finiteness.Prod,0m1.640s,0m1.489s
Mathlib.Algebra.Star.NonUnitalSubalgebra,0m15.727s,0m14.898s
Mathlib.RingTheory.Finiteness.Bilinear,0m1.654s,0m1.508s
Mathlib.RingTheory.Finiteness.Basic,0m2.953s,0m2.778s
Mathlib.Combinatorics.SimpleGraph.Matching,0m7.639s,0m7.201s
Mathlib.LinearAlgebra.Multilinear.Basic,0m7.476s,0m7.146s
Mathlib.RingTheory.AlgebraTower,0m2.191s,0m2.104s
Mathlib.LinearAlgebra.Dimension.Basic,0m2.543s,0m2.401s
Mathlib.LinearAlgebra.FreeModule.Basic,0m1.896s,0m1.880s
Mathlib.LinearAlgebra.Basis.Submodule,0m2.609s,0m2.499s
Mathlib.Topology.Separation.GDelta,0m1.608s,0m1.506s
Mathlib.LinearAlgebra.Basis.SMul,0m2.232s,0m2.096s
Mathlib.LinearAlgebra.Basis.Flag,0m1.814s,0m1.682s
Mathlib.LinearAlgebra.Basis.Fin,0m1.912s,0m1.911s
Mathlib.Algebra.Module.Injective,0m3.975s,0m3.727s
Mathlib.Topology.DenseEmbedding,0m1.817s,0m1.803s
Mathlib.Topology.UniformSpace.Separation,0m1.716s,0m1.701s
Mathlib.Topology.Separation.Profinite,0m1.513s,0m1.513s
Mathlib.Topology.ExtendFrom,0m1.491s,0m1.483s
Mathlib.Topology.Compactness.Paracompact,0m1.831s,0m1.700s
Mathlib.Topology.Perfect,0m1.502s,0m1.481s
Mathlib.Topology.ShrinkingLemma,0m1.778s,0m1.771s
Mathlib.RingTheory.Localization.Cardinality,0m1.620s,0m1.578s
Mathlib.Topology.Algebra.Order.Support,0m1.389s,0m1.370s
Mathlib.RingTheory.Localization.NumDen,0m1.963s,0m1.881s
Mathlib.FieldTheory.RatFunc.Defs,0m2.422s,0m2.315s
Mathlib.Topology.UniformSpace.OfCompactT2,0m3.703s,0m3.613s
Mathlib.Topology.Algebra.InfiniteSum.ConditionalInt,0m2.204s,0m2.074s
Mathlib.Topology.Hom.Open,0m1.514s,0m1.495s
Mathlib.Topology.Category.TopCat.Basic,0m1.815s,0m1.801s
Mathlib.Topology.Sets.Opens,0m2.375s,0m2.285s
Mathlib.GroupTheory.DivisibleHull,0m4.228s,0m4.136s
Mathlib.Topology.ContinuousMap.CocompactMap,0m1.622s,0m1.474s
Mathlib.Topology.Convenient.GeneratedBy,0m2.034s,0m1.909s
Mathlib.Topology.CompactOpen,0m2.625s,0m2.679s
Mathlib.Topology.Order.IsLocallyClosed,0m1.401s,0m1.391s
Mathlib.Topology.Order.Lattice,0m1.927s,0m1.897s
Mathlib.Topology.Order.ExtrClosure,0m1.430s,0m1.385s
Mathlib.Topology.Order.OrderClosedExtr,0m1.695s,0m1.604s
Mathlib.Topology.Algebra.InfiniteSum.Basic,0m4.474s,0m4.110s
Mathlib.Topology.MetricSpace.Similarity,0m1.862s,0m1.698s
Mathlib.CategoryTheory.ObjectProperty.Orthogonal,0m1.290s,0m1.286s
Mathlib.Algebra.Polynomial.Eval.Subring,0m1.598s,0m1.596s
Mathlib.Algebra.Polynomial.Eval.SMul,0m1.688s,0m1.601s
Mathlib.Topology.Order.Basic,0m3.209s,0m3.110s
Mathlib.RingTheory.Polynomial.Opposites,0m2.054s,0m1.918s
Mathlib.ModelTheory.Complexity,0m2.650s,0m2.526s
Mathlib.Algebra.Polynomial.Degree.TrailingDegree,0m2.228s,0m2.113s
Mathlib.Algebra.Polynomial.Degree.Units,0m1.746s,0m1.578s
Mathlib.CategoryTheory.Limits.Preserves.Shapes.Images,0m1.512s,0m1.498s
Mathlib.Combinatorics.Matroid.Rank.ENat,0m2.728s,0m2.625s
Mathlib.Combinatorics.Matroid.Minor.Delete,0m1.921s,0m1.808s
Mathlib.CategoryTheory.Limits.FunctorCategory.EpiMono,0m1.411s,0m1.406s
Mathlib.CategoryTheory.ConcreteCategory.EpiMono,0m1.505s,0m1.417s
Mathlib.CategoryTheory.ObjectProperty.Local,0m1.507s,0m1.468s
Mathlib.CategoryTheory.Limits.Comma,0m2.629s,0m2.630s
Mathlib.Algebra.Polynomial.Derivative,0m3.148s,0m3.030s
Mathlib.CategoryTheory.ObjectProperty.ColimitsOfShape,0m1.933s,0m1.803s
Mathlib.CategoryTheory.GlueData,0m4.082s,0m3.590s
Mathlib.CategoryTheory.Limits.Constructions.ZeroObjects,0m1.803s,0m1.802s
Mathlib.CategoryTheory.ObjectProperty.LimitsClosure,0m2.027s,0m1.909s
Mathlib.Algebra.Homology.ShortComplex.Limits,0m3.245s,0m3.127s
Mathlib.Algebra.Homology.ShortComplex.FunctorEquivalence,0m3.693s,0m3.563s
Mathlib.CategoryTheory.ObjectProperty.Shift,0m1.305s,0m1.357s
Mathlib.CategoryTheory.Limits.Constructions.LimitsOfProductsAndEqualizers,0m3.238s,0m3.103s
Mathlib.CategoryTheory.DifferentialObject,0m3.179s,0m3.014s
Mathlib.CategoryTheory.GuitartExact.Opposite,0m3.050s,0m2.734s
Mathlib.CategoryTheory.GradedObject,0m4.158s,0m3.761s
Mathlib.CategoryTheory.Limits.Shapes.NormalMono.Basic,0m2.255s,0m2.121s
Mathlib.CategoryTheory.ConcreteCategory.Elementwise,0m1.382s,0m1.386s
Mathlib.CategoryTheory.Shift.CommShift,0m3.850s,0m3.658s
Mathlib.CategoryTheory.Limits.Shapes.Opposites.Kernels,0m1.411s,0m1.406s
Mathlib.GroupTheory.Perm.ConjAct,0m1.616s,0m1.486s
Mathlib.CategoryTheory.Abelian.Images,0m2.313s,0m2.129s
Mathlib.CategoryTheory.Limits.Preserves.Shapes.Kernels,0m2.322s,0m2.212s
Mathlib.Algebra.Homology.ShortComplex.LeftHomology,0m5.481s,0m5.188s
Mathlib.CategoryTheory.Preadditive.Basic,0m3.346s,0m3.228s
Mathlib.GroupTheory.Perm.Cycle.Type,0m2.626s,0m2.527s
Mathlib.Algebra.Module.LocalizedModule.IsLocalization,0m2.138s,0m1.974s
Mathlib.LinearAlgebra.Matrix.Unique,0m1.595s,0m1.626s
Mathlib.Algebra.Algebra.Subalgebra.Matrix,0m1.508s,0m1.482s
Mathlib.CategoryTheory.Limits.Shapes.Biproducts,0m6.824s,0m6.566s
Mathlib.LinearAlgebra.BilinearForm.Hom,0m3.445s,0m3.225s
Mathlib.LinearAlgebra.Quotient.Pi,0m2.276s,0m2.238s
Mathlib.Data.Matrix.Basis,0m3.532s,0m3.432s
Mathlib.RingTheory.Ideal.Quotient.Basic,0m3.049s,0m2.954s
Mathlib.LinearAlgebra.Goursat,0m4.231s,0m3.952s
Mathlib.LinearAlgebra.Isomorphisms,0m3.875s,0m3.798s
Mathlib.Algebra.Exact,0m5.674s,0m5.497s
Mathlib.Algebra.Algebra.Operations,0m6.158s,0m5.880s
Mathlib.LinearAlgebra.AffineSpace.Slope,0m2.133s,0m2.114s
Mathlib.LinearAlgebra.DFinsupp,0m4.771s,0m4.653s
Mathlib.LinearAlgebra.Projection,0m6.280s,0m5.941s
Mathlib.CategoryTheory.Monoidal.DayConvolution.DayFunctor,0m3.357s,0m3.257s
Mathlib.CategoryTheory.Monoidal.DayConvolution.Braided,0m2.514s,0m2.424s
Mathlib.CategoryTheory.Monoidal.DayConvolution.Closed,0m3.748s,0m3.585s
Mathlib.Combinatorics.SimpleGraph.Turan,0m1.466s,0m1.510s
Mathlib.LinearAlgebra.SesquilinearForm.Basic,0m7.630s,0m7.443s
Mathlib.Combinatorics.SimpleGraph.Acyclic,0m3.267s,0m3.083s
Mathlib.Algebra.Field.NegOnePow,0m1.594s,0m1.617s
Mathlib.Combinatorics.SimpleGraph.CompleteMultipartite,0m2.549s,0m2.778s
Mathlib.LinearAlgebra.AffineSpace.AffineEquiv,0m5.605s,0m5.728s
Mathlib.RingTheory.LocalRing.MaximalIdeal.Defs,0m1.517s,0m1.478s
Mathlib.Combinatorics.Additive.CauchyDavenport,0m2.531s,0m2.533s
Mathlib.RingTheory.Finiteness.Finsupp,0m1.998s,0m2.005s
Mathlib.RingTheory.Noetherian.Defs,0m1.785s,0m1.816s
Mathlib.Algebra.Ring.Periodic,0m2.597s,0m2.624s
Mathlib.RingTheory.Finiteness.Lattice,0m1.491s,0m1.487s
Mathlib.Combinatorics.SimpleGraph.UniversalVerts,0m1.598s,0m1.567s
Mathlib.Analysis.Normed.Lp.WithLp,0m2.422s,0m2.522s
Mathlib.LinearAlgebra.Multilinear.Pi,0m1.798s,0m1.918s
Mathlib.LinearAlgebra.Dimension.Subsingleton,0m1.515s,0m1.595s
Mathlib.LinearAlgebra.Multilinear.TensorProduct,0m1.978s,0m2.005s
Mathlib.LinearAlgebra.Basis.Prod,0m1.619s,0m1.701s
Mathlib.RingTheory.Ideal.Basis,0m1.779s,0m1.822s
Mathlib.Topology.Compactification.StoneCech,0m1.595s,0m1.580s
Mathlib.Topology.Homeomorph.Lemmas,0m2.300s,0m2.205s
Mathlib.LinearAlgebra.Multilinear.Curry,0m3.235s,0m3.209s
Mathlib.Topology.Algebra.Monoid.AddChar,0m1.404s,0m1.390s
Mathlib.Topology.DerivedSet,0m1.400s,0m1.381s
Mathlib.Topology.ContinuousMap.T0Sierpinski,0m1.400s,0m1.402s
Mathlib.Topology.Sets.OpenCover,0m1.496s,0m1.359s
Mathlib.Topology.Sheaves.Over,0m1.991s,0m1.986s
Mathlib.Algebra.Algebra.Unitization,0m6.782s,0m7.071s
Mathlib.Topology.Category.FinTopCat,0m1.498s,0m1.474s
Mathlib.Topology.Sets.Closeds,0m2.384s,0m2.288s
Mathlib.Topology.Category.CompHausLike.Basic,0m1.693s,0m1.715s
Mathlib.Topology.ContinuousMap.Sigma,0m1.400s,0m1.421s
Mathlib.Topology.Category.TopCat.Adjunctions,0m1.497s,0m1.517s
Mathlib.Topology.ContinuousMap.SecondCountableSpace,0m1.485s,0m1.617s
Mathlib.Topology.Order.PartialSups,0m1.385s,0m1.520s
Mathlib.Topology.Order.Filter,0m1.500s,0m1.507s
Mathlib.Topology.Instances.Sign,0m1.492s,0m1.648s
Mathlib.Topology.Order.LowerUpperTopology,0m2.026s,0m2.477s
Mathlib.Topology.Order.T5,0m1.612s,0m1.847s
Mathlib.Topology.Order.ProjIcc,0m1.600s,0m1.614s
Mathlib.LinearAlgebra.TensorProduct.Tower,0m16.035s,0m16.596s
Mathlib.Algebra.SkewMonoidAlgebra.Basic,0m6.572s,0m6.482s
Mathlib.Topology.Instances.Discrete,0m1.463s,0m1.493s
Mathlib.Topology.Order.NhdsSet,0m1.993s,0m1.899s
Mathlib.Topology.Order.CountableSeparating,0m1.816s,0m1.818s
Mathlib.Topology.Order.LeftRightNhds,0m3.124s,0m3.116s
Mathlib.Topology.Order.MonotoneConvergence,0m1.789s,0m1.793s
Mathlib.Topology.Order.WithTop,0m3.412s,0m3.461s
Mathlib.Algebra.Polynomial.Eval.Degree,0m2.094s,0m2.076s
Mathlib.CategoryTheory.Adjunction.Quadruple,0m1.603s,0m1.577s
Mathlib.Combinatorics.Matroid.Rank.Cardinal,0m1.990s,0m2.020s
Mathlib.ModelTheory.Order,0m2.670s,0m2.623s
Mathlib.Combinatorics.Matroid.Minor.Contract,0m2.619s,0m2.635s
Mathlib.CategoryTheory.Localization.Bousfield,0m1.481s,0m1.613s
Mathlib.CategoryTheory.Subpresheaf.Image,0m2.294s,0m2.320s
Mathlib.CategoryTheory.Limits.Shapes.Preorder.HasIterationOfShape,0m1.472s,0m1.480s
Mathlib.CategoryTheory.Limits.Over,0m1.588s,0m1.499s
Mathlib.Order.Category.NonemptyFinLinOrd,0m2.331s,0m2.203s
Mathlib.CategoryTheory.Limits.FullSubcategory,0m1.488s,0m1.455s
Mathlib.RingTheory.Polynomial.Hermite.Basic,0m2.123s,0m2.016s
Mathlib.Algebra.Polynomial.Identities,0m1.897s,0m1.938s
Mathlib.CategoryTheory.ObjectProperty.ColimitsClosure,0m1.477s,0m1.509s
Mathlib.Order.Category.OmegaCompletePartialOrder,0m1.608s,0m1.490s
Mathlib.Algebra.Category.Grp.EpiMono,0m3.248s,0m3.108s
Mathlib.CategoryTheory.GradedObject.Single,0m1.719s,0m1.595s
Mathlib.CategoryTheory.Localization.DerivabilityStructure.Basic,0m1.762s,0m1.676s
Mathlib.CategoryTheory.Shift.Twist,0m1.805s,0m1.710s
Mathlib.CategoryTheory.Limits.Shapes.NormalMono.Equalizers,0m2.192s,0m2.105s
Mathlib.CategoryTheory.GradedObject.Bifunctor,0m2.734s,0m2.659s
Mathlib.Algebra.Category.MonCat.Colimits,0m1.597s,0m1.576s
Mathlib.CategoryTheory.Limits.Constructions.Filtered,0m4.283s,0m4.222s
Mathlib.CategoryTheory.Shift.Induced,0m2.920s,0m3.052s
Mathlib.CategoryTheory.Shift.SingleFunctors,0m3.030s,0m3.060s
Mathlib.CategoryTheory.Shift.Adjunction,0m3.648s,0m3.660s
Mathlib.Algebra.Category.MonCat.FilteredColimits,0m3.283s,0m3.367s
Mathlib.CategoryTheory.Limits.FunctorCategory.Shapes.Kernels,0m1.376s,0m1.491s
Mathlib.CategoryTheory.Limits.Preserves.Shapes.AbelianImages,0m2.015s,0m2.112s
Mathlib.GroupTheory.FixedPointFree,0m1.687s,0m2.090s
Mathlib.Algebra.CharP.CharAndCard,0m1.711s,0m1.966s
Mathlib.GroupTheory.Perm.Cycle.Concrete,0m2.185s,0m2.211s
Mathlib.Algebra.Category.Grp.Preadditive,0m2.040s,0m1.999s
Mathlib.CategoryTheory.Preadditive.FunctorCategory,0m1.693s,0m1.693s
Mathlib.CategoryTheory.Linear.Basic,0m2.082s,0m2.010s
Mathlib.CategoryTheory.Preadditive.SingleObj,0m2.375s,0m2.366s
Mathlib.Data.Matrix.Composition,0m2.011s,0m1.989s
Mathlib.GroupTheory.Perm.Fin,0m4.092s,0m3.880s
Mathlib.LinearAlgebra.LeftExact,0m1.567s,0m1.608s
Mathlib.LinearAlgebra.Matrix.ConjTranspose,0m2.413s,0m2.322s
Mathlib.Data.Matrix.Bilinear,0m2.101s,0m2.209s
Mathlib.RingTheory.Localization.Module,0m3.569s,0m3.437s
Mathlib.Algebra.Homology.ShortComplex.RightHomology,0m6.032s,0m5.768s
Mathlib.Algebra.Module.LocalizedModule.Exact,0m1.793s,0m1.808s
Mathlib.Algebra.FiveLemma,0m3.426s,0m3.144s
Mathlib.Algebra.Module.SnakeLemma,0m3.440s,0m3.259s
Mathlib.Algebra.Module.Presentation.Basic,0m3.544s,0m3.426s
Mathlib.Algebra.Algebra.Subalgebra.Lattice,0m3.742s,0m3.609s
Mathlib.CategoryTheory.Limits.Shapes.BinaryBiproducts,0m6.730s,0m6.638s
Mathlib.LinearAlgebra.Transvection,0m2.124s,0m1.988s
Mathlib.Algebra.DirectSum.Module,0m4.082s,0m3.922s
Mathlib.RingTheory.PolynomialLaw.Basic,0m2.947s,0m2.892s
Mathlib.LinearAlgebra.Finsupp.VectorSpace,0m2.085s,0m2.078s
Mathlib.LinearAlgebra.TensorProduct.Finiteness,0m2.202s,0m2.115s
Mathlib.LinearAlgebra.Multilinear.DFinsupp,0m3.663s,0m3.532s
Mathlib.LinearAlgebra.SesquilinearForm,0m1.505s,0m1.482s
Mathlib.LinearAlgebra.Basis.Exact,0m2.024s,0m1.984s
Mathlib.Combinatorics.SimpleGraph.Girth,0m1.708s,0m1.694s
Mathlib.LinearAlgebra.Basis.VectorSpace,0m2.491s,0m2.486s
Mathlib.RingTheory.Noetherian.Filter,0m1.460s,0m1.470s
Mathlib.Combinatorics.SimpleGraph.ConcreteColorings,0m2.443s,0m2.313s
Mathlib.LinearAlgebra.AffineSpace.Midpoint,0m2.428s,0m2.296s
Mathlib.RingTheory.Ideal.Operations,0m7.493s,0m7.297s
Mathlib.Data.Nat.Periodic,0m1.497s,0m1.470s
Mathlib.Algebra.Field.Periodic,0m1.915s,0m1.895s
Mathlib.Topology.StoneCech,0m1.302s,0m1.265s
Mathlib.LinearAlgebra.Dimension.Finrank,0m1.699s,0m1.569s
Mathlib.Combinatorics.Hindman,0m1.813s,0m1.882s
Mathlib.Topology.Category.TopCat.ULift,0m1.594s,0m1.568s
Mathlib.Topology.Algebra.Constructions,0m1.892s,0m1.986s
Mathlib.LinearAlgebra.AffineSpace.AffineSubspace.Basic,0m5.082s,0m4.867s
Mathlib.Topology.Compactification.OnePoint.Basic,0m2.224s,0m2.094s
Mathlib.Topology.NatEmbedding,0m1.490s,0m1.411s
Mathlib.Combinatorics.SimpleGraph.FiveWheelLike,0m6.888s,0m6.446s
Mathlib.Topology.ExtremallyDisconnected,0m1.507s,0m1.488s
Mathlib.Topology.Algebra.Constructions.DomMulAct,0m2.625s,0m1.561s
Mathlib.Topology.Maps.Proper.Basic,0m2.184s,0m1.588s
Mathlib.Topology.KrullDimension,0m1.756s,0m1.380s
Mathlib.Algebra.Order.ToIntervalMod,0m6.406s,0m5.658s
Mathlib.Topology.ClopenBox,0m1.593s,0m1.472s
Mathlib.Topology.NoetherianSpace,0m1.694s,0m1.704s
Mathlib.Topology.OpenPartialHomeomorph,0m4.144s,0m3.854s
Mathlib.Topology.Separation.DisjointCover,0m1.705s,0m1.600s
Mathlib.Topology.Sets.Order,0m1.481s,0m1.389s
Mathlib.Combinatorics.SimpleGraph.Tutte,0m8.098s,0m7.302s
Mathlib.Topology.Sober,0m1.696s,0m1.584s
Mathlib.Topology.Category.TopCat.EpiMono,0m1.491s,0m1.383s
Mathlib.Topology.LocallyConstant.Basic,0m2.289s,0m2.212s
Mathlib.Topology.Order.Real,0m1.590s,0m1.488s
Mathlib.Topology.Order.UpperLowerSetTopology,0m1.794s,0m1.689s
Mathlib.Topology.Category.TopCat.Limits.Basic,0m2.184s,0m2.109s
Mathlib.Topology.ContinuousMap.Ordered,0m1.693s,0m1.664s
Mathlib.Topology.Order.HullKernel,0m1.989s,0m1.922s
Mathlib.Topology.ContinuousMap.Interval,0m2.192s,0m2.066s
Mathlib.Algebra.SkewPolynomial.Basic,0m1.805s,0m1.791s
Mathlib.Algebra.SkewMonoidAlgebra.Support,0m1.894s,0m1.889s
Mathlib.LinearAlgebra.TensorProduct.Pi,0m2.913s,0m2.773s
Mathlib.Algebra.SkewMonoidAlgebra.Single,0m2.018s,0m1.871s
Mathlib.Topology.Instances.ENat,0m1.925s,0m1.797s
Mathlib.LinearAlgebra.TensorProduct.Prod,0m3.666s,0m3.609s
Mathlib.Algebra.SkewMonoidAlgebra.Lift,0m2.700s,0m2.486s
Mathlib.Topology.Order.MonotoneContinuity,0m2.005s,0m1.880s
Mathlib.Topology.Algebra.Order.Group,0m2.630s,0m2.309s
Mathlib.Algebra.ContinuedFractions.Computation.ApproximationCorollaries,0m2.331s,0m2.121s
Mathlib.LinearAlgebra.PiTensorProduct,0m8.396s,0m7.309s
Mathlib.Algebra.Polynomial.Eval.Irreducible,0m1.709s,0m1.495s
Mathlib.Topology.Order.IsLUB,0m3.065s,0m2.424s
Mathlib.Combinatorics.Matroid.Minor.Order,0m1.828s,0m1.603s
Mathlib.CategoryTheory.Subpresheaf.Equalizer,0m1.844s,0m1.571s
Mathlib.CategoryTheory.Subpresheaf.OfSection,0m1.509s,0m1.385s
Mathlib.Algebra.Group.ForwardDiff,0m2.926s,0m2.708s
Mathlib.Algebra.Polynomial.Degree.Lemmas,0m2.833s,0m2.574s
Mathlib.CategoryTheory.Comma.Presheaf.Colimit,0m1.802s,0m1.587s
Mathlib.CategoryTheory.ObjectProperty.ColimitsCardinalClosure,0m1.626s,0m1.471s
Mathlib.CategoryTheory.SmallObject.Iteration.Basic,0m3.557s,0m3.352s
Mathlib.CategoryTheory.Localization.DerivabilityStructure.PointwiseRightDerived,0m1.821s,0m1.682s
Mathlib.CategoryTheory.Localization.DerivabilityStructure.Constructor,0m2.230s,0m2.117s
Mathlib.AlgebraicTopology.SimplexCategory.Basic,0m4.248s,0m3.941s
Mathlib.RingTheory.TensorProduct.Basic,0m11.481s,0m10.481s
Mathlib.CategoryTheory.Preadditive.LiftToFinset,0m1.597s,0m1.497s
Mathlib.CategoryTheory.Abelian.NonPreadditive,0m3.046s,0m2.952s
Mathlib.CategoryTheory.Shift.Quotient,0m1.803s,0m1.912s
Mathlib.CategoryTheory.Limits.Presheaf,0m5.983s,0m6.292s
Mathlib.GroupTheory.Perm.Cycle.PossibleTypes,0m1.801s,0m1.735s
Mathlib.Algebra.Category.Grp.Kernels,0m1.615s,0m1.448s
Mathlib.CategoryTheory.Shift.Localization,0m2.616s,0m2.532s
Mathlib.CategoryTheory.Monoidal.Cartesian.Basic,0m6.457s,0m5.964s
Mathlib.Algebra.Category.Grp.FilteredColimits,0m2.701s,0m2.607s
Mathlib.CategoryTheory.Center.Preadditive,0m1.368s,0m1.283s
Mathlib.CategoryTheory.Localization.Preadditive,0m1.391s,0m1.395s
Mathlib.Algebra.Category.Grp.Adjunctions,0m1.998s,0m1.903s
Mathlib.CategoryTheory.Linear.FunctorCategory,0m1.691s,0m1.679s
Mathlib.GroupTheory.SpecificGroups.Alternating,0m2.293s,0m2.194s
Mathlib.Algebra.Category.Grp.Colimits,0m3.932s,0m3.470s
Mathlib.LinearAlgebra.Matrix.RowCol,0m2.101s,0m2.117s
Mathlib.Algebra.Category.Grp.Limits,0m4.620s,0m3.650s
Mathlib.Data.Matrix.Invertible,0m3.318s,0m3.135s
Mathlib.Data.Matrix.Block,0m3.199s,0m2.918s
Mathlib.Algebra.Module.Presentation.Tautological,0m2.000s,0m1.891s
Mathlib.Algebra.Module.Presentation.Tensor,0m2.294s,0m2.219s
Mathlib.Algebra.Module.Presentation.Cokernel,0m2.220s,0m2.077s
Mathlib.Algebra.Algebra.Subalgebra.Pi,0m1.580s,0m1.622s
Mathlib.Algebra.FreeAlgebra,0m3.419s,0m3.112s
Mathlib.Algebra.Algebra.Subalgebra.Prod,0m1.697s,0m1.713s
Mathlib.Algebra.Homology.ShortComplex.Homology,0m4.764s,0m4.433s
Mathlib.CategoryTheory.GradedObject.Trifunctor,0m13.007s,0m11.843s
Mathlib.Algebra.Module.LocalizedModule.Submodule,0m6.195s,0m5.850s
Mathlib.Algebra.Central.Defs,0m1.603s,0m1.497s
Mathlib.RingTheory.Finiteness.Subalgebra,0m1.694s,0m1.669s
Mathlib.Algebra.Polynomial.AlgebraMap,0m4.430s,0m4.031s
Mathlib.Algebra.Algebra.Subalgebra.Pointwise,0m1.912s,0m1.713s
Mathlib.Algebra.Algebra.Subalgebra.MulOpposite,0m2.015s,0m1.892s
Mathlib.RingTheory.Congruence.Hom,0m4.689s,0m4.274s
Mathlib.Algebra.Algebra.Subalgebra.Directed,0m2.020s,0m1.901s
Mathlib.Algebra.Algebra.Subalgebra.Tower,0m1.910s,0m1.776s
Mathlib.CategoryTheory.Preadditive.Projective.Basic,0m1.798s,0m1.691s
Mathlib.CategoryTheory.Preadditive.OfBiproducts,0m1.784s,0m1.689s
Mathlib.Algebra.MvPolynomial.Basic,0m5.252s,0m4.726s
Mathlib.Algebra.TrivSqZeroExt,0m9.990s,0m8.956s
Mathlib.CategoryTheory.Limits.Shapes.Pullback.CommSq,0m4.225s,0m4.031s
Mathlib.Algebra.Star.Subalgebra,0m6.792s,0m6.322s
Mathlib.RingTheory.HahnSeries.Multiplication,0m7.870s,0m7.204s
Mathlib.CategoryTheory.Limits.Shapes.SequentialProduct,0m4.342s,0m4.086s
Mathlib.Algebra.Module.Presentation.DirectSum,0m2.103s,0m2.000s
Mathlib.CategoryTheory.Limits.Preserves.Shapes.Biproducts,0m2.307s,0m2.119s
Mathlib.LinearAlgebra.DirectSum.Finite,0m1.593s,0m1.497s
Mathlib.Algebra.DirectSum.Finsupp,0m1.691s,0m1.602s
Mathlib.Algebra.DirectSum.Algebra,0m2.791s,0m2.539s
Mathlib.LinearAlgebra.DirectSum.TensorProduct,0m3.619s,0m3.289s
Mathlib.LinearAlgebra.DirectSum.Basis,0m1.614s,0m1.498s
Mathlib.Algebra.DirectSum.Decomposition,0m2.893s,0m2.621s
Mathlib.Algebra.Module.Presentation.Free,0m1.808s,0m1.669s
Mathlib.LinearAlgebra.Multilinear.DirectSum,0m2.123s,0m1.877s
Mathlib.Algebra.Group.UniqueProds.VectorSpace,0m1.600s,0m1.465s
Mathlib.LinearAlgebra.StdBasis,0m2.601s,0m2.291s
Mathlib.LinearAlgebra.Multilinear.Finsupp,0m3.003s,0m2.702s
Mathlib.Algebra.Colimit.Module,0m4.767s,0m4.330s
Mathlib.LinearAlgebra.AffineSpace.MidpointZero,0m1.586s,0m1.596s
Mathlib.RingTheory.Coalgebra.Basic,0m4.643s,0m4.353s
Mathlib.RingTheory.IsPrimary,0m1.800s,0m1.711s
Mathlib.RingTheory.Coprime.Ideal,0m2.194s,0m2.050s
Mathlib.Data.Nat.Totient,0m2.288s,0m2.185s
Mathlib.RingTheory.UniqueFactorizationDomain.Ideal,0m1.673s,0m1.579s
Mathlib.RingTheory.Ideal.IsPrincipalPowQuotient,0m3.051s,0m2.666s
Mathlib.RingTheory.Finiteness.Nakayama,0m1.889s,0m1.831s
Mathlib.Analysis.Convex.Segment,0m4.239s,0m3.899s
Mathlib.LinearAlgebra.AffineSpace.Ordered,0m4.611s,0m3.935s
Mathlib.GroupTheory.CosetCover,0m6.450s,0m5.789s
Mathlib.Topology.Algebra.Group.Units,0m1.561s,0m1.399s
Mathlib.Topology.Algebra.Star,0m1.693s,0m1.488s
Mathlib.Topology.Compactification.OnePoint,0m1.435s,0m1.255s
Mathlib.LinearAlgebra.AffineSpace.Restrict,0m2.172s,0m1.924s
Mathlib.Topology.UniformSpace.Cauchy,0m2.562s,0m2.281s
Mathlib.LinearAlgebra.AffineSpace.Pointwise,0m2.262s,0m2.068s
Mathlib.Topology.LocalAtTarget,0m2.049s,0m1.870s
Mathlib.Topology.Maps.Proper.UniversallyClosed,0m1.504s,0m1.383s
Mathlib.Topology.Algebra.ConstMulAction,0m4.192s,0m3.844s
Mathlib.Topology.Spectral.Hom,0m1.632s,0m1.589s
Mathlib.Topology.IsClosedRestrict,0m1.695s,0m1.574s
Mathlib.Topology.PartialHomeomorph,0m1.439s,0m1.304s
Mathlib.Topology.QuasiSeparated,0m1.749s,0m1.386s
Mathlib.Topology.IsLocalHomeomorph,0m1.734s,0m1.569s
Mathlib.RingTheory.Ideal.Maps,0m5.702s,0m5.111s
Mathlib.LinearAlgebra.AffineSpace.Combination,0m4.164s,0m3.927s
Mathlib.Topology.Germ,0m1.721s,0m1.709s
Mathlib.Topology.FiberPartition,0m1.830s,0m1.687s
Mathlib.Topology.DiscreteQuotient,0m2.010s,0m1.896s
Mathlib.Topology.FiberBundle.Trivialization,0m3.274s,0m3.024s
Mathlib.MeasureTheory.OuterMeasure.Defs,0m1.613s,0m1.571s
Mathlib.Topology.Category.TopCat.Opens,0m2.927s,0m2.690s
Mathlib.Topology.Specialization,0m1.591s,0m1.496s
Mathlib.Topology.Separation.LinearUpperLowerSetTopology,0m1.412s,0m1.381s
Mathlib.Topology.Category.TopCat.Limits.Konig,0m1.593s,0m1.492s
Mathlib.Topology.Order.ScottTopology,0m1.823s,0m1.710s
Mathlib.Topology.LocallyConstant.Algebra,0m3.900s,0m3.550s
Mathlib.Topology.Category.TopCat.Limits.Cofiltered,0m1.713s,0m1.687s
Mathlib.Topology.Algebra.Order.Archimedean,0m1.809s,0m1.712s
Mathlib.Topology.Algebra.Order.Floor,0m2.319s,0m2.204s
Mathlib.LinearAlgebra.TensorPower.Symmetric,0m2.215s,0m2.093s
Mathlib.CategoryTheory.Subpresheaf.Finite,0m1.628s,0m1.483s
Mathlib.Topology.Category.TopCat.Limits.Products,0m3.884s,0m3.591s
Mathlib.Topology.Order.IsNormal,0m3.055s,0m2.843s
Mathlib.Topology.Order.Monotone,0m2.546s,0m2.286s
Mathlib.Topology.Order.DenselyOrdered,0m2.718s,0m2.597s
Mathlib.Algebra.Polynomial.OfFn,0m1.984s,0m1.808s
Mathlib.RingTheory.Polynomial.Pochhammer,0m2.519s,0m2.305s
Mathlib.Tactic.ComputeDegree,0m2.324s,0m2.283s
Mathlib.CategoryTheory.Localization.DerivabilityStructure.Derives,0m1.622s,0m1.474s
Mathlib.Algebra.Polynomial.EraseLead,0m2.488s,0m2.509s
Mathlib.CategoryTheory.SmallObject.Iteration.FunctorOfCocone,0m2.428s,0m2.183s
Mathlib.CategoryTheory.Localization.DerivabilityStructure.OfFunctorialResolutions,0m1.711s,0m1.583s
Mathlib.AlgebraicTopology.SimplexCategory.Rev,0m1.804s,0m1.669s
Mathlib.CategoryTheory.SmallObject.Iteration.ExtendToSucc,0m2.821s,0m2.529s
Mathlib.AlgebraicTopology.SimplexCategory.MorphismProperty,0m1.811s,0m1.787s
Mathlib.AlgebraicTopology.SimplexCategory.GeneratorsRelations.Basic,0m2.092s,0m2.040s
Mathlib.RingTheory.PiTensorProduct,0m6.672s,0m6.006s
Mathlib.AlgebraicTopology.SimplexCategory.Truncated,0m2.197s,0m2.209s
Mathlib.Algebra.Module.Bimodule,0m2.214s,0m2.098s
Mathlib.CategoryTheory.Monoidal.Cartesian.InfSemilattice,0m1.438s,0m1.382s
Mathlib.CategoryTheory.Limits.Preserves.FunctorCategory,0m2.242s,0m2.212s
Mathlib.CategoryTheory.Monoidal.Closed.Cartesian,0m2.202s,0m2.107s
Mathlib.CategoryTheory.Monoidal.OfChosenFiniteProducts.Symmetric,0m1.299s,0m1.291s
Mathlib.CategoryTheory.Monoidal.OfChosenFiniteProducts.Basic,0m1.295s,0m1.258s
Mathlib.CategoryTheory.Monoidal.OfHasFiniteProducts,0m2.420s,0m2.297s
Mathlib.CategoryTheory.Monoidal.Cartesian.Mod_,0m1.482s,0m1.400s
Mathlib.GroupTheory.Perm.Centralizer,0m3.721s,0m3.612s
Mathlib.CategoryTheory.ChosenFiniteProducts,0m1.270s,0m1.286s
Mathlib.CategoryTheory.Monoidal.Cartesian.Comon_,0m1.906s,0m1.904s
Mathlib.CategoryTheory.Monoidal.Cartesian.Mon_,0m3.966s,0m3.752s
Mathlib.CategoryTheory.Monoidal.Types.Basic,0m1.588s,0m1.496s
Mathlib.CategoryTheory.Monoidal.Cartesian.Cat,0m1.835s,0m1.688s
Mathlib.CategoryTheory.Center.Linear,0m1.704s,0m1.707s
Mathlib.AlgebraicTopology.SimplicialObject.Basic,0m7.608s,0m6.328s
Mathlib.LinearAlgebra.Matrix.Permanent,0m1.707s,0m1.585s
Mathlib.LinearAlgebra.Matrix.DotProduct,0m2.356s,0m2.098s
Mathlib.Algebra.Category.Ring.FilteredColimits,0m3.992s,0m3.123s
Mathlib.LinearAlgebra.Matrix.Symmetric,0m1.757s,0m1.487s
Mathlib.Algebra.Star.Free,0m1.847s,0m1.574s
Mathlib.Data.Matrix.ColumnRowPartitioned,0m2.211s,0m2.098s
Mathlib.Algebra.CharP.Algebra,0m1.817s,0m1.781s
Mathlib.LinearAlgebra.Matrix.Notation,0m3.594s,0m3.291s
Mathlib.Algebra.Homology.ShortComplex.QuasiIso,0m1.697s,0m1.594s
Mathlib.GroupTheory.GroupAction.MultipleTransitivity,0m5.211s,0m4.817s
Mathlib.Algebra.Homology.ComplexShapeSigns,0m2.410s,0m2.192s
Mathlib.CategoryTheory.GradedObject.Associator,0m2.030s,0m1.884s
Mathlib.Algebra.Central.Matrix,0m1.504s,0m1.455s
Mathlib.Algebra.Central.End,0m1.594s,0m1.599s
Mathlib.Algebra.Central.Basic,0m1.699s,0m1.700s
Mathlib.RingTheory.Polynomial.Tower,0m1.818s,0m1.682s
Mathlib.RingTheory.Algebraic.Pi,0m1.992s,0m1.687s
Mathlib.Algebra.Category.Ring.Limits,0m6.859s,0m5.536s
Mathlib.RingTheory.Polynomial.Wronskian,0m2.009s,0m1.899s
Mathlib.RingTheory.Polynomial.ShiftedLegendre,0m2.334s,0m2.085s
Mathlib.Algebra.Ring.Subring.IntPolynomial,0m1.721s,0m1.685s
Mathlib.Algebra.Polynomial.Smeval,0m2.628s,0m2.390s
Mathlib.RingTheory.Algebraic.Defs,0m1.969s,0m1.771s
Mathlib.RingTheory.Adjoin.Polynomial,0m1.935s,0m1.781s
Mathlib.RingTheory.Adjoin.Basic,0m2.041s,0m1.898s
Mathlib.CategoryTheory.Preadditive.Projective.Preserves,0m1.401s,0m1.393s
Mathlib.CategoryTheory.Preadditive.Injective.Basic,0m1.819s,0m1.656s
Mathlib.Tactic.Ring.NamePolyVars,0m1.707s,0m1.594s
Mathlib.Algebra.MvPolynomial.Invertible,0m1.640s,0m1.483s
Mathlib.RingTheory.Derivation.Basic,0m6.434s,0m6.171s
Mathlib.LinearAlgebra.TensorAlgebra.Basic,0m3.709s,0m3.572s
Mathlib.Algebra.MvPolynomial.Eval,0m4.261s,0m4.274s
Mathlib.CategoryTheory.Limits.Shapes.MultiequalizerPullback,0m1.604s,0m1.624s
Mathlib.FieldTheory.IntermediateField.Basic,0m7.485s,0m6.791s
Mathlib.Algebra.DualNumber,0m5.878s,0m5.407s
Mathlib.RingTheory.TensorProduct.Maps,0m19.384s,0m19.554s
Mathlib.CategoryTheory.Limits.Shapes.KernelPair,0m1.832s,0m1.830s
Mathlib.CategoryTheory.Limits.Shapes.Pullback.Connected,0m1.707s,0m1.601s
Mathlib.RingTheory.Polynomial.Chebyshev,0m11.164s,0m9.930s
Mathlib.CategoryTheory.LiftingProperties.ParametrizedAdjunction,0m3.765s,0m3.202s
Mathlib.CategoryTheory.Subobject.MonoOver,0m5.280s,0m4.733s
Mathlib.CategoryTheory.Limits.EpiMono,0m1.541s,0m1.405s
Mathlib.CategoryTheory.LiftingProperties.Limits,0m1.788s,0m1.777s
Mathlib.CategoryTheory.Limits.FormalCoproducts,0m5.721s,0m6.123s
Mathlib.CategoryTheory.Limits.Shapes.Pullback.Equalizer,0m1.382s,0m1.537s
Mathlib.CategoryTheory.Limits.VanKampen,0m4.291s,0m4.454s
Mathlib.CategoryTheory.Limits.Types.Pullbacks,0m1.798s,0m1.946s
Mathlib.Algebra.Vertex.HVertexOperator,0m2.816s,0m3.059s
Mathlib.Algebra.Module.Presentation.RestrictScalars,0m2.213s,0m2.139s
Mathlib.CategoryTheory.Sites.Sieves,0m3.579s,0m3.645s
Mathlib.CategoryTheory.LocallyCartesianClosed.ChosenPullbacksAlong,0m7.731s,0m7.264s
Mathlib.Algebra.Algebra.Subalgebra.Unitization,0m4.411s,0m4.403s
Mathlib.Algebra.MonoidAlgebra.ToDirectSum,0m2.208s,0m2.340s
Mathlib.CategoryTheory.Limits.Constructions.Over.Products,0m7.267s,0m6.963s
Mathlib.RingTheory.HahnSeries.Summable,0m6.740s,0m6.613s
Mathlib.Algebra.DirectSum.Internal,0m4.748s,0m4.832s
Mathlib.RingTheory.Finiteness.Cardinality,0m1.914s,0m1.931s
Mathlib.LinearAlgebra.DirectSum.Finsupp,0m3.560s,0m3.788s
Mathlib.LinearAlgebra.TensorPower.Basic,0m6.096s,0m6.248s
Mathlib.LinearAlgebra.Matrix.StdBasis,0m1.722s,0m1.746s
Mathlib.LinearAlgebra.Multilinear.Basis,0m1.920s,0m1.937s
Mathlib.CategoryTheory.Preadditive.Biproducts,0m6.342s,0m6.404s
Mathlib.Algebra.Colimit.Finiteness,0m1.828s,0m1.822s
Mathlib.RingTheory.Coalgebra.MulOpposite,0m2.060s,0m2.144s
Mathlib.RingTheory.Ideal.IsPrimary,0m1.732s,0m1.730s
Mathlib.LinearAlgebra.TensorProduct.DirectLimit,0m3.833s,0m3.184s
Mathlib.NumberTheory.PrimeCounting,0m1.836s,0m1.836s
Mathlib.LinearAlgebra.TensorProduct.Graded.External,0m6.104s,0m6.241s
Mathlib.RingTheory.Noetherian.UniqueFactorizationDomain,0m1.633s,0m1.734s
Mathlib.RingTheory.Coalgebra.Hom,0m3.245s,0m3.404s
Mathlib.RingTheory.Ideal.IdempotentFG,0m1.728s,0m1.765s
Mathlib.RingTheory.UniqueFactorizationDomain.Kaplansky,0m2.180s,0m2.212s
Mathlib.Topology.Sequences,0m1.818s,0m1.851s
Mathlib.Topology.JacobsonSpace,0m1.623s,0m1.730s
Mathlib.Analysis.Convex.Star,0m2.833s,0m2.958s
Mathlib.Topology.UniformSpace.UniformConvergence,0m2.222s,0m2.235s
Mathlib.Topology.UniformSpace.UniformEmbedding,0m2.518s,0m2.541s
Mathlib.Topology.Algebra.Algebra.Rat,0m1.501s,0m1.513s
Mathlib.Topology.Algebra.MulAction,0m2.341s,0m2.446s
Mathlib.Topology.Algebra.ProperConstSMul,0m1.522s,0m1.608s
Mathlib.Dynamics.Minimal,0m1.686s,0m1.840s
Mathlib.RingTheory.Finiteness.Ideal,0m1.786s,0m1.846s
Mathlib.RingTheory.Ideal.Quotient.PowTransition,0m2.553s,0m2.664s
Mathlib.Topology.Sets.Compacts,0m2.723s,0m2.764s
Mathlib.GroupTheory.SpecificGroups.Cyclic,0m6.885s,0m7.007s
Mathlib.Algebra.Order.Module.HahnEmbedding,0m11.064s,0m10.669s
Mathlib.Algebra.CharP.Quotient,0m1.836s,0m1.848s
Mathlib.Algebra.Algebra.Subalgebra.Operations,0m2.039s,0m2.026s
Mathlib.RingTheory.Jacobson.Radical,0m2.863s,0m2.895s
Mathlib.RingTheory.Ideal.Colon,0m2.057s,0m2.111s
Mathlib.Algebra.Algebra.Spectrum.Basic,0m3.782s,0m3.663s
Mathlib.RingTheory.Ideal.Pointwise,0m2.138s,0m2.145s
Mathlib.LinearAlgebra.TensorProduct.Quotient,0m6.108s,0m6.342s
Mathlib.RingTheory.Ideal.Prod,0m2.106s,0m2.132s
Mathlib.RingTheory.Localization.Away.Basic,0m4.608s,0m4.612s
Mathlib.LinearAlgebra.AffineSpace.Centroid,0m2.050s,0m2.059s
Mathlib.Algebra.Polynomial.Module.AEval,0m7.938s,0m8.355s
Mathlib.Topology.Category.TopCat.OpenNhds,0m2.108s,0m2.059s
Mathlib.Topology.Order.Category.AlexDisc,0m1.730s,0m1.736s
Mathlib.Topology.FiberBundle.Basic,0m2.748s,0m2.822s
Mathlib.RingTheory.Valuation.Basic,0m5.279s,0m5.210s
Mathlib.Topology.Order.LawsonTopology,0m2.014s,0m2.043s
Mathlib.Topology.Category.TopCat.Yoneda,0m1.824s,0m1.808s
Mathlib.Topology.OmegaCompletePartialOrder,0m2.050s,0m2.054s
Mathlib.CategoryTheory.CofilteredSystem,0m1.930s,0m1.955s
Mathlib.LinearAlgebra.AffineSpace.Independent,0m4.883s,0m4.804s
Mathlib.Topology.Sheaves.Presheaf,0m4.011s,0m4.001s
Mathlib.SetTheory.Ordinal.Topology,0m2.004s,0m2.042s
Mathlib.Topology.Order.ExtendFrom,0m1.724s,0m1.721s
Mathlib.Topology.Order.LeftRightLim,0m2.242s,0m2.147s
Mathlib.Topology.Order.LiminfLimsup,0m2.215s,0m2.256s
Mathlib.Topology.Category.TopCat.Limits.Pullbacks,0m2.945s,0m2.879s
Mathlib.Algebra.Polynomial.CancelLeads,0m2.040s,0m2.056s
Mathlib.Algebra.Polynomial.Reverse,0m2.352s,0m2.263s
Mathlib.Algebra.Polynomial.Inductions,0m2.039s,0m2.151s
Mathlib.Algebra.Polynomial.DenomsClearable,0m2.035s,0m2.029s
Mathlib.AlgebraicTopology.SimplexCategory.GeneratorsRelations.EpiMono,0m2.367s,0m2.266s
Mathlib.CategoryTheory.SmallObject.Iteration.Nonempty,0m2.373s,0m2.358s
Mathlib.CategoryTheory.ChosenFiniteProducts.InfSemilattice,0m1.394s,0m1.443s
Mathlib.Algebra.Polynomial.CoeffList,0m2.538s,0m2.432s
Mathlib.CategoryTheory.Monoidal.Closed.Zero,0m1.615s,0m1.625s
Mathlib.CategoryTheory.Closed.Cartesian,0m1.422s,0m1.411s
Mathlib.Topology.Order.IntermediateValue,0m4.365s,0m4.304s
Mathlib.CategoryTheory.CopyDiscardCategory.Cartesian,0m1.752s,0m1.757s
Mathlib.CategoryTheory.Monoidal.Closed.Functor,0m1.977s,0m1.977s
Mathlib.CategoryTheory.Monoidal.Cartesian.CommMon_,0m1.613s,0m1.613s
Mathlib.CategoryTheory.Limits.FilteredColimitCommutesFiniteLimit,0m2.780s,0m2.363s
Mathlib.GroupTheory.SpecificGroups.Alternating.Centralizer,0m2.593s,0m2.071s
Mathlib.CategoryTheory.ChosenFiniteProducts.Cat,0m1.355s,0m1.290s
Mathlib.CategoryTheory.Monoidal.Types.Coyoneda,0m1.502s,0m1.497s
Mathlib.CategoryTheory.Monoidal.Functor.Types,0m1.908s,0m1.827s
Mathlib.CategoryTheory.Monoidal.Internal.Types.Basic,0m2.022s,0m1.906s
Mathlib.CategoryTheory.Category.Cat.CartesianClosed,0m2.056s,0m1.804s
Mathlib.CategoryTheory.Monoidal.Cartesian.FunctorCategory,0m2.500s,0m2.392s
Mathlib.AlgebraicTopology.SimplicialObject.Coskeletal,0m1.719s,0m1.587s
Mathlib.AlgebraicTopology.SimplicialObject.Op,0m1.917s,0m1.791s
Mathlib.AlgebraicTopology.SimplicialObject.II,0m1.959s,0m1.786s
Mathlib.AlgebraicTopology.SimplicialObject.Split,0m2.451s,0m2.327s
Mathlib.AlgebraicTopology.SimplexCategory.Augmented.Basic,0m2.795s,0m2.509s
Mathlib.LinearAlgebra.Matrix.Circulant,0m1.841s,0m1.702s
Mathlib.Algebra.CharP.Subring,0m1.741s,0m1.621s
Mathlib.AlgebraicTopology.SimplicialSet.Basic,0m2.115s,0m2.007s
Mathlib.Algebra.Homology.ShortComplex.Retract,0m1.403s,0m1.406s
Mathlib.Data.Matrix.Reflection,0m1.945s,0m1.797s
Mathlib.Combinatorics.Optimization.ValuedCSP,0m1.818s,0m1.807s
Mathlib.LinearAlgebra.Matrix.Trace,0m2.353s,0m2.304s
Mathlib.GroupTheory.GroupAction.SubMulAction.Combination,0m2.735s,0m2.657s
Mathlib.CategoryTheory.Monoidal.Grp_,0m8.910s,0m8.004s
Mathlib.Algebra.Homology.ShortComplex.PreservesHomology,0m5.005s,0m4.775s
Mathlib.AlgebraicTopology.CechNerve,0m7.593s,0m7.179s
Mathlib.CategoryTheory.GradedObject.Unitor,0m3.805s,0m3.594s
Mathlib.CategoryTheory.Preadditive.Injective.Preserves,0m1.529s,0m1.386s
Mathlib.RingTheory.Algebraic.LinearIndependent,0m2.239s,0m2.110s
Mathlib.RingTheory.Binomial,0m3.161s,0m3.062s
Mathlib.RingTheory.MvPolynomial.Tower,0m1.820s,0m1.738s
Mathlib.RingTheory.Derivation.DifferentialRing,0m2.259s,0m2.123s
Mathlib.Algebra.MvPolynomial.Counit,0m1.727s,0m1.582s
Mathlib.CategoryTheory.Limits.Types.Multicoequalizer,0m1.657s,0m1.606s
Mathlib.GroupTheory.GroupAction.MultiplePrimitivity,0m7.341s,0m7.050s
Mathlib.Algebra.MvPolynomial.Rename,0m2.299s,0m2.550s
Mathlib.GroupTheory.Coxeter.Matrix,0m8.165s,0m8.898s
Mathlib.Algebra.CharP.IntermediateField,0m1.815s,0m1.859s
Mathlib.LinearAlgebra.SymmetricAlgebra.Basic,0m3.684s,0m3.776s
Mathlib.Data.Matrix.DualNumber,0m1.839s,0m1.858s
Mathlib.RingTheory.Bialgebra.Basic,0m2.754s,0m2.570s
Mathlib.RingTheory.TensorProduct.Finite,0m2.427s,0m2.347s
Mathlib.RingTheory.MvPowerSeries.Basic,0m5.500s,0m5.237s
Mathlib.RingTheory.TensorProduct.Pi,0m3.279s,0m3.188s
Mathlib.RingTheory.Nilpotent.Exp,0m3.556s,0m3.572s
Mathlib.FieldTheory.IntermediateField.Adjoin.Defs,0m5.190s,0m5.199s
Mathlib.LinearAlgebra.TensorProduct.Opposite,0m3.309s,0m2.517s
Mathlib.CategoryTheory.Subterminal,0m2.012s,0m1.909s
Mathlib.LinearAlgebra.TensorProduct.RightExactness,0m6.268s,0m5.731s
Mathlib.CategoryTheory.Subobject.Basic,0m3.263s,0m3.127s
Mathlib.CategoryTheory.Limits.Shapes.Reflexive,0m4.124s,0m4.082s
Mathlib.CategoryTheory.Limits.Shapes.ConcreteCategory,0m2.026s,0m2.009s
Mathlib.Algebra.Vertex.VertexOperator,0m2.026s,0m2.185s
Mathlib.CategoryTheory.Limits.Types.Pushouts,0m2.204s,0m2.240s
Mathlib.CategoryTheory.Sites.Precoverage,0m2.219s,0m2.414s
Mathlib.CategoryTheory.Sites.EffectiveEpimorphic,0m2.861s,0m2.846s
Mathlib.RingTheory.OrzechProperty,0m1.820s,0m1.709s
Mathlib.CategoryTheory.Sites.IsSheafFor,0m3.502s,0m3.373s
Mathlib.CategoryTheory.Sites.Grothendieck,0m2.735s,0m2.615s
Mathlib.LinearAlgebra.TensorPower.Pairing,0m1.915s,0m1.923s
Mathlib.LinearAlgebra.TensorProduct.Basis,0m2.760s,0m2.701s
Mathlib.CategoryTheory.Limits.Shapes.Diagonal,0m9.657s,0m9.229s
Mathlib.LinearAlgebra.TensorAlgebra.ToTensorPower,0m2.221s,0m2.126s
Mathlib.LinearAlgebra.TensorProduct.Submodule,0m3.460s,0m3.343s
Mathlib.RingTheory.GradedAlgebra.Basic,0m4.148s,0m3.728s
Mathlib.LinearAlgebra.FreeModule.Finite.Basic,0m1.643s,0m1.588s
Mathlib.RingTheory.IsTensorProduct,0m10.791s,0m9.857s
Mathlib.Algebra.Category.Grp.Biproducts,0m2.053s,0m1.711s
Mathlib.Algebra.Colimit.TensorProduct,0m1.823s,0m1.688s
Mathlib.CategoryTheory.Preadditive.AdditiveFunctor,0m2.093s,0m1.989s
Mathlib.Topology.Category.Sequential,0m1.611s,0m1.600s
Mathlib.Algebra.Homology.CommSq,0m4.540s,0m4.241s
Mathlib.Topology.UniformSpace.LocallyUniformConvergence,0m1.697s,0m1.692s
Mathlib.RingTheory.Coalgebra.Equiv,0m4.284s,0m3.918s
Mathlib.Topology.UniformSpace.CompleteSeparated,0m1.516s,0m1.401s
Mathlib.Topology.MetricSpace.Pseudo.Constructions,0m2.126s,0m2.015s
Mathlib.Analysis.Convex.Basic,0m3.887s,0m3.722s
Mathlib.Topology.UniformSpace.Pi,0m1.593s,0m1.595s
Mathlib.LinearAlgebra.Alternating.Basic,0m6.510s,0m5.935s
Mathlib.CategoryTheory.Abelian.Basic,0m5.818s,0m5.815s
Mathlib.Topology.Algebra.Order.Module,0m1.529s,0m1.396s
Mathlib.Topology.Baire.LocallyCompactRegular,0m1.429s,0m1.402s
Mathlib.Dynamics.Transitive,0m1.717s,0m1.696s
Mathlib.Topology.Spectral.Prespectral,0m1.922s,0m1.808s
Mathlib.GroupTheory.PGroup,0m2.401s,0m2.219s
Mathlib.Algebra.Order.Group.Cyclic,0m1.899s,0m1.809s
Mathlib.Topology.UniformSpace.Closeds,0m3.695s,0m3.668s
Mathlib.CategoryTheory.Action.Continuous,0m4.879s,0m4.773s
Mathlib.LinearAlgebra.Matrix.ToLin,0m9.864s,0m9.433s
Mathlib.GroupTheory.SpecificGroups.KleinFour,0m2.268s,0m2.218s
Mathlib.Topology.Algebra.Monoid,0m4.886s,0m4.560s
Mathlib.RingTheory.Ideal.Oka,0m1.724s,0m1.595s
Mathlib.RingTheory.Lasker,0m2.032s,0m1.916s
Mathlib.GroupTheory.ArchimedeanDensely,0m5.086s,0m4.792s
Mathlib.RingTheory.Noetherian.Basic,0m2.843s,0m2.720s
Mathlib.RingTheory.PrincipalIdealDomain,0m2.533s,0m2.523s
Mathlib.Algebra.Polynomial.Derivation,0m2.931s,0m2.772s
Mathlib.Algebra.Star.Unitary,0m5.019s,0m4.930s
Mathlib.Algebra.Algebra.Spectrum.Quasispectrum,0m4.820s,0m4.565s
Mathlib.RingTheory.SimpleModule.Basic,0m6.221s,0m5.748s
Mathlib.RingTheory.HahnSeries.Valuation,0m1.800s,0m1.699s
Mathlib.Topology.Covering,0m2.678s,0m2.597s
Mathlib.Topology.FiberBundle.Constructions,0m2.419s,0m2.195s
Mathlib.RingTheory.Valuation.PrimeMultiplicity,0m1.631s,0m1.590s
Mathlib.RingTheory.Valuation.ExtendToLocalization,0m2.033s,0m2.023s
Mathlib.Algebra.Polynomial.Module.Basic,0m4.314s,0m4.215s
Mathlib.Combinatorics.Hall.Basic,0m1.803s,0m1.702s
Mathlib.Combinatorics.SimpleGraph.Finsubgraph,0m1.936s,0m1.891s
Mathlib.Algebra.Order.Ring.Archimedean,0m3.521s,0m3.340s
Mathlib.Combinatorics.SimpleGraph.Ends.Defs,0m1.810s,0m1.724s
Mathlib.RingTheory.Valuation.Integers,0m3.891s,0m3.525s
Mathlib.Topology.Sheaves.PresheafOfFunctions,0m1.482s,0m1.488s
Mathlib.LinearAlgebra.AffineSpace.Basis,0m3.361s,0m3.316s
Mathlib.RingTheory.Valuation.ValuativeRel.Basic,0m5.316s,0m5.103s
Mathlib.RingTheory.Ideal.Quotient.Operations,0m11.480s,0m11.169s
Mathlib.Topology.Category.TopCat.EffectiveEpi,0m1.513s,0m1.519s
Mathlib.Algebra.Polynomial.Mirror,0m1.829s,0m1.803s
Mathlib.LinearAlgebra.AffineSpace.Simplex.Basic,0m4.056s,0m3.945s
Mathlib.CategoryTheory.Closed.Zero,0m1.275s,0m1.307s
Mathlib.Algebra.Polynomial.Monic,0m2.439s,0m2.399s
Mathlib.CategoryTheory.Extensive,0m4.362s,0m4.261s
Mathlib.Topology.Gluing,0m3.255s,0m3.149s
Mathlib.Geometry.RingedSpace.PresheafedSpace,0m6.126s,0m5.979s
Mathlib.CategoryTheory.Closed.Functor,0m1.287s,0m1.292s
Mathlib.CategoryTheory.Filtered.CostructuredArrow,0m1.504s,0m1.508s
Mathlib.Topology.Order.Compact,0m2.605s,0m2.615s
Mathlib.Algebra.Polynomial.Laurent,0m3.239s,0m3.253s
Mathlib.CategoryTheory.Monoidal.Closed.Types,0m1.584s,0m1.590s
Mathlib.CategoryTheory.Limits.Preserves.Presheaf,0m2.092s,0m2.028s
Mathlib.CategoryTheory.ChosenFiniteProducts.FunctorCategory,0m1.313s,0m1.307s
Mathlib.AlgebraicTopology.SimplexCategory.Augmented,0m1.417s,0m1.375s
Mathlib.CategoryTheory.Functor.Flat,0m3.575s,0m3.467s
Mathlib.AlgebraicTopology.SimplicialSet.Op,0m1.707s,0m1.710s
Mathlib.CategoryTheory.Enriched.Basic,0m3.163s,0m3.013s
Mathlib.Data.Matrix.Auto,0m1.508s,0m1.465s
Mathlib.AlgebraicTopology.SimplexCategory.GeneratorsRelations.NormalForms,0m5.919s,0m5.409s
Mathlib.AlgebraicTopology.SimplicialSet.CompStructTruncated,0m2.605s,0m2.585s
Mathlib.CategoryTheory.Monoidal.Internal.Types.Grp_,0m1.513s,0m1.486s
Mathlib.Combinatorics.SimpleGraph.AdjMatrix,0m2.097s,0m2.061s
Mathlib.LinearAlgebra.Matrix.Hadamard,0m2.031s,0m1.922s
Mathlib.AlgebraicTopology.SimplicialSet.Subcomplex,0m3.020s,0m2.927s
Mathlib.Algebra.MvPolynomial.Degrees,0m2.946s,0m2.799s
Mathlib.CategoryTheory.Monoidal.Cartesian.Grp_,0m4.724s,0m4.463s
Mathlib.CategoryTheory.Monoidal.CommGrp_,0m4.651s,0m4.383s
Mathlib.Algebra.MvPolynomial.Comap,0m1.690s,0m1.695s
Mathlib.GroupTheory.GroupAction.Jordan,0m4.766s,0m4.674s
Mathlib.CategoryTheory.Monoidal.Cartesian.Over,0m5.917s,0m5.526s
Mathlib.FieldTheory.PrimeField,0m1.718s,0m1.696s
Mathlib.RingTheory.HopfAlgebra.Basic,0m2.227s,0m2.225s
Mathlib.Algebra.Category.Ring.Epi,0m1.904s,0m1.904s
Mathlib.CategoryTheory.GradedObject.Monoidal,0m6.656s,0m6.401s
Mathlib.GroupTheory.Coxeter.Basic,0m3.197s,0m2.910s
Mathlib.RingTheory.MvPowerSeries.LexOrder,0m1.900s,0m1.891s
Mathlib.RingTheory.MvPowerSeries.Trunc,0m2.027s,0m2.012s
Mathlib.RingTheory.Bialgebra.Hom,0m3.773s,0m3.749s
Mathlib.RingTheory.MvPowerSeries.Order,0m2.921s,0m2.809s
Mathlib.AlgebraicTopology.SimplexCategory.Augmented.Monoidal,0m12.440s,0m12.348s
Mathlib.CategoryTheory.Monoidal.Closed.Ideal,0m2.226s,0m2.208s
Mathlib.CategoryTheory.Subobject.Presheaf,0m1.388s,0m1.386s
Mathlib.CategoryTheory.Subpresheaf.Subobject,0m1.927s,0m1.811s
Mathlib.CategoryTheory.Subobject.WellPowered,0m1.397s,0m1.414s
Mathlib.CategoryTheory.Subobject.HasCardinalLT,0m1.507s,0m1.485s
Mathlib.CategoryTheory.Subobject.FactorThru,0m1.697s,0m1.672s
Mathlib.CategoryTheory.Dialectica.Basic,0m2.210s,0m2.208s
Mathlib.CategoryTheory.Limits.Types.Shapes,0m1.277s,0m1.290s
Mathlib.CategoryTheory.Monad.Equalizer,0m1.586s,0m1.675s
Mathlib.LinearAlgebra.TensorProduct.Vanishing,0m2.921s,0m2.915s
Mathlib.CategoryTheory.Monad.Coequalizer,0m1.590s,0m1.562s
Mathlib.CategoryTheory.Sites.JointlySurjective,0m1.508s,0m1.498s
Mathlib.CategoryTheory.Subpresheaf.Sieves,0m1.375s,0m1.390s
Mathlib.RingTheory.QuotSMulTop,0m4.314s,0m4.411s
Mathlib.CategoryTheory.Sites.Pretopology,0m1.922s,0m1.909s
Mathlib.CategoryTheory.Sites.EqualizerSheafCondition,0m2.410s,0m2.412s
Mathlib.Algebra.Module.Projective,0m2.540s,0m2.493s
Mathlib.CategoryTheory.Galois.Basic,0m2.419s,0m2.278s
Mathlib.Algebra.Algebra.Subalgebra.Centralizer,0m3.132s,0m2.797s
Mathlib.CategoryTheory.Sites.Hypercover.Zero,0m4.082s,0m4.043s
Mathlib.CategoryTheory.MorphismProperty.Limits,0m3.342s,0m3.260s
Mathlib.LinearAlgebra.FreeProduct.Basic,0m3.142s,0m3.235s
Mathlib.LinearAlgebra.TensorAlgebra.Grading,0m2.530s,0m2.430s
Mathlib.Algebra.MonoidAlgebra.Grading,0m2.976s,0m3.059s
Mathlib.RingTheory.GradedAlgebra.Homogeneous.Subsemiring,0m2.090s,0m1.975s
Mathlib.RingTheory.GradedAlgebra.Homogeneous.Submodule,0m2.121s,0m2.023s
Mathlib.RingTheory.MvPolynomial.WeightedHomogeneous,0m2.796s,0m2.811s
Mathlib.Algebra.Module.GradedModule,0m3.634s,0m3.577s
Mathlib.Algebra.Category.Grp.CartesianMonoidal,0m1.786s,0m1.809s
Mathlib.RingTheory.PolynomialAlgebra,0m2.810s,0m2.810s
Mathlib.RingTheory.TensorProduct.MonoidAlgebra,0m3.369s,0m3.254s
Mathlib.CategoryTheory.Center.Localization,0m1.485s,0m1.476s
Mathlib.CategoryTheory.Preadditive.EilenbergMoore,0m2.013s,0m1.935s
Mathlib.CategoryTheory.Shift.Pullback,0m3.500s,0m3.427s
Mathlib.LinearAlgebra.TensorProduct.Subalgebra,0m10.037s,0m9.164s
Mathlib.RingTheory.Localization.BaseChange,0m6.578s,0m6.616s
Mathlib.CategoryTheory.Preadditive.EndoFunctor,0m2.035s,0m1.889s
Mathlib.CategoryTheory.Preadditive.LeftExact,0m1.671s,0m1.619s
Mathlib.CategoryTheory.Preadditive.Opposite,0m1.820s,0m1.828s
Mathlib.CategoryTheory.Localization.CalculusOfFractions.Preadditive,0m2.200s,0m2.205s
Mathlib.CategoryTheory.Preadditive.Transfer,0m1.405s,0m1.396s
Mathlib.CategoryTheory.Shift.ShiftSequence,0m2.630s,0m2.529s
Mathlib.Algebra.Category.ModuleCat.Basic,0m5.470s,0m5.414s
Mathlib.CategoryTheory.Preadditive.Mat,0m6.579s,0m6.335s
Mathlib.CategoryTheory.Quotient.Preadditive,0m1.711s,0m1.700s
Mathlib.CategoryTheory.Linear.LinearFunctor,0m1.803s,0m1.783s
Mathlib.Topology.UniformSpace.UniformApproximation,0m1.505s,0m1.583s
Mathlib.Topology.Algebra.Star.Real,0m1.495s,0m1.511s
Mathlib.Topology.MetricSpace.Pseudo.Lemmas,0m1.800s,0m1.797s
Mathlib.Analysis.Convex.NNReal,0m1.794s,0m1.765s
Mathlib.CategoryTheory.Monoidal.Preadditive,0m2.824s,0m2.731s
Mathlib.Topology.EMetricSpace.Basic,0m2.837s,0m2.849s
Mathlib.Topology.UniformSpace.Ultra.Constructions,0m1.398s,0m1.405s
Mathlib.Analysis.Convex.Hull,0m1.979s,0m1.910s
Mathlib.Topology.UniformSpace.Equiv,0m2.085s,0m1.970s
Mathlib.LinearAlgebra.Alternating.Curry,0m1.786s,0m1.776s
Mathlib.LinearAlgebra.TensorProduct.Graded.Internal,0m16.890s,0m15.798s
Mathlib.CategoryTheory.Idempotents.Basic,0m1.585s,0m1.577s
Mathlib.Algebra.Homology.ShortComplex.Abelian,0m2.729s,0m2.661s
Mathlib.Topology.Spectral.Basic,0m1.402s,0m1.298s
Mathlib.CategoryTheory.Abelian.FunctorCategory,0m2.135s,0m2.160s
Mathlib.LinearAlgebra.Matrix.Determinant.Basic,0m5.016s,0m5.004s
Mathlib.Analysis.Convex.Function,0m5.591s,0m5.503s
Mathlib.LinearAlgebra.Alternating.DomCoprod,0m4.326s,0m4.384s
Mathlib.Topology.Constructible,0m2.323s,0m2.337s
Mathlib.RingTheory.Coalgebra.TensorProduct,0m8.132s,0m8.256s
Mathlib.RingTheory.TensorProduct.Free,0m2.131s,0m2.124s
Mathlib.LinearAlgebra.Matrix.Dual,0m2.030s,0m2.006s
Mathlib.GroupTheory.Torsion,0m2.927s,0m2.905s
Mathlib.GroupTheory.Sylow,0m3.627s,0m3.512s
Mathlib.RingTheory.Nilpotent.Lemmas,0m1.902s,0m1.898s
Mathlib.ModelTheory.Arithmetic.Presburger.Semilinear.Basic,0m3.850s,0m3.526s
Mathlib.GroupTheory.SpecificGroups.Dihedral,0m2.411s,0m2.414s
Mathlib.Topology.Algebra.Group.AddTorsor,0m1.588s,0m1.816s
Mathlib.Topology.ApproximateUnit,0m1.510s,0m1.535s
Mathlib.Topology.Algebra.GroupWithZero,0m2.104s,0m2.092s
Mathlib.Dynamics.Flow,0m2.113s,0m2.009s
Mathlib.Topology.Algebra.Monoid.FunOnFinite,0m1.479s,0m1.492s
Mathlib.LinearAlgebra.Complex.Module,0m4.458s,0m4.514s
Mathlib.RingTheory.GradedAlgebra.Noetherian,0m1.722s,0m1.727s
Mathlib.RingTheory.Noetherian.OfPrime,0m1.792s,0m1.793s
Mathlib.FieldTheory.Tower,0m1.682s,0m1.727s
Mathlib.RingTheory.Noetherian.Orzech,0m1.787s,0m1.799s
Mathlib.Topology.Sets.CompactOpenCovered,0m7.785s,0m7.849s
Mathlib.RingTheory.PrincipalIdealDomainOfPrime,0m1.710s,0m1.710s
Mathlib.RingTheory.EuclideanDomain,0m1.721s,0m1.677s
Mathlib.RingTheory.Int.Basic,0m1.725s,0m1.714s
Mathlib.RingTheory.SimpleRing.Principal,0m1.577s,0m1.508s
Mathlib.RingTheory.Bezout,0m1.606s,0m1.672s
Mathlib.NumberTheory.FLT.Basic,0m2.493s,0m2.426s
Mathlib.Algebra.Star.UnitaryStarAlgAut,0m2.018s,0m2.016s
Mathlib.RingTheory.Ideal.IsPrincipal,0m2.306s,0m2.351s
Mathlib.Topology.Algebra.Group.Basic,0m6.093s,0m6.107s
Mathlib.Topology.Algebra.Star.Unitary,0m1.955s,0m1.936s
Mathlib.Algebra.Algebra.Spectrum.Pi,0m1.896s,0m1.825s
Mathlib.Algebra.Algebra.StrictPositivity,0m2.110s,0m2.095s
Mathlib.RingTheory.Jacobson.Semiprimary,0m1.978s,0m1.926s
Mathlib.Combinatorics.SimpleGraph.Ends.Properties,0m1.493s,0m1.480s
Mathlib.Algebra.Polynomial.Module.TensorProduct,0m2.725s,0m2.509s
Mathlib.Combinatorics.SimpleGraph.Hall,0m2.192s,0m2.202s
Mathlib.RingTheory.Valuation.ValuativeRel,0m1.497s,0m1.620s
Mathlib.RepresentationTheory.Maschke,0m2.950s,0m2.914s
Mathlib.RingTheory.Valuation.ValuativeRel.Trivial,0m1.976s,0m1.889s
Mathlib.NumberTheory.Zsqrtd.Basic,0m3.852s,0m3.804s
Mathlib.RingTheory.Ideal.Quotient.Index,0m2.520s,0m2.487s
Mathlib.RingTheory.TensorProduct.Quotient,0m2.498s,0m2.425s
Mathlib.RingTheory.Jacobson.Ideal,0m2.528s,0m2.515s
Mathlib.RingTheory.Ideal.Quotient.ChineseRemainder,0m3.351s,0m3.152s
Mathlib.RingTheory.Ideal.Over,0m3.263s,0m3.326s
Mathlib.RingTheory.Ideal.AssociatedPrime.Basic,0m3.106s,0m3.016s
Mathlib.RingTheory.SimpleModule.Isotypic,0m5.130s,0m4.984s
Mathlib.RingTheory.Valuation.Quotient,0m1.801s,0m1.717s
Mathlib.RingTheory.Ideal.Quotient.Noetherian,0m1.677s,0m1.702s
Mathlib.RingTheory.Derivation.ToSquareZero,0m2.627s,0m2.617s
Mathlib.LinearAlgebra.AffineSpace.Simplex.Centroid,0m1.692s,0m1.718s
Mathlib.RingTheory.Localization.Ideal,0m2.718s,0m2.697s
Mathlib.Algebra.Polynomial.UnitTrinomial,0m2.090s,0m2.068s
Mathlib.CategoryTheory.EffectiveEpi.Extensive,0m1.595s,0m1.578s
Mathlib.Topology.Category.CompHausLike.Limits,0m2.239s,0m2.312s
Mathlib.Algebra.Polynomial.Lifts,0m1.788s,0m1.806s
Mathlib.RingTheory.Idempotents,0m3.667s,0m3.624s
Mathlib.CategoryTheory.Adhesive,0m2.310s,0m2.309s
Mathlib.Algebra.Polynomial.GroupRingAction,0m2.009s,0m2.016s
Mathlib.Algebra.Polynomial.Degree.IsMonicOfDegree,0m1.901s,0m1.880s
Mathlib.CategoryTheory.Closed.Types,0m1.288s,0m1.386s
Mathlib.Topology.Order.Rolle,0m1.489s,0m1.597s
Mathlib.RingTheory.Coalgebra.MonoidAlgebra,0m1.914s,0m2.015s
Mathlib.Algebra.Polynomial.Div,0m3.305s,0m3.209s
Mathlib.Algebra.Polynomial.Sequence,0m2.022s,0m2.158s
Mathlib.Algebra.Polynomial.BigOperators,0m2.015s,0m2.792s
Mathlib.CategoryTheory.Limits.Sifted,0m2.113s,0m2.401s
Mathlib.CategoryTheory.Filtered.Flat,0m1.393s,0m1.411s
Mathlib.AlgebraicTopology.SimplicialSet.Simplices,0m1.597s,0m1.744s
Mathlib.Combinatorics.SimpleGraph.StronglyRegular,0m1.887s,0m1.988s
Mathlib.AlgebraicTopology.SimplicialSet.CompStruct,0m2.300s,0m2.325s
Mathlib.CategoryTheory.Enriched.EnrichedCat,0m2.620s,0m2.630s
Mathlib.CategoryTheory.Functor.FunctorHom,0m2.935s,0m2.965s
Mathlib.CategoryTheory.Enriched.Ordinary.Basic,0m2.815s,0m2.860s
Mathlib.AlgebraicTopology.SimplicialSet.SubcomplexColimits,0m1.602s,0m1.708s
Mathlib.Algebra.MvPolynomial.Variables,0m2.010s,0m2.010s
Mathlib.AlgebraicTopology.SimplicialSet.Degenerate,0m2.200s,0m2.193s
Mathlib.AlgebraicTopology.Quasicategory.TwoTruncated,0m4.090s,0m4.095s
Mathlib.RingTheory.MvPolynomial.Basic,0m1.830s,0m1.899s
Mathlib.CategoryTheory.Monoidal.Internal.Types.CommGrp_,0m1.686s,0m1.616s
Mathlib.CategoryTheory.ChosenFiniteProducts.Over,0m1.289s,0m1.295s
Mathlib.CategoryTheory.Monoidal.Cartesian.CommGrp_,0m2.531s,0m2.305s
Mathlib.CategoryTheory.Preadditive.CommGrp_,0m2.094s,0m1.987s
Mathlib.GroupTheory.Coxeter.Length,0m2.211s,0m2.294s
Mathlib.CategoryTheory.Closed.Ideal,0m1.368s,0m1.400s
Mathlib.Algebra.MvPolynomial.Equiv,0m3.870s,0m3.852s
Mathlib.CategoryTheory.GradedObject.Braiding,0m2.394s,0m2.416s
Mathlib.GroupTheory.Perm.MaximalSubgroups,0m3.872s,0m3.961s
Mathlib.CategoryTheory.Subobject.Types,0m1.701s,0m1.587s
Mathlib.CategoryTheory.Topos.Classifier,0m2.012s,0m2.023s
Mathlib.RingTheory.MvPowerSeries.NoZeroDivisors,0m3.426s,0m3.331s
Mathlib.CategoryTheory.Subobject.Comma,0m2.116s,0m2.121s
Mathlib.RingTheory.Bialgebra.Equiv,0m4.335s,0m4.439s
Mathlib.CategoryTheory.Adjunction.Lifting.Right,0m2.026s,0m2.027s
Mathlib.CategoryTheory.Sites.Spaces,0m1.581s,0m1.489s
Mathlib.CategoryTheory.Adjunction.Lifting.Left,0m2.012s,0m2.074s
Mathlib.CategoryTheory.Monad.Comonadicity,0m2.498s,0m2.507s
Mathlib.CategoryTheory.Monad.Monadicity,0m2.432s,0m2.389s
Mathlib.CategoryTheory.Sites.Finite,0m1.484s,0m1.482s
Mathlib.CategoryTheory.Subobject.Lattice,0m3.550s,0m3.560s
Mathlib.CategoryTheory.Sites.Preserves,0m1.564s,0m1.580s
Mathlib.RingTheory.Finiteness.Projective,0m1.605s,0m1.572s
Mathlib.RingTheory.SimpleModule.InjectiveProjective,0m1.704s,0m1.592s
Mathlib.CategoryTheory.Sites.SheafOfTypes,0m2.209s,0m2.090s
Mathlib.CategoryTheory.ObjectProperty.SiteLocal,0m1.398s,0m1.404s
Mathlib.CategoryTheory.Sites.Hypercover.ZeroFamily,0m1.594s,0m1.491s
Mathlib.CategoryTheory.Galois.GaloisObjects,0m1.922s,0m1.881s
Mathlib.CategoryTheory.Types.Monomorphisms,0m1.393s,0m1.368s
Mathlib.Algebra.Azumaya.Defs,0m2.344s,0m2.322s
Mathlib.CategoryTheory.MorphismProperty.Local,0m1.588s,0m1.574s
Mathlib.CategoryTheory.Localization.FiniteProducts,0m1.607s,0m1.595s
Mathlib.CategoryTheory.Abelian.Monomorphisms,0m1.374s,0m1.381s
Mathlib.CategoryTheory.MorphismProperty.LiftingProperty,0m1.498s,0m1.488s
Mathlib.AlgebraicTopology.ModelCategory.JoyalTrick,0m1.809s,0m1.710s
Mathlib.CategoryTheory.MorphismProperty.Descent,0m1.588s,0m1.574s
Mathlib.CategoryTheory.Limits.Shapes.Pullback.Square,0m1.383s,0m1.478s
Mathlib.AlgebraicTopology.RelativeCellComplex.AttachCells,0m2.123s,0m2.088s
Mathlib.Algebra.Category.Grp.ChosenFiniteProducts,0m1.405s,0m1.396s
Mathlib.RingTheory.TensorProduct.IsBaseChangePi,0m2.231s,0m2.204s
Mathlib.CategoryTheory.MorphismProperty.OverAdjunction,0m5.162s,0m4.892s
Mathlib.CategoryTheory.Shift.Opposite,0m2.944s,0m2.901s
Mathlib.RingTheory.GradedAlgebra.Homogeneous.Ideal,0m3.535s,0m3.431s
Mathlib.CategoryTheory.Abelian.Transfer,0m1.913s,0m1.915s
Mathlib.CategoryTheory.Abelian.Opposite,0m3.246s,0m3.097s
Mathlib.CategoryTheory.MorphismProperty.Representable,0m5.326s,0m5.053s
Mathlib.Algebra.Category.ModuleCat.EpiMono,0m1.701s,0m1.795s
Mathlib.Algebra.Category.ModuleCat.Algebra,0m1.831s,0m1.869s
Mathlib.CategoryTheory.Shift.InducedShiftSequence,0m2.114s,0m2.110s
Mathlib.Algebra.Category.AlgCat.Basic,0m2.853s,0m2.693s
Mathlib.CategoryTheory.Limits.ConcreteCategory.WithAlgebraicStructures,0m1.904s,0m1.804s
Mathlib.RingTheory.Morita.Matrix,0m1.586s,0m1.589s
Mathlib.Algebra.Category.ModuleCat.Tannaka,0m1.776s,0m1.687s
Mathlib.CategoryTheory.Preadditive.Yoneda.Basic,0m2.923s,0m2.832s
Mathlib.Algebra.Category.Grp.ZModuleEquivalence,0m1.486s,0m1.495s
Mathlib.CategoryTheory.Localization.Linear,0m1.608s,0m1.580s
Mathlib.Algebra.Category.ModuleCat.Products,0m2.211s,0m2.155s
Mathlib.Algebra.Category.ModuleCat.Colimits,0m2.336s,0m2.307s
Mathlib.Algebra.Category.CoalgCat.Basic,0m2.454s,0m2.395s
Mathlib.CategoryTheory.Shift.ShiftedHom,0m2.014s,0m1.975s
Mathlib.Algebra.Homology.ShortComplex.Preadditive,0m7.186s,0m7.100s
Mathlib.Topology.MetricSpace.Ultra.Basic,0m1.603s,0m1.581s
Mathlib.CategoryTheory.Monoidal.Linear,0m1.676s,0m1.617s
Mathlib.CategoryTheory.Quotient.Linear,0m1.784s,0m1.683s
Mathlib.Topology.MetricSpace.Cauchy,0m1.674s,0m1.610s
Mathlib.Algebra.Category.ModuleCat.Limits,0m3.725s,0m3.458s
Mathlib.CategoryTheory.Distributive.Monoidal,0m2.209s,0m2.211s
Mathlib.Topology.EMetricSpace.Pi,0m1.692s,0m1.734s
Mathlib.Topology.MetricSpace.Pseudo.Basic,0m2.286s,0m2.286s
Mathlib.Topology.EMetricSpace.Paracompact,0m2.804s,0m2.658s
Mathlib.Analysis.Convex.SimplicialComplex.Basic,0m1.982s,0m1.988s
Mathlib.Analysis.Convex.Extreme,0m2.061s,0m2.131s
Mathlib.Analysis.Convex.Join,0m2.750s,0m2.661s
Mathlib.Topology.UniformSpace.AbstractCompletion,0m2.073s,0m2.066s
Mathlib.CategoryTheory.Triangulated.Basic,0m5.952s,0m5.752s
Mathlib.CategoryTheory.Idempotents.Karoubi,0m2.201s,0m2.111s
Mathlib.LinearAlgebra.Alternating.Uncurry.Fin,0m3.248s,0m3.084s
Mathlib.Geometry.Convex.Cone.Basic,0m4.054s,0m3.929s
Mathlib.Topology.UniformSpace.UniformConvergenceTopology,0m3.640s,0m3.424s
Mathlib.Analysis.Convex.Piecewise,0m2.676s,0m2.610s
Mathlib.Analysis.Convex.Slope,0m2.693s,0m2.488s
Mathlib.LinearAlgebra.Matrix.AbsoluteValue,0m1.817s,0m1.794s
Mathlib.LinearAlgebra.Matrix.Determinant.TotallyUnimodular,0m1.998s,0m1.983s
Mathlib.Analysis.Convex.Mul,0m4.284s,0m4.072s
Mathlib.Analysis.Convex.Combination,0m7.690s,0m7.463s
Mathlib.LinearAlgebra.CrossProduct,0m3.152s,0m3.018s
Mathlib.LinearAlgebra.Matrix.Determinant.Misc,0m1.892s,0m1.775s
Mathlib.LinearAlgebra.Matrix.Reindex,0m1.988s,0m1.994s
Mathlib.GroupTheory.SpecificGroups.Alternating.KleinFour,0m1.980s,0m1.875s
Mathlib.Algebra.Module.ZMod,0m2.142s,0m2.120s
Mathlib.LinearAlgebra.Matrix.Kronecker,0m4.682s,0m4.382s
Mathlib.RingTheory.Ideal.Quotient.Nilpotent,0m1.925s,0m1.882s
Mathlib.GroupTheory.RegularWreathProduct,0m2.606s,0m2.569s
Mathlib.RingTheory.Coalgebra.Convolution,0m4.256s,0m3.348s
Mathlib.RingTheory.Noetherian.Nilpotent,0m1.862s,0m1.616s
Mathlib.GroupTheory.Transfer,0m3.040s,0m2.924s
Mathlib.GroupTheory.Nilpotent,0m3.025s,0m2.912s
Mathlib.RingTheory.Finiteness.Nilpotent,0m2.026s,0m1.910s
Mathlib.RingTheory.ZMod,0m1.745s,0m1.683s
Mathlib.Topology.Algebra.Affine,0m2.109s,0m2.002s
Mathlib.Topology.Algebra.WithZeroTopology,0m1.919s,0m1.777s
Mathlib.GroupTheory.SpecificGroups.Quaternion,0m2.322s,0m2.304s
Mathlib.Dynamics.OmegaLimit,0m1.879s,0m1.922s
Mathlib.GroupTheory.CommutingProbability,0m2.619s,0m2.431s
Mathlib.Data.ZMod.Coprime,0m1.601s,0m1.573s
Mathlib.RingTheory.Localization.Rat,0m1.596s,0m1.558s
Mathlib.LinearAlgebra.InvariantBasisNumber,0m2.528s,0m2.399s
Mathlib.Topology.Algebra.Group.TopologicalAbelianization,0m1.578s,0m1.580s
Mathlib.Topology.Algebra.Order.LiminfLimsup,0m2.085s,0m2.077s
Mathlib.Topology.Algebra.Group.SubmonoidClosure,0m1.809s,0m1.892s
Mathlib.Topology.Algebra.Group.GroupTopology,0m1.801s,0m1.903s
Mathlib.NumberTheory.PythagoreanTriples,0m3.927s,0m3.745s
Mathlib.RingTheory.Valuation.ValuationRing,0m3.575s,0m3.372s
Mathlib.NumberTheory.Zsqrtd.GaussianInt,0m2.485s,0m2.512s
Mathlib.Topology.Algebra.Group.Pointwise,0m3.264s,0m3.334s
Mathlib.Topology.Algebra.IsUniformGroup.Defs,0m5.139s,0m5.133s
Mathlib.RingTheory.LocalRing.MaximalIdeal.Basic,0m1.695s,0m1.690s
Mathlib.RingTheory.Nakayama,0m2.849s,0m2.866s
Mathlib.NumberTheory.PellMatiyasevic,0m3.303s,0m3.105s
Mathlib.RingTheory.Ideal.AssociatedPrime,0m1.603s,0m1.582s
Mathlib.RingTheory.Ideal.MinimalPrime.Basic,0m1.798s,0m1.824s
Mathlib.Topology.Category.CompHausLike.Cartesian,0m1.716s,0m1.597s
Mathlib.LinearAlgebra.Matrix.Ideal,0m3.045s,0m3.122s
Mathlib.Topology.Category.CompHausLike.SigmaComparison,0m1.592s,0m1.551s
Mathlib.Algebra.DirectSum.Idempotents,0m1.813s,0m1.789s
Mathlib.Algebra.Polynomial.RingDivision,0m2.273s,0m2.294s
Mathlib.RingTheory.Localization.Algebra,0m3.792s,0m3.876s
Mathlib.RingTheory.Polynomial.Nilpotent,0m2.323s,0m2.277s
Mathlib.RingTheory.Ideal.AssociatedPrime.Finiteness,0m4.648s,0m4.484s
Mathlib.RingTheory.Bialgebra.MonoidAlgebra,0m3.161s,0m3.248s
Mathlib.Algebra.Polynomial.CoeffMem,0m3.063s,0m3.018s
Mathlib.Algebra.Polynomial.PartialFractions,0m2.206s,0m2.221s
Mathlib.LinearAlgebra.Matrix.Polynomial,0m1.894s,0m1.909s
Mathlib.Algebra.Polynomial.SumIteratedDerivative,0m2.301s,0m2.290s
Mathlib.Algebra.Polynomial.HasseDeriv,0m2.270s,0m2.305s
Mathlib.CategoryTheory.Filtered.Final,0m1.871s,0m1.895s
Mathlib.AlgebraicTopology.SimplicialSet.AnodyneExtensions.IsUniquelyCodimOneFace,0m1.491s,0m1.466s
Mathlib.CategoryTheory.Enriched.Limits.HasConicalLimits,0m1.483s,0m1.489s
Mathlib.CategoryTheory.Monoidal.Closed.FunctorToTypes,0m2.026s,0m2.022s
Mathlib.CategoryTheory.Enriched.Opposite,0m1.703s,0m1.664s
Mathlib.AlgebraicTopology.SimplicialSet.Nerve,0m2.744s,0m2.706s
Mathlib.RingTheory.AdicCompletion.Basic,0m9.450s,0m9.404s
Mathlib.CategoryTheory.Monoidal.Closed.Enrichment,0m1.483s,0m1.509s
Mathlib.CategoryTheory.Enriched.HomCongr,0m1.512s,0m1.605s
Mathlib.AlgebraicTopology.SimplicialSet.Skeleton,0m1.767s,0m1.685s
Mathlib.AlgebraicTopology.SimplicialSet.NonDegenerateSimplices,0m1.681s,0m1.675s
Mathlib.CategoryTheory.Bicategory.CatEnriched,0m3.564s,0m3.424s
Mathlib.Algebra.MvPolynomial.Supported,0m1.813s,0m1.786s
Mathlib.Algebra.MvPolynomial.CommRing,0m2.021s,0m1.918s
Mathlib.CategoryTheory.Enriched.FunctorCategory,0m4.077s,0m3.981s
Mathlib.Algebra.MvPolynomial.Monad,0m2.287s,0m2.279s
Mathlib.Algebra.Category.Grp.LeftExactFunctor,0m2.654s,0m2.424s
Mathlib.Algebra.MvPolynomial.Polynomial,0m1.600s,0m1.600s
Mathlib.Algebra.MvPolynomial.Cardinal,0m1.594s,0m1.697s
Mathlib.CategoryTheory.Monoidal.Closed.FunctorCategory.Complete,0m1.485s,0m1.484s
Mathlib.RingTheory.MvPowerSeries.Inverse,0m2.200s,0m2.212s
Mathlib.CategoryTheory.Simple,0m1.562s,0m1.566s
Mathlib.GroupTheory.Coxeter.Inversion,0m3.136s,0m3.041s
Mathlib.RingTheory.PowerSeries.Basic,0m3.626s,0m3.625s
Mathlib.CategoryTheory.ExtremalEpi,0m1.559s,0m1.466s
Mathlib.RingTheory.TensorProduct.MvPolynomial,0m4.753s,0m4.291s
Mathlib.CategoryTheory.Generator.Basic,0m2.422s,0m2.407s
Mathlib.CategoryTheory.Sites.Closed,0m1.685s,0m1.586s
Mathlib.CategoryTheory.Subobject.Limits,0m2.932s,0m2.914s
Mathlib.CategoryTheory.Galois.Decomposition,0m2.082s,0m2.207s
Mathlib.CategoryTheory.Preadditive.Injective.LiftingProperties,0m1.391s,0m1.411s
Mathlib.RingTheory.Bialgebra.TensorProduct,0m5.653s,0m5.357s
Mathlib.CategoryTheory.Preadditive.Projective.LiftingProperties,0m1.367s,0m1.391s
Mathlib.CategoryTheory.Dialectica.Monoidal,0m4.555s,0m4.179s
Mathlib.CategoryTheory.MorphismProperty.RetractArgument,0m1.737s,0m1.601s
Mathlib.Algebra.Homology.Square,0m1.482s,0m1.476s
Mathlib.CategoryTheory.Limits.Preserves.Shapes.Square,0m1.612s,0m1.577s
Mathlib.Algebra.Azumaya.Matrix,0m3.255s,0m2.924s
Mathlib.CategoryTheory.Sites.Sheaf,0m5.349s,0m4.658s
Mathlib.RingTheory.TensorProduct.IsBaseChangeFree,0m2.083s,0m2.103s
Mathlib.RingTheory.GradedAlgebra.Radical,0m2.303s,0m2.217s
Mathlib.CategoryTheory.Triangulated.Opposite.Basic,0m2.650s,0m2.498s
Mathlib.CategoryTheory.SmallObject.Construction,0m3.775s,0m3.551s
Mathlib.AlgebraicGeometry.ProjectiveSpectrum.Topology,0m3.015s,0m2.784s
Mathlib.RingTheory.TensorProduct.IsBaseChangeHom,0m3.642s,0m3.588s
Mathlib.Algebra.Category.ModuleCat.Injective,0m1.605s,0m1.587s
Mathlib.CategoryTheory.Action.Limits,0m2.776s,0m2.700s
Mathlib.Algebra.Category.ModuleCat.Projective,0m1.892s,0m1.869s
Mathlib.CategoryTheory.Preadditive.Yoneda.Projective,0m1.583s,0m1.566s
Mathlib.CategoryTheory.Preadditive.Yoneda.Injective,0m1.575s,0m1.578s
Mathlib.Algebra.Category.ModuleCat.Kernels,0m2.436s,0m2.352s
Mathlib.CategoryTheory.Adjunction.Additive,0m1.770s,0m1.901s
Mathlib.CategoryTheory.Linear.Yoneda,0m2.823s,0m2.555s
Mathlib.CategoryTheory.Shift.Linear,0m1.488s,0m1.400s
Mathlib.Algebra.Homology.ShortComplex.Exact,0m3.648s,0m3.613s
Mathlib.Topology.MetricSpace.Ultra.TotallySeparated,0m1.502s,0m1.499s
Mathlib.Algebra.Module.FinitePresentation,0m9.830s,0m9.687s
Mathlib.Algebra.Category.ModuleCat.FilteredColimits,0m2.396s,0m2.437s
Mathlib.CategoryTheory.Localization.SmallShiftedHom,0m2.512s,0m2.367s
Mathlib.Topology.UniformSpace.Real,0m1.485s,0m1.588s
Mathlib.Algebra.Category.BialgCat.Basic,0m2.941s,0m2.945s
Mathlib.CategoryTheory.Monoidal.Subcategory,0m2.292s,0m2.223s
Mathlib.CategoryTheory.Distributive.Cartesian,0m1.481s,0m1.511s
Mathlib.Algebra.Homology.ShortComplex.Linear,0m3.837s,0m3.706s
Mathlib.Topology.MetricSpace.Pseudo.Pi,0m1.804s,0m1.702s
Mathlib.Topology.EMetricSpace.Diam,0m1.739s,0m1.709s
Mathlib.CategoryTheory.Idempotents.Biproducts,0m1.674s,0m1.592s
Mathlib.Topology.UniformSpace.Completion,0m2.129s,0m2.196s
Mathlib.Algebra.Category.AlgCat.Limits,0m4.184s,0m3.566s
Mathlib.CategoryTheory.Triangulated.Rotate,0m2.963s,0m2.611s
Mathlib.CategoryTheory.Idempotents.KaroubiKaroubi,0m2.100s,0m2.039s
Mathlib.CategoryTheory.Idempotents.FunctorCategories,0m2.397s,0m2.313s
Mathlib.Analysis.Convex.Cone.Extension,0m2.238s,0m2.188s
Mathlib.Geometry.Convex.Cone.Pointed,0m2.548s,0m2.414s
Mathlib.CategoryTheory.Idempotents.FunctorExtension,0m3.803s,0m3.681s
Mathlib.Topology.UniformSpace.CompactConvergence,0m2.415s,0m2.327s
Mathlib.Topology.UniformSpace.Equicontinuity,0m2.212s,0m2.174s
Mathlib.Algebra.Category.ModuleCat.Monoidal.Basic,0m8.224s,0m4.701s
Mathlib.Analysis.Convex.StoneSeparation,0m2.758s,0m2.536s
Mathlib.Analysis.Convex.Independent,0m1.818s,0m1.796s
Mathlib.Analysis.Convex.Caratheodory,0m2.115s,0m1.992s
Mathlib.LinearAlgebra.Matrix.Vec,0m1.995s,0m1.901s
Mathlib.LinearAlgebra.Matrix.Basis,0m3.153s,0m2.600s
Mathlib.LinearAlgebra.Matrix.Transvection,0m3.033s,0m2.905s
Mathlib.Analysis.Convex.Jensen,0m3.535s,0m3.336s
Mathlib.LinearAlgebra.TensorProduct.Matrix,0m2.237s,0m2.196s
Mathlib.LinearAlgebra.Matrix.IsDiag,0m1.909s,0m1.750s
Mathlib.GroupTheory.Schreier,0m2.109s,0m2.067s
Mathlib.GroupTheory.Frattini,0m1.694s,0m1.696s
Mathlib.GroupTheory.SchurZassenhaus,0m2.138s,0m2.109s
Mathlib.Data.ZMod.QuotientRing,0m1.892s,0m1.874s
Mathlib.Analysis.Convex.Extrema,0m1.914s,0m1.875s
Mathlib.LinearAlgebra.Matrix.InvariantBasisNumber,0m1.878s,0m1.779s
Mathlib.Algebra.Module.Torsion.Basic,0m5.581s,0m5.375s
Mathlib.LinearAlgebra.Dimension.StrongRankCondition,0m2.913s,0m2.947s
Mathlib.Topology.Algebra.Ring.Basic,0m2.407s,0m2.403s
Mathlib.NumberTheory.FLT.Four,0m2.629s,0m2.500s
Mathlib.RingTheory.Valuation.Archimedean,0m2.643s,0m2.638s
Mathlib.Topology.Algebra.Group.Quotient,0m1.918s,0m1.893s
Mathlib.Analysis.Convex.Strict,0m2.951s,0m2.924s
Mathlib.Topology.Algebra.Group.Compact,0m1.597s,0m1.482s
Mathlib.Topology.Algebra.Order.UpperLower,0m1.704s,0m1.700s
Mathlib.Topology.Algebra.Group.OpenMapping,0m2.222s,0m2.224s
Mathlib.RingTheory.MatrixAlgebra,0m7.911s,0m7.609s
Mathlib.Topology.Algebra.IsUniformGroup.Order,0m1.621s,0m1.608s
Mathlib.RingTheory.LocalRing.ResidueField.Defs,0m1.558s,0m1.634s
Mathlib.Topology.Algebra.IsUniformGroup.Constructions,0m1.863s,0m1.840s
Mathlib.RingTheory.LocalRing.RingHom.Basic,0m1.812s,0m1.773s
Mathlib.RingTheory.LocalRing.NonLocalRing,0m1.704s,0m1.715s
Mathlib.Topology.Algebra.InfiniteSum.Group,0m3.186s,0m3.030s
Mathlib.RingTheory.DualNumber,0m2.909s,0m2.893s
Mathlib.RingTheory.SimpleRing.Matrix,0m1.596s,0m1.583s
Mathlib.Algebra.Category.ModuleCat.ChangeOfRings,0m17.155s,0m16.582s
Mathlib.RingTheory.Spectrum.Prime.Basic,0m2.496s,0m2.490s
Mathlib.RingTheory.Polynomial.Ideal,0m2.091s,0m2.029s
Mathlib.Dynamics.Newton,0m2.024s,0m1.998s
Mathlib.RingTheory.Polynomial.IrreducibleRing,0m1.803s,0m1.787s
Mathlib.RingTheory.Localization.AtPrime.Basic,0m3.452s,0m3.318s
Mathlib.NumberTheory.Dioph,0m3.844s,0m3.770s
Mathlib.CategoryTheory.Limits.Shapes.Preorder.WellOrderContinuous,0m1.685s,0m1.605s
Mathlib.CategoryTheory.Limits.FinallySmall,0m1.484s,0m1.475s
Mathlib.Algebra.Polynomial.Roots,0m3.403s,0m3.307s
Mathlib.Algebra.Polynomial.Taylor,0m2.303s,0m2.294s
Mathlib.CategoryTheory.Comma.Final,0m1.886s,0m1.900s
Mathlib.RingTheory.HopfAlgebra.MonoidAlgebra,0m2.729s,0m2.638s
Mathlib.Order.Interval.Set.Final,0m1.402s,0m1.279s
Mathlib.CategoryTheory.Enriched.Limits.HasConicalPullbacks,0m1.432s,0m1.293s
Mathlib.CategoryTheory.Limits.Constructions.Over.Connected,0m2.591s,0m2.325s
Mathlib.CategoryTheory.Enriched.Limits.HasConicalProducts,0m1.383s,0m1.262s
Mathlib.CategoryTheory.Closed.FunctorToTypes,0m1.288s,0m1.267s
Mathlib.CategoryTheory.Closed.Enrichment,0m1.503s,0m1.277s
Mathlib.AlgebraicTopology.SimplicialSet.NerveNondegenerate,0m2.113s,0m1.802s
Mathlib.CategoryTheory.Presentable.IsCardinalFiltered,0m2.461s,0m2.282s
Mathlib.AlgebraicTopology.SimplicialSet.NonDegenerateSimplicesSubcomplex,0m1.497s,0m1.493s
Mathlib.LinearAlgebra.Matrix.MvPolynomial,0m1.814s,0m1.677s
Mathlib.RingTheory.AdicCompletion.LocalRing,0m2.446s,0m2.332s
Mathlib.Algebra.MvPolynomial.Derivation,0m2.535s,0m2.489s
Mathlib.RingTheory.FreeCommRing,0m2.552s,0m2.419s
Mathlib.RingTheory.MvPolynomial.Symmetric.Defs,0m2.373s,0m2.286s
Mathlib.Algebra.MvPolynomial.Division,0m2.633s,0m2.584s
Mathlib.CategoryTheory.Closed.FunctorCategory.Complete,0m1.254s,0m1.277s
Mathlib.RingTheory.AlgebraicIndependent.Defs,0m2.010s,0m1.998s
Mathlib.Algebra.MvPolynomial.Expand,0m2.199s,0m2.208s
Mathlib.CategoryTheory.Monoidal.Closed.FunctorCategory.Basic,0m2.471s,0m2.324s
Mathlib.RingTheory.PowerSeries.CoeffMulMem,0m1.695s,0m1.677s
Mathlib.RingTheory.HahnSeries.PowerSeries,0m2.190s,0m2.205s
Mathlib.Algebra.Category.Ring.Adjunctions,0m4.781s,0m3.342s
Mathlib.RingTheory.PowerSeries.Trunc,0m2.493s,0m2.509s
Mathlib.RingTheory.Polynomial.Basic,0m3.851s,0m3.833s
Mathlib.RingTheory.HahnSeries.HEval,0m3.567s,0m3.533s
Mathlib.CategoryTheory.Generator.StrongGenerator,0m1.593s,0m1.588s
Mathlib.CategoryTheory.Adjunction.AdjointFunctorTheorems,0m1.468s,0m1.382s
Mathlib.RingTheory.PowerSeries.Order,0m2.376s,0m2.394s
Mathlib.RingTheory.PowerSeries.WellKnown,0m2.374s,0m2.403s
Mathlib.RingTheory.MvPolynomial.Localization,0m2.436s,0m2.423s
Mathlib.CategoryTheory.Generator.Preadditive,0m1.469s,0m1.494s
Mathlib.RingTheory.DividedPowers.Basic,0m2.833s,0m2.816s
Mathlib.CategoryTheory.Abelian.Subobject,0m1.687s,0m1.593s
Mathlib.CategoryTheory.Generator.Presheaf,0m1.893s,0m1.922s
Mathlib.CategoryTheory.MorphismProperty.WeakFactorizationSystem,0m1.395s,0m1.399s
Mathlib.Algebra.Homology.ImageToKernel,0m1.821s,0m1.896s
Mathlib.Topology.Sheaves.Sheaf,0m1.713s,0m1.695s
Mathlib.CategoryTheory.Sites.CoversTop,0m1.460s,0m1.497s
Mathlib.RingTheory.HopfAlgebra.TensorProduct,0m2.929s,0m2.750s
Mathlib.CategoryTheory.Sites.Sheafification,0m2.097s,0m1.982s
Mathlib.CategoryTheory.Sites.Coverage,0m2.523s,0m2.407s
Mathlib.CategoryTheory.Galois.Prorepresentability,0m3.133s,0m3.031s
Mathlib.CategoryTheory.Sites.Whiskering,0m2.200s,0m2.197s
Mathlib.Algebra.Category.Grp.Injective,0m1.794s,0m1.688s
Mathlib.Algebra.Homology.HomologicalComplex,0m4.432s,0m4.374s
Mathlib.CategoryTheory.Shift.ShiftedHomOpposite,0m2.191s,0m2.076s
Mathlib.CategoryTheory.Galois.Examples,0m2.056s,0m1.983s
Mathlib.Algebra.Category.ModuleCat.Abelian,0m2.365s,0m2.318s
Mathlib.Algebra.Category.ModuleCat.Subobject,0m2.449s,0m2.324s
Mathlib.CategoryTheory.Sites.Plus,0m4.623s,0m3.837s
Mathlib.LinearAlgebra.Dual.BaseChange,0m4.384s,0m4.227s
Mathlib.CategoryTheory.Abelian.Refinements,0m1.481s,0m1.500s
Mathlib.Algebra.Homology.ShortComplex.ShortExact,0m1.713s,0m1.688s
Mathlib.CategoryTheory.Triangulated.Opposite.Triangle,0m5.183s,0m4.979s
Mathlib.Algebra.Module.Presentation.Finite,0m1.813s,0m1.807s
Mathlib.Topology.MetricSpace.ProperSpace,0m1.606s,0m1.596s
Mathlib.CategoryTheory.Action.Monoidal,0m3.945s,0m4.070s
Mathlib.Topology.MetricSpace.Pseudo.Real,0m1.581s,0m1.577s
Mathlib.Topology.MetricSpace.Ultra.Pi,0m1.497s,0m1.497s
Mathlib.Algebra.Category.HopfAlgCat.Basic,0m2.424s,0m2.415s
Mathlib.Algebra.Homology.ExactSequence,0m2.595s,0m2.601s
Mathlib.Topology.MetricSpace.Basic,0m2.030s,0m2.008s
Mathlib.Analysis.Oscillation,0m1.909s,0m1.877s
Mathlib.Topology.UniformSpace.Ultra.Completion,0m1.394s,0m1.392s
Mathlib.CategoryTheory.Idempotents.SimplicialObject,0m1.499s,0m1.488s
Mathlib.Topology.Category.UniformSpace,0m1.883s,0m1.879s
Mathlib.Topology.Algebra.UniformMulAction,0m2.133s,0m2.096s
Mathlib.Topology.EMetricSpace.Lipschitz,0m2.507s,0m2.489s
Mathlib.Analysis.Convex.Cone.Closure,0m1.690s,0m1.679s
Mathlib.Topology.UniformSpace.HeineCantor,0m1.484s,0m1.489s
Mathlib.Topology.MetricSpace.Equicontinuity,0m1.567s,0m1.589s
Mathlib.Topology.UniformSpace.Ascoli,0m1.692s,0m1.670s
Mathlib.Geometry.Convex.Cone.Dual,0m3.078s,0m2.917s
Mathlib.Algebra.Category.CoalgCat.Monoidal,0m2.342s,0m2.238s
Mathlib.Algebra.Category.ModuleCat.Monoidal.Symmetric,0m2.315s,0m2.200s
Mathlib.Algebra.Category.AlgCat.Monoidal,0m3.228s,0m2.722s
Mathlib.CategoryTheory.Preadditive.HomOrthogonal,0m2.320s,0m2.272s
Mathlib.CategoryTheory.Triangulated.TriangleShift,0m5.734s,0m5.716s
Mathlib.Algebra.CharP.LinearMaps,0m2.738s,0m2.551s
Mathlib.Algebra.Category.ModuleCat.Adjunctions,0m4.309s,0m3.549s
Mathlib.GroupTheory.FreeGroup.GeneratorEquiv,0m2.109s,0m1.799s
Mathlib.Algebra.Module.SpanRank,0m2.454s,0m2.221s
Mathlib.CategoryTheory.Monoidal.Internal.Module,0m5.676s,0m4.003s
Mathlib.Algebra.QuadraticAlgebra.Defs,0m3.870s,0m3.676s
Mathlib.LinearAlgebra.Dimension.Free,0m2.660s,0m2.638s
Mathlib.Topology.Algebra.RestrictedProduct.TopologicalSpace,0m2.718s,0m2.725s
Mathlib.Topology.Algebra.Field,0m2.428s,0m2.397s
Mathlib.Topology.Category.TopCommRingCat,0m1.913s,0m1.867s
Mathlib.Topology.Algebra.MvPolynomial,0m1.900s,0m1.871s
Mathlib.LinearAlgebra.FreeModule.PID,0m4.886s,0m4.572s
Mathlib.RingTheory.AdicCompletion.Algebra,0m9.162s,0m7.564s
Mathlib.Topology.Algebra.Localization,0m1.615s,0m1.497s
Mathlib.Topology.Algebra.Module.Compact,0m1.732s,0m1.586s
Mathlib.LinearAlgebra.Reflection,0m7.465s,0m7.219s
Mathlib.Topology.Algebra.Ring.Ideal,0m1.730s,0m1.593s
Mathlib.Topology.Algebra.Group.ClosedSubgroup,0m1.811s,0m1.674s
Mathlib.Algebra.CharP.LocalRing,0m1.693s,0m1.686s
Mathlib.Topology.UniformSpace.Matrix,0m1.581s,0m1.613s
Mathlib.Topology.Algebra.ProperAction.Basic,0m2.298s,0m2.374s
Mathlib.Topology.Algebra.Module.Basic,0m2.412s,0m2.291s
Mathlib.RingTheory.MatrixPolynomialAlgebra,0m2.309s,0m2.296s
Mathlib.Topology.Algebra.OpenSubgroup,0m3.119s,0m3.233s
Mathlib.Algebra.Category.Ring.Instances,0m1.992s,0m2.030s
Mathlib.RingTheory.LocalRing.ResidueField.Basic,0m2.656s,0m2.522s
Mathlib.RingTheory.DiscreteValuationRing.Basic,0m2.599s,0m2.575s
Mathlib.RingTheory.Morita.Basic,0m1.804s,0m1.720s
Mathlib.RingTheory.KrullDimension.Basic,0m1.815s,0m1.798s
Mathlib.Topology.Algebra.InfiniteSum.NatInt,0m3.403s,0m3.434s
Mathlib.Algebra.Category.ModuleCat.Pseudofunctor,0m2.915s,0m2.766s
Mathlib.RingTheory.Ideal.MinimalPrime.Localization,0m2.091s,0m2.107s
Mathlib.RingTheory.Localization.AtPrime,0m1.499s,0m1.576s
Mathlib.RingTheory.LocalProperties.Submodule,0m2.626s,0m2.734s
Mathlib.RingTheory.Artinian.Module,0m4.084s,0m3.950s
Mathlib.RingTheory.LocalRing.LocalSubring,0m3.546s,0m3.513s
Mathlib.CategoryTheory.Filtered.FinallySmall,0m1.705s,0m1.618s
Mathlib.CategoryTheory.Limits.Indization.IndObject,0m1.797s,0m1.787s
Mathlib.Algebra.Quaternion,0m13.652s,0m13.632s
Mathlib.CategoryTheory.Limits.Preserves.Shapes.Preorder,0m1.491s,0m1.484s
Mathlib.RingTheory.SurjectiveOnStalks,0m2.768s,0m2.642s
Mathlib.RingTheory.Localization.LocalizationLocalization,0m2.828s,0m2.806s
Mathlib.Algebra.MvPolynomial.Funext,0m1.774s,0m1.781s
Mathlib.Topology.Algebra.InfiniteSum.Constructions,0m9.275s,0m9.388s
Mathlib.Algebra.Category.ModuleCat.Presheaf,0m7.319s,0m6.840s
Mathlib.RingTheory.Algebraic.Cardinality,0m1.688s,0m1.696s
Mathlib.RingTheory.Polynomial.Dickson,0m2.325s,0m2.325s
Mathlib.RingTheory.MvPolynomial.Homogeneous,0m3.373s,0m3.237s
Mathlib.CategoryTheory.Enriched.Limits.HasConicalTerminal,0m1.376s,0m1.265s
Mathlib.CategoryTheory.Limits.Constructions.Over.Basic,0m1.393s,0m1.383s
Mathlib.RingTheory.IntegralDomain,0m2.541s,0m2.488s
Mathlib.Algebra.MvPolynomial.SchwartzZippel,0m4.369s,0m4.326s
Mathlib.CategoryTheory.Presentable.Basic,0m1.867s,0m1.765s
Mathlib.Algebra.Polynomial.FieldDivision,0m3.607s,0m3.593s
Mathlib.AlgebraicTopology.SimplicialSet.AnodyneExtensions.Pairing,0m1.607s,0m1.617s
Mathlib.CategoryTheory.Presentable.Directed,0m2.242s,0m2.135s
Mathlib.SetTheory.Cardinal.Free,0m1.794s,0m1.787s
Mathlib.ModelTheory.Algebra.Ring.FreeCommRing,0m1.778s,0m1.782s
Mathlib.Algebra.MvPolynomial.PDeriv,0m2.193s,0m2.177s
Mathlib.AlgebraicTopology.SimplicialSet.StdSimplex,0m3.486s,0m3.232s
Mathlib.RingTheory.MvPolynomial.FreeCommRing,0m2.007s,0m1.866s
Mathlib.LinearAlgebra.Matrix.Adjugate,0m3.216s,0m3.105s
Mathlib.Algebra.Colimit.Ring,0m3.657s,0m3.561s
Mathlib.CategoryTheory.Closed.FunctorCategory.Basic,0m1.260s,0m1.273s
Mathlib.RingTheory.MvPolynomial.Symmetric.FundamentalTheorem,0m2.727s,0m2.630s
Mathlib.RingTheory.AlgebraicIndependent.Basic,0m2.809s,0m2.843s
Mathlib.RingTheory.WittVector.WittPolynomial,0m2.313s,0m2.195s
Mathlib.RingTheory.Adjoin.FG,0m2.050s,0m1.999s
Mathlib.Algebra.Polynomial.Expand,0m2.206s,0m2.167s
Mathlib.Tactic.ReduceModChar,0m2.431s,0m2.391s
Mathlib.Data.Nat.Choose.Lucas,0m1.972s,0m1.999s
Mathlib.CategoryTheory.Functor.KanExtension.Dense,0m1.991s,0m2.005s
Mathlib.RingTheory.PowerSeries.GaussNorm,0m1.685s,0m1.665s
Mathlib.RingTheory.MvPolynomial.Symmetric.NewtonIdentities,0m6.138s,0m5.971s
Mathlib.Algebra.Polynomial.RuleOfSigns,0m12.679s,0m11.962s
Mathlib.RingTheory.Polynomial.Quotient,0m4.408s,0m4.308s
Mathlib.RingTheory.PowerSeries.Binomial,0m2.021s,0m1.898s
Mathlib.RingTheory.Polynomial.HilbertPoly,0m2.309s,0m2.196s
Mathlib.RingTheory.DividedPowers.RatAlgebra,0m2.189s,0m2.212s
Mathlib.RingTheory.PowerSeries.NoZeroDivisors,0m3.190s,0m3.075s
Mathlib.Topology.Sheaves.Forget,0m1.491s,0m1.507s
Mathlib.CategoryTheory.Generator.Abelian,0m1.599s,0m1.593s
Mathlib.RingTheory.DividedPowers.DPMorphism,0m2.221s,0m2.208s
Mathlib.CategoryTheory.Sites.Localization,0m1.503s,0m1.396s
Mathlib.AlgebraicTopology.ModelCategory.Instances,0m1.891s,0m1.922s
Mathlib.CategoryTheory.Sites.MorphismProperty,0m1.507s,0m1.501s
Mathlib.CategoryTheory.Sites.Coherent.Basic,0m1.605s,0m1.585s
Mathlib.CategoryTheory.Abelian.Exact,0m2.466s,0m2.461s
Mathlib.CategoryTheory.Sites.Limits,0m2.482s,0m2.329s
Mathlib.Algebra.Homology.Embedding.Boundary,0m1.467s,0m1.520s
Mathlib.CategoryTheory.Sites.Canonical,0m1.819s,0m1.794s
Mathlib.CategoryTheory.Galois.Topology,0m2.089s,0m2.095s
Mathlib.Algebra.Homology.Functor,0m1.610s,0m1.574s
Mathlib.CategoryTheory.Galois.Action,0m1.930s,0m1.888s
Mathlib.Algebra.Homology.HomologicalBicomplex,0m2.936s,0m2.795s
Mathlib.CategoryTheory.Preadditive.Yoneda.Limits,0m1.703s,0m1.698s
Mathlib.AlgebraicTopology.MooreComplex,0m2.784s,0m2.950s
Mathlib.Algebra.Homology.DifferentialObject,0m3.276s,0m3.181s
Mathlib.Algebra.Homology.Single,0m2.516s,0m2.494s
Mathlib.Algebra.Category.Grp.Abelian,0m2.020s,0m2.036s
Mathlib.Algebra.Category.Grp.Subobject,0m1.587s,0m1.561s
Mathlib.CategoryTheory.Abelian.CommSq,0m1.618s,0m1.610s
Mathlib.Algebra.Category.ModuleCat.Images,0m2.195s,0m2.076s
Mathlib.CategoryTheory.ObjectProperty.EpiMono,0m1.446s,0m1.478s
Mathlib.CategoryTheory.Abelian.EpiWithInjectiveKernel,0m1.696s,0m1.780s
Mathlib.CategoryTheory.ObjectProperty.Extensions,0m1.488s,0m1.489s
Mathlib.Topology.MetricSpace.ProperSpace.Lemmas,0m1.600s,0m1.571s
Mathlib.CategoryTheory.Sites.ConcreteSheafification,0m3.248s,0m3.114s
Mathlib.CategoryTheory.Sites.Hypercover.One,0m7.041s,0m6.762s
Mathlib.CategoryTheory.Sites.CompatiblePlus,0m4.493s,0m3.761s
Mathlib.Topology.MetricSpace.TransferInstance,0m1.655s,0m1.510s
Mathlib.Topology.MetricSpace.Bounded,0m2.618s,0m2.720s
Mathlib.Topology.Metrizable.Basic,0m1.705s,0m1.606s
Mathlib.Topology.MetricSpace.Infsep,0m2.206s,0m1.996s
Mathlib.CategoryTheory.Abelian.DiagramLemmas.Four,0m3.552s,0m3.247s
Mathlib.Topology.Algebra.GroupCompletion,0m2.534s,0m2.533s
Mathlib.Algebra.Category.ModuleCat.Monoidal.Closed,0m2.305s,0m2.084s
Mathlib.Topology.Algebra.UniformConvergence,0m3.343s,0m3.147s
Mathlib.Algebra.Category.AlgebraCat.Symmetric,0m1.501s,0m1.598s
Mathlib.Algebra.Homology.ShortComplex.SnakeLemma,0m5.545s,0m5.302s
Mathlib.Algebra.Category.AlgCat.Symmetric,0m1.926s,0m1.715s
Mathlib.Topology.Algebra.IsUniformGroup.Basic,0m4.178s,0m3.919s
Mathlib.Algebra.QuadraticAlgebra,0m1.610s,0m1.591s
Mathlib.LinearAlgebra.FiniteDimensional.Defs,0m2.668s,0m2.185s
Mathlib.LinearAlgebra.FreeModule.ModN,0m3.455s,0m3.096s
Mathlib.CategoryTheory.Triangulated.Pretriangulated,0m3.644s,0m3.537s
Mathlib.Analysis.Normed.Group.Basic,0m8.651s,0m7.538s
Mathlib.Algebra.QuadraticAlgebra.Basic,0m3.442s,0m3.374s
Mathlib.Algebra.Category.CoalgCat.ComonEquivalence,0m6.614s,0m4.241s
Mathlib.Topology.Algebra.RestrictedProduct,0m1.580s,0m1.475s
Mathlib.Topology.Algebra.IntermediateField,0m1.917s,0m1.911s
Mathlib.Algebra.AffineMonoid.Embedding,0m1.819s,0m1.784s
Mathlib.Topology.Algebra.ClosedSubgroup,0m1.514s,0m1.461s
Mathlib.Topology.Algebra.Order.Field,0m2.817s,0m2.707s
Mathlib.LinearAlgebra.Dimension.Constructions,0m3.010s,0m3.004s
Mathlib.Algebra.Category.BialgCat.Monoidal,0m8.831s,0m5.030s
Mathlib.RingTheory.AdicCompletion.RingHom,0m2.421s,0m2.308s
Mathlib.LinearAlgebra.FreeModule.Int,0m3.552s,0m3.264s
Mathlib.Topology.Algebra.ProperAction.AddTorsor,0m1.633s,0m1.489s
Mathlib.Algebra.CharP.MixedCharZero,0m2.028s,0m1.909s
Mathlib.Topology.Algebra.Module.Simple,0m1.787s,0m1.693s
Mathlib.Topology.Algebra.ClopenNhdofOne,0m1.609s,0m1.571s
Mathlib.Topology.Algebra.Nonarchimedean.Basic,0m1.895s,0m1.879s
Mathlib.Topology.Algebra.NonUnitalAlgebra,0m2.730s,0m2.777s
Mathlib.Topology.Algebra.LinearTopology,0m2.507s,0m2.514s
Mathlib.Topology.Algebra.FilterBasis,0m3.122s,0m3.147s
Mathlib.RingTheory.AdicCompletion.Functoriality,0m5.935s,0m5.853s
Mathlib.RingTheory.Henselian,0m2.533s,0m2.518s
Mathlib.RingTheory.KrullDimension.Field,0m1.726s,0m1.692s
Mathlib.RingTheory.Ideal.NatInt,0m1.997s,0m1.968s
Mathlib.RingTheory.Artinian.Ring,0m1.819s,0m1.787s
Mathlib.RingTheory.FiniteLength,0m2.204s,0m2.105s
Mathlib.Algebra.Category.Ring.Constructions,0m5.202s,0m5.008s
Mathlib.CategoryTheory.Limits.Indization.ParallelPair,0m2.221s,0m2.126s
Mathlib.CategoryTheory.Limits.Indization.FilteredColimits,0m2.140s,0m2.007s
Mathlib.CategoryTheory.Limits.Indization.LocallySmall,0m1.804s,0m1.807s
Mathlib.Algebra.Lie.Subalgebra,0m4.591s,0m4.370s
Mathlib.RingTheory.LocalProperties.Exactness,0m5.288s,0m5.115s
Mathlib.CategoryTheory.Limits.Shapes.Preorder.TransfiniteCompositionOfShape,0m2.265s,0m2.184s
Mathlib.RingTheory.LocalRing.ResidueField.Ideal,0m9.414s,0m8.494s
Mathlib.Algebra.QuaternionBasis,0m3.879s,0m3.473s
Mathlib.RingTheory.Localization.AsSubring,0m2.914s,0m2.325s
Mathlib.Topology.Algebra.InfiniteSum.Ring,0m2.030s,0m1.984s
Mathlib.Topology.Algebra.Module.LinearMap,0m10.893s,0m10.002s
Mathlib.Algebra.Category.ModuleCat.Presheaf.ChangeOfRings,0m3.248s,0m2.458s
Mathlib.Algebra.DualQuaternion,0m5.825s,0m5.602s
Mathlib.Algebra.Category.ModuleCat.Presheaf.Limits,0m3.292s,0m2.894s
Mathlib.Algebra.Category.ModuleCat.Presheaf.Free,0m3.441s,0m2.415s
Mathlib.Algebra.Category.ModuleCat.Presheaf.Colimits,0m3.942s,0m3.301s
Mathlib.NumberTheory.LucasPrimality,0m2.051s,0m1.676s
Mathlib.CategoryTheory.Limits.MorphismProperty,0m2.457s,0m2.317s
Mathlib.Algebra.MvPolynomial.Nilpotent,0m2.593s,0m2.631s
Mathlib.Algebra.Polynomial.Homogenize,0m3.816s,0m3.548s
Mathlib.Algebra.Polynomial.SpecificDegree,0m1.726s,0m1.697s
Mathlib.RingTheory.MvPolynomial.MonomialOrder,0m4.259s,0m4.236s
Mathlib.RingTheory.RootsOfUnity.Basic,0m2.620s,0m2.599s
Mathlib.RingTheory.Polynomial.Content,0m2.612s,0m2.500s
Mathlib.RingTheory.Artinian.Instances,0m2.016s,0m1.939s
Mathlib.Algebra.Category.ModuleCat.Presheaf.Monoidal,0m6.832s,0m6.626s
Mathlib.CategoryTheory.Presentable.Finite,0m1.585s,0m1.599s
Mathlib.RingTheory.Polynomial.Radical,0m2.018s,0m2.022s
Mathlib.CategoryTheory.Presentable.Type,0m1.712s,0m1.695s
Mathlib.CategoryTheory.Presentable.Retracts,0m1.488s,0m1.464s
Mathlib.CategoryTheory.Presentable.Limits,0m1.788s,0m1.805s
Mathlib.Algebra.FreeAlgebra.Cardinality,0m1.797s,0m1.784s
Mathlib.Algebra.Polynomial.Factors,0m4.159s,0m4.070s
Mathlib.Algebra.Polynomial.Degree.CardPowDegree,0m4.637s,0m4.470s
Mathlib.AlgebraicTopology.SimplicialSet.AnodyneExtensions.PairingCore,0m1.915s,0m1.923s
Mathlib.ModelTheory.Algebra.Field.CharP,0m1.807s,0m1.802s
Mathlib.AlgebraicTopology.SimplicialSet.Boundary,0m1.599s,0m1.598s
Mathlib.RingTheory.MvPolynomial.EulerIdentity,0m1.984s,0m1.996s
Mathlib.AlgebraicTopology.SimplicialSet.Monoidal,0m1.807s,0m1.796s
Mathlib.LinearAlgebra.Matrix.Nondegenerate,0m1.789s,0m1.783s
Mathlib.RingTheory.Polynomial.Bernstein,0m2.701s,0m2.610s
Mathlib.RingTheory.Adjoin.FGBaseChange,0m1.706s,0m1.700s
Mathlib.AlgebraicTopology.SimplicialSet.Horn,0m2.498s,0m2.514s
Mathlib.RingTheory.Adjoin.Tower,0m2.175s,0m2.211s
Mathlib.RingTheory.IntegralClosure.IsIntegral.Basic,0m2.290s,0m2.310s
Mathlib.RingTheory.Polynomial.GaussNorm,0m1.774s,0m1.798s
Mathlib.RingTheory.Jacobson.Polynomial,0m1.909s,0m1.931s
Mathlib.RingTheory.HahnSeries.Binomial,0m2.507s,0m2.408s
Mathlib.AlgebraicTopology.ModelCategory.IsCofibrant,0m1.488s,0m1.493s
Mathlib.RingTheory.TensorProduct.DirectLimitFG,0m3.845s,0m3.717s
Mathlib.AlgebraicTopology.ModelCategory.Basic,0m2.200s,0m2.146s
Mathlib.RingTheory.PowerSeries.Inverse,0m2.622s,0m2.594s
Mathlib.RingTheory.Algebraic.Basic,0m4.041s,0m3.928s
Mathlib.CategoryTheory.Sites.Coherent.ExtensiveTopology,0m1.566s,0m1.609s
Mathlib.CategoryTheory.Sites.Coherent.Comparison,0m2.026s,0m2.011s
Mathlib.CategoryTheory.Generator.Sheaf,0m1.478s,0m1.469s
Mathlib.CategoryTheory.Sites.Abelian,0m1.371s,0m1.388s
Mathlib.RingTheory.DividedPowers.SubDPIdeal,0m3.207s,0m3.127s
Mathlib.Algebra.Homology.ShortComplex.ExactFunctor,0m1.998s,0m1.998s
Mathlib.Topology.Sheaves.Limits,0m1.705s,0m1.783s
Mathlib.CategoryTheory.Sites.ChosenFiniteProducts,0m1.371s,0m1.390s
Mathlib.CategoryTheory.Abelian.Pseudoelements,0m2.288s,0m2.279s
Mathlib.CategoryTheory.Sites.CartesianMonoidal,0m1.914s,0m1.878s
Mathlib.CategoryTheory.Sites.Coherent.ExtensiveSheaves,0m1.813s,0m1.902s
Mathlib.CategoryTheory.Sites.Types,0m1.694s,0m1.708s
Mathlib.CategoryTheory.Sites.Coherent.CoherentSheaves,0m1.566s,0m1.594s
Mathlib.CategoryTheory.Sites.Subcanonical,0m1.990s,0m1.886s
Mathlib.CategoryTheory.Sites.Coherent.RegularSheaves,0m2.837s,0m2.831s
Mathlib.CategoryTheory.Galois.Full,0m1.983s,0m1.909s
Mathlib.CategoryTheory.Galois.IsFundamentalgroup,0m2.530s,0m2.527s
Mathlib.Algebra.Homology.Double,0m2.214s,0m2.216s
Mathlib.Algebra.Category.Grp.Images,0m1.953s,0m1.782s
Mathlib.Algebra.Homology.ShortComplex.Ab,0m2.018s,0m2.066s
Mathlib.CategoryTheory.Subobject.ArtinianObject,0m1.692s,0m1.582s
Mathlib.Algebra.Homology.HomologicalComplexLimits,0m2.665s,0m2.537s
Mathlib.Algebra.Homology.Augment,0m3.120s,0m3.148s
Mathlib.CategoryTheory.Subobject.NoetherianObject,0m1.496s,0m1.555s
Mathlib.Algebra.Homology.TotalComplex,0m4.070s,0m4.188s
Mathlib.Algebra.Homology.Factorizations.Basic,0m1.356s,0m1.481s
Mathlib.CategoryTheory.Abelian.SerreClass.Basic,0m1.467s,0m1.498s
Mathlib.Topology.MetricSpace.ShrinkingLemma,0m1.653s,0m1.580s
Mathlib.Algebra.Homology.Additive,0m4.476s,0m4.062s
Mathlib.CategoryTheory.Sites.Hypercover.IsSheaf,0m1.832s,0m1.598s
Mathlib.CategoryTheory.Sites.Subsheaf,0m2.084s,0m1.876s
Mathlib.Topology.MetricSpace.Antilipschitz,0m1.930s,0m1.804s
Mathlib.CategoryTheory.Sites.CompatibleSheafification,0m2.238s,0m2.186s
Mathlib.Topology.MetricSpace.Lipschitz,0m2.201s,0m2.092s
Mathlib.CategoryTheory.Sites.Hypercover.Homotopy,0m3.068s,0m2.883s
Mathlib.Topology.MetricSpace.Sequences,0m1.617s,0m1.586s
Mathlib.Analysis.BoxIntegral.Box.Basic,0m2.608s,0m2.415s
Mathlib.Topology.Instances.Int,0m1.824s,0m1.700s
Mathlib.Topology.Bornology.Real,0m1.628s,0m1.579s
Mathlib.CategoryTheory.Sites.LeftExact,0m3.669s,0m3.544s
Mathlib.Topology.Metrizable.Real,0m1.499s,0m1.489s
Mathlib.Topology.Compactness.PseudometrizableLindelof,0m1.602s,0m1.509s
Mathlib.Topology.Algebra.InfiniteSum.GroupCompletion,0m1.607s,0m1.575s
Mathlib.Topology.Metrizable.Uniformity,0m2.446s,0m2.320s
Mathlib.Topology.Algebra.Equicontinuity,0m1.728s,0m1.711s
Mathlib.Topology.Algebra.IsUniformGroup.DiscreteSubgroup,0m2.054s,0m1.997s
Mathlib.Algebra.BrauerGroup.Defs,0m2.095s,0m1.899s
Mathlib.Topology.Algebra.Order.ArchimedeanDiscrete,0m2.006s,0m1.883s
Mathlib.Topology.Algebra.InfiniteSum.UniformOn,0m2.594s,0m2.500s
Mathlib.LinearAlgebra.Basis.MulOpposite,0m1.833s,0m1.806s
Mathlib.Topology.Algebra.UniformRing,0m2.943s,0m2.608s
Mathlib.Analysis.Normed.Group.Indicator,0m1.725s,0m1.611s
Mathlib.Analysis.Normed.Group.Submodule,0m1.705s,0m1.586s
Mathlib.Analysis.Normed.Order.Hom.Basic,0m1.823s,0m1.675s
Mathlib.CategoryTheory.Abelian.DiagramLemmas.KernelCokernelComp,0m4.189s,0m3.698s
Mathlib.CategoryTheory.Triangulated.TStructure.Basic,0m2.521s,0m2.184s
Mathlib.Analysis.Normed.Group.Subgroup,0m1.798s,0m1.675s
Mathlib.Analysis.Normed.Order.Basic,0m1.645s,0m1.492s
Mathlib.Algebra.AffineMonoid.UniqueSums,0m1.841s,0m1.599s
Mathlib.Analysis.Normed.Group.CocompactMap,0m2.179s,0m1.563s
Mathlib.CategoryTheory.Triangulated.Triangulated,0m3.524s,0m3.152s
Mathlib.InformationTheory.Hamming,0m2.322s,0m2.086s
Mathlib.Analysis.Normed.Group.Constructions,0m2.737s,0m2.503s
Mathlib.Analysis.Normed.Module.MStructure,0m3.269s,0m2.809s
Mathlib.LinearAlgebra.Dimension.Torsion.Basic,0m2.023s,0m1.917s
Mathlib.LinearAlgebra.Dimension.ErdosKaplansky,0m2.665s,0m2.385s
Mathlib.RingTheory.Adjoin.Dimension,0m2.411s,0m2.119s
Mathlib.Topology.Algebra.InfiniteSum.Order,0m3.124s,0m2.950s
Mathlib.Algebra.LinearRecurrence,0m2.536s,0m2.276s
Mathlib.LinearAlgebra.Dimension.FreeAndStrongRankCondition,0m2.926s,0m2.706s
Mathlib.Topology.Algebra.Nonarchimedean.TotallyDisconnected,0m1.845s,0m1.684s
Mathlib.Topology.Algebra.TopologicallyNilpotent,0m1.843s,0m1.670s
Mathlib.LinearAlgebra.Dimension.Finite,0m3.869s,0m3.504s
Mathlib.Topology.Instances.AddCircle.Defs,0m5.446s,0m4.754s
Mathlib.Topology.Algebra.UniformFilterBasis,0m1.929s,0m1.714s
Mathlib.Algebra.Category.HopfAlgCat.Monoidal,0m3.482s,0m2.815s
Mathlib.Topology.Algebra.NonUnitalStarAlgebra,0m3.607s,0m3.319s
Mathlib.Topology.Algebra.Nonarchimedean.Bases,0m2.362s,0m2.342s
Mathlib.NumberTheory.FrobeniusNumber,0m2.473s,0m2.184s
Mathlib.CategoryTheory.Limits.Indization.Products,0m1.534s,0m1.409s
Mathlib.CategoryTheory.Limits.Indization.Equalizers,0m1.610s,0m1.517s
Mathlib.Algebra.Category.Ring.Topology,0m3.086s,0m2.871s
Mathlib.RingTheory.RingHomProperties,0m2.890s,0m2.641s
Mathlib.Algebra.Category.Ring.Under.Basic,0m3.646s,0m3.250s
Mathlib.RingTheory.Spectrum.Prime.RingHom,0m3.483s,0m3.240s
Mathlib.Analysis.Convex.Exposed,0m2.231s,0m1.995s
Mathlib.CategoryTheory.MorphismProperty.TransfiniteComposition,0m3.373s,0m3.159s
Mathlib.RingTheory.SimpleModule.WedderburnArtin,0m5.125s,0m4.604s
Mathlib.Analysis.Distribution.DerivNotation,0m2.155s,0m2.001s
Mathlib.Topology.Algebra.Module.PerfectPairing,0m2.709s,0m2.396s
Mathlib.Topology.Algebra.Algebra,0m4.479s,0m3.700s
Mathlib.Topology.Algebra.Module.ClosedSubmodule,0m3.145s,0m2.911s
Mathlib.Topology.Algebra.Module.WeakBilin,0m2.459s,0m2.124s
Mathlib.Algebra.Category.ModuleCat.Presheaf.EpiMono,0m1.817s,0m1.709s
Mathlib.Topology.Algebra.SeparationQuotient.Basic,0m3.391s,0m3.090s
Mathlib.Algebra.Lie.Submodule,0m8.055s,0m7.104s
Mathlib.Topology.Algebra.Module.LinearMapPiProd,0m3.901s,0m3.460s
Mathlib.Topology.ContinuousMap.Algebra,0m6.903s,0m6.091s
Mathlib.RingTheory.MvPolynomial.Ideal,0m2.045s,0m1.878s
Mathlib.Algebra.Category.ModuleCat.Presheaf.Abelian,0m2.489s,0m2.365s
Mathlib.RingTheory.Valuation.ValuationSubring,0m7.641s,0m6.607s
Mathlib.RingTheory.MvPolynomial.MonomialOrder.DegLex,0m2.139s,0m1.915s
Mathlib.RingTheory.MvPolynomial.Groebner,0m3.379s,0m2.994s
Mathlib.RingTheory.Polynomial.UniqueFactorization,0m2.437s,0m2.222s
Mathlib.RingTheory.Polynomial.ContentIdeal,0m2.807s,0m2.405s
Mathlib.Algebra.Category.ModuleCat.Presheaf.Pushforward,0m6.035s,0m4.470s
Mathlib.RingTheory.Polynomial.Eisenstein.Generalized,0m1.762s,0m1.585s
Mathlib.RingTheory.EisensteinCriterion,0m1.718s,0m1.601s
Mathlib.RingTheory.Polynomial.Eisenstein.Criterion,0m2.453s,0m2.205s
Mathlib.CategoryTheory.Presentable.CardinalFilteredPresentation,0m1.856s,0m1.671s
Mathlib.NumberTheory.FLT.MasonStothers,0m2.028s,0m1.936s
Mathlib.RingTheory.RootsOfUnity.PrimitiveRoots,0m3.971s,0m3.721s
Mathlib.LinearAlgebra.Matrix.SpecialLinearGroup,0m5.018s,0m4.675s
Mathlib.AlgebraicTopology.SimplicialCategory.Basic,0m1.713s,0m1.626s
Mathlib.RingTheory.Polynomial.ScaleRoots,0m2.631s,0m2.860s
Mathlib.Algebra.Polynomial.Splits,0m2.854s,0m2.957s
Mathlib.AlgebraicTopology.SimplicialSet.CategoryWithFibrations,0m1.613s,0m1.498s
Mathlib.AlgebraicTopology.SimplicialSet.AnodyneExtensions.Rank,0m2.056s,0m1.817s
Mathlib.CategoryTheory.Presentable.ColimitPresentation,0m3.659s,0m2.985s
Mathlib.AlgebraicTopology.SimplicialSet.HornColimits,0m1.922s,0m1.822s
Mathlib.Analysis.Complex.IsIntegral,0m1.721s,0m1.814s
Mathlib.AlgebraicTopology.ModelCategory.Over,0m1.748s,0m1.609s
Mathlib.RingTheory.Artinian.Algebra,0m2.236s,0m2.051s
Mathlib.AlgebraicTopology.ModelCategory.Opposite,0m1.500s,0m1.506s
Mathlib.FieldTheory.Minpoly.Basic,0m2.434s,0m2.241s
Mathlib.AlgebraicTopology.SimplicialSet.Path,0m3.274s,0m2.846s
Mathlib.AlgebraicTopology.ModelCategory.BrownLemma,0m1.949s,0m1.813s
Mathlib.AlgebraicTopology.ModelCategory.PathObject,0m2.546s,0m2.413s
Mathlib.AlgebraicTopology.ModelCategory.Cylinder,0m2.575s,0m2.428s
Mathlib.RingTheory.PowerSeries.Derivative,0m2.471s,0m2.345s
Mathlib.Algebra.AlgebraicCard,0m1.976s,0m1.914s
Mathlib.RingTheory.PowerSeries.Ideal,0m2.861s,0m2.922s
Mathlib.Topology.Category.CompHausLike.EffectiveEpi,0m1.846s,0m2.197s
Mathlib.RingTheory.FiniteType,0m4.975s,0m4.673s
Mathlib.RingTheory.Algebraic.MvPolynomial,0m2.980s,0m2.643s
Mathlib.CategoryTheory.Abelian.Injective.Basic,0m1.919s,0m1.716s
Mathlib.CategoryTheory.Abelian.Projective.Basic,0m1.847s,0m1.817s
Mathlib.CategoryTheory.Sites.CartesianClosed,0m1.628s,0m1.484s
Mathlib.CategoryTheory.Sites.Coherent.ExtensiveColimits,0m1.705s,0m1.643s
Mathlib.CategoryTheory.Sites.Coherent.CoherentTopology,0m1.746s,0m1.609s
Mathlib.CategoryTheory.Abelian.GrothendieckAxioms.Basic,0m2.347s,0m2.198s
Mathlib.CategoryTheory.Sites.Coherent.RegularTopology,0m1.748s,0m1.588s
Mathlib.CategoryTheory.Generator.HomologicalComplex,0m1.634s,0m1.500s
Mathlib.CategoryTheory.Noetherian,0m1.617s,0m1.460s
Mathlib.Algebra.Homology.ShortComplex.ConcreteCategory,0m2.546s,0m2.311s
Mathlib.NumberTheory.Bernoulli,0m6.215s,0m5.216s
Mathlib.Algebra.Category.Grp.IsFinite,0m1.811s,0m1.739s
Mathlib.CategoryTheory.Galois.EssSurj,0m3.466s,0m3.171s
Mathlib.Algebra.Homology.TotalComplexSymmetry,0m2.754s,0m2.644s
Mathlib.Algebra.Homology.Embedding.Restriction,0m1.816s,0m2.235s
Mathlib.Algebra.Homology.HomologicalComplexBiprod,0m1.896s,0m2.146s
Mathlib.Geometry.RingedSpace.PresheafedSpace.HasColimits,0m5.832s,0m5.432s
Mathlib.Algebra.Homology.Linear,0m2.423s,0m2.567s
Mathlib.Algebra.Homology.HomologicalComplexAbelian,0m2.009s,0m2.041s
Mathlib.AlgebraicTopology.AlternatingFaceMapComplex,0m2.763s,0m2.659s
Mathlib.CategoryTheory.Idempotents.HomologicalComplex,0m3.174s,0m2.952s
Mathlib.Topology.MetricSpace.Bilipschitz,0m1.614s,0m1.601s
Mathlib.CategoryTheory.Sites.Continuous,0m2.443s,0m2.294s
Mathlib.Topology.Algebra.MetricSpace.Lipschitz,0m1.706s,0m1.592s
Mathlib.Algebra.Homology.Bifunctor,0m5.719s,0m5.265s
Mathlib.Topology.Instances.Nat,0m1.711s,0m1.589s
Mathlib.Analysis.Normed.Group.Int,0m1.705s,0m1.689s
Mathlib.Topology.MetricSpace.Isometry,0m3.019s,0m2.996s
Mathlib.CategoryTheory.Sites.PreservesSheafification,0m2.863s,0m2.754s
Mathlib.Topology.Algebra.Ring.Real,0m1.807s,0m1.782s
Mathlib.Topology.Metrizable.ContinuousMap,0m1.635s,0m1.471s
Mathlib.Analysis.BoxIntegral.Partition.Basic,0m2.753s,0m2.687s
Mathlib.Topology.Algebra.Nonarchimedean.Completion,0m1.726s,0m1.692s
Mathlib.Analysis.NormedSpace.IndicatorFunction,0m1.467s,0m1.486s
Mathlib.Order.Filter.ENNReal,0m2.216s,0m2.196s
Mathlib.Analysis.Normed.Order.Hom.Ultra,0m1.623s,0m1.507s
Mathlib.Algebra.Homology.ShortComplex.HomologicalComplex,0m5.485s,0m4.994s
Mathlib.Topology.Algebra.UniformField,0m2.124s,0m1.989s
Mathlib.CategoryTheory.Abelian.SerreClass.MorphismProperty,0m2.039s,0m1.804s
Mathlib.Analysis.NormedSpace.MStructure,0m1.599s,0m1.482s
Mathlib.CategoryTheory.Triangulated.TStructure.TruncLTGE,0m2.734s,0m2.620s
Mathlib.FieldTheory.Finiteness,0m1.924s,0m1.792s
Mathlib.RingTheory.MvPowerSeries.PiTopology,0m2.542s,0m2.331s
Mathlib.LinearAlgebra.Dimension.Torsion.Finite,0m2.153s,0m1.995s
Mathlib.LinearAlgebra.Dimension.RankNullity,0m3.171s,0m2.929s
Mathlib.Topology.Algebra.Nonarchimedean.AdicTopology,0m2.315s,0m2.272s
Mathlib.CategoryTheory.Limits.Indization.Category,0m2.125s,0m2.079s
Mathlib.RingTheory.Length,0m2.954s,0m2.716s
Mathlib.RingTheory.RingHom.Injective,0m1.788s,0m1.689s
Mathlib.LinearAlgebra.FiniteDimensional.Basic,0m4.221s,0m4.019s
Mathlib.Algebra.Module.CharacterModule,0m4.423s,0m3.979s
Mathlib.RingTheory.KrullDimension.NonZeroDivisors,0m2.146s,0m2.019s
Mathlib.Analysis.Normed.Ring.Basic,0m7.164s,0m6.137s
Mathlib.RingTheory.Spectrum.Maximal.Localization,0m3.129s,0m2.810s
Mathlib.AlgebraicTopology.RelativeCellComplex.Basic,0m1.933s,0m1.900s
Mathlib.Algebra.Category.CommAlgCat.Basic,0m3.445s,0m3.063s
Mathlib.CategoryTheory.MorphismProperty.FunctorCategory,0m1.806s,0m1.681s
Mathlib.CategoryTheory.Localization.BousfieldTransfiniteComposition,0m1.823s,0m1.684s
Mathlib.CategoryTheory.SmallObject.TransfiniteIteration,0m2.350s,0m2.201s
Mathlib.CategoryTheory.SmallObject.TransfiniteCompositionLifting,0m3.269s,0m3.093s
Mathlib.Topology.Algebra.Algebra.Equiv,0m2.560s,0m2.396s
Mathlib.RingTheory.LocalRing.ResidueField.Fiber,0m4.786s,0m4.030s
Mathlib.Topology.Algebra.StarSubalgebra,0m3.186s,0m2.917s
Mathlib.Analysis.Convex.Cone.Basic,0m2.681s,0m2.430s
Mathlib.Topology.MetricSpace.Algebra,0m2.533s,0m2.411s
Mathlib.Topology.Algebra.SeparationQuotient.Hom,0m1.836s,0m1.714s
Mathlib.CategoryTheory.Triangulated.Functor,0m12.090s,0m11.055s
Mathlib.Topology.Algebra.Module.WeakDual,0m2.747s,0m2.503s
Mathlib.Topology.Algebra.SeparationQuotient.Section,0m2.029s,0m1.909s
Mathlib.Topology.Algebra.SeparationQuotient.FiniteDimensional,0m1.742s,0m1.583s
Mathlib.Topology.Instances.TrivSqZeroExt,0m2.308s,0m2.113s
Mathlib.Topology.Algebra.Group.CompactOpen,0m2.867s,0m2.631s
Mathlib.Topology.ContinuousMap.LocallyConstant,0m1.851s,0m1.705s
Mathlib.Algebra.Lie.OfAssociative,0m3.890s,0m3.946s
Mathlib.Algebra.Lie.Ideal,0m3.639s,0m3.524s
Mathlib.Topology.ContinuousMap.Lattice,0m1.673s,0m1.672s
Mathlib.Topology.ContinuousMap.Star,0m2.204s,0m2.229s
Mathlib.Topology.UniformSpace.ProdApproximation,0m1.777s,0m1.702s
Mathlib.Topology.Algebra.Module.Multilinear.Basic,0m5.306s,0m5.002s
Mathlib.Topology.Algebra.ContinuousAffineMap,0m5.470s,0m5.169s
Mathlib.RingTheory.Valuation.RamificationGroup,0m1.921s,0m1.811s
Mathlib.Topology.Algebra.Valued.ValuationTopology,0m2.649s,0m2.504s
Mathlib.CategoryTheory.Presentable.LocallyPresentable,0m1.611s,0m1.576s
Mathlib.Algebra.Category.ModuleCat.Presheaf.Generator,0m2.346s,0m2.180s
Mathlib.Combinatorics.Nullstellensatz,0m2.438s,0m2.293s
Mathlib.RingTheory.RootsOfUnity.EnoughRootsOfUnity,0m1.826s,0m1.799s
Mathlib.RingTheory.Valuation.Extension,0m3.968s,0m3.761s
Mathlib.RingTheory.RootsOfUnity.CyclotomicUnits,0m2.367s,0m2.219s
Mathlib.NumberTheory.FLT.Polynomial,0m2.826s,0m2.795s
Mathlib.LinearAlgebra.Matrix.ProjectiveSpecialLinearGroup,0m1.812s,0m1.698s
Mathlib.AlgebraicTopology.SimplicialCategory.SimplicialObject,0m1.816s,0m1.568s
Mathlib.RingTheory.Polynomial.Eisenstein.Basic,0m2.119s,0m1.912s
Mathlib.AlgebraicTopology.SimplicialNerve,0m3.643s,0m3.366s
Mathlib.Topology.ContinuousMap.Periodic,0m8.738s,0m9.865s
Mathlib.RingTheory.Polynomial.Vieta,0m2.231s,0m2.371s
Mathlib.RingTheory.Polynomial.IntegralNormalization,0m2.644s,0m2.661s
Mathlib.LinearAlgebra.Matrix.FixedDetMatrices,0m3.316s,0m3.658s
Mathlib.AlgebraicTopology.SimplicialSet.KanComplex,0m1.470s,0m1.619s
Mathlib.AlgebraicTopology.SimplicialSet.AnodyneExtensions.RankNat,0m1.565s,0m1.790s
Mathlib.CategoryTheory.ObjectProperty.Ind,0m1.574s,0m1.712s
Mathlib.Topology.Algebra.Module.Equiv,0m10.400s,0m11.118s
Mathlib.RingTheory.Finiteness.Small,0m1.820s,0m1.878s
Mathlib.Algebra.CubicDiscriminant,0m3.071s,0m3.050s
Mathlib.RingTheory.Localization.InvSubmonoid,0m2.014s,0m2.015s
Mathlib.RingTheory.ReesAlgebra,0m2.020s,0m2.081s
Mathlib.AlgebraicTopology.ModelCategory.RightHomotopy,0m2.410s,0m2.340s
Mathlib.AlgebraicTopology.ModelCategory.LeftHomotopy,0m2.224s,0m2.412s
Mathlib.AlgebraicTopology.SimplicialSet.StrictSegal,0m3.245s,0m3.122s
Mathlib.LinearAlgebra.FreeModule.StrongRankCondition,0m1.669s,0m1.752s
Mathlib.RingTheory.Finiteness.Quotient,0m1.991s,0m2.044s
Mathlib.RingTheory.GradedAlgebra.FiniteType,0m2.208s,0m2.125s
Mathlib.CategoryTheory.Sites.Coherent.ReflectsPrecoherent,0m1.527s,0m1.498s
Mathlib.CategoryTheory.Abelian.Yoneda,0m2.304s,0m2.228s
Mathlib.RingTheory.FinitePresentation,0m3.094s,0m2.917s
Mathlib.RingTheory.EssentialFiniteness,0m2.946s,0m2.944s
Mathlib.CategoryTheory.Abelian.GrothendieckAxioms.Types,0m1.511s,0m1.475s
Mathlib.Algebra.Category.Grp.AB,0m2.328s,0m2.346s
Mathlib.CategoryTheory.Abelian.GrothendieckAxioms.Colim,0m1.914s,0m1.924s
Mathlib.CategoryTheory.ObjectProperty.FunctorCategory.PreservesLimits,0m1.884s,0m1.714s
Mathlib.RingTheory.AlgebraicIndependent.Transcendental,0m3.242s,0m2.819s
Mathlib.CategoryTheory.Abelian.GrothendieckAxioms.FunctorCategory,0m1.515s,0m1.492s
Mathlib.CategoryTheory.Abelian.GrothendieckCategory.Basic,0m1.600s,0m1.568s
Mathlib.CategoryTheory.Abelian.GrothendieckAxioms.Connected,0m1.993s,0m1.892s
Mathlib.CategoryTheory.Sites.Coherent.ReflectsPreregular,0m1.497s,0m1.479s
Mathlib.AlgebraicTopology.DoldKan.Notations,0m1.603s,0m1.567s
Mathlib.CategoryTheory.Galois.Equivalence,0m2.126s,0m2.007s
Mathlib.CategoryTheory.Sites.CoverPreserving,0m1.797s,0m1.702s
Mathlib.NumberTheory.BernoulliPolynomials,0m2.424s,0m2.312s
Mathlib.CategoryTheory.Sites.Pullback,0m2.445s,0m2.299s
Mathlib.Topology.Instances.PNat,0m1.593s,0m1.576s
Mathlib.CategoryTheory.Sites.CoverLifting,0m2.823s,0m2.740s
Mathlib.Topology.MetricSpace.ProperSpace.Real,0m1.601s,0m1.517s
Mathlib.Algebra.Homology.BifunctorFlip,0m2.504s,0m2.312s
Mathlib.Topology.MetricSpace.Dilation,0m2.415s,0m2.260s
Mathlib.CategoryTheory.Sites.Adjunction,0m1.812s,0m1.625s
Mathlib.Algebra.Homology.ShortComplex.ModuleCat,0m6.691s,0m5.840s
Mathlib.CategoryTheory.Sites.LocallyInjective,0m2.185s,0m2.107s
Mathlib.Topology.Instances.NNReal.Lemmas,0m2.212s,0m2.047s
Mathlib.Topology.MetricSpace.Gluing,0m2.636s,0m2.516s
Mathlib.Topology.Instances.ZMultiples,0m1.834s,0m1.711s
Mathlib.Topology.Instances.Rat,0m2.102s,0m2.002s
Mathlib.Analysis.Subadditive,0m1.807s,0m1.670s
Mathlib.Topology.Instances.Real.Lemmas,0m2.237s,0m2.102s
Mathlib.Analysis.Normed.Group.Continuity,0m2.812s,0m2.724s
Mathlib.Topology.MetricSpace.IsometricSMul,0m5.267s,0m4.916s
Mathlib.Topology.Algebra.InfiniteSum.Nonarchimedean,0m1.995s,0m1.892s
Mathlib.Analysis.BoxIntegral.Partition.Split,0m2.097s,0m1.997s
Mathlib.Topology.UnitInterval,0m2.890s,0m2.807s
Mathlib.Analysis.BoxIntegral.Partition.Tagged,0m2.405s,0m2.396s
Mathlib.Algebra.Homology.Embedding.RestrictionHomology,0m2.342s,0m2.214s
Mathlib.Algebra.Homology.Refinements,0m1.616s,0m1.479s
Mathlib.Algebra.Homology.SingleHomology,0m2.212s,0m2.097s
Mathlib.CategoryTheory.Abelian.SerreClass.Bousfield,0m1.615s,0m1.486s
Mathlib.Algebra.Homology.LeftResolution.Basic,0m3.139s,0m2.955s
Mathlib.RingTheory.PowerSeries.PiTopology,0m2.177s,0m2.217s
Mathlib.RingTheory.MvPowerSeries.LinearTopology,0m2.218s,0m2.106s
Mathlib.RingTheory.MvPowerSeries.Evaluation,0m2.754s,0m2.607s
Mathlib.CategoryTheory.Preadditive.Indization,0m1.502s,0m1.507s
Mathlib.RingTheory.AdicCompletion.Topology,0m2.312s,0m2.178s
Mathlib.LinearAlgebra.Dimension.DivisionRing,0m3.033s,0m2.811s
Mathlib.Topology.Algebra.IsOpenUnits,0m2.556s,0m2.458s
Mathlib.Algebra.Homology.HomologySequence,0m4.777s,0m4.699s
Mathlib.Analysis.Normed.Ring.Finite,0m1.705s,0m1.694s
Mathlib.Algebra.Category.Grp.EnoughInjectives,0m1.918s,0m1.892s
Mathlib.Algebra.Category.Grp.LargeColimits,0m2.085s,0m2.120s
Mathlib.LinearAlgebra.Projectivization.Basic,0m2.477s,0m2.418s
Mathlib.Algebra.Homology.Homotopy,0m7.391s,0m6.875s
Mathlib.Analysis.Normed.Ring.WithAbs,0m2.018s,0m1.900s
Mathlib.Algebra.Homology.BifunctorAssociator,0m14.255s,0m13.833s
Mathlib.Topology.MetricSpace.Completion,0m2.101s,0m2.105s
Mathlib.LinearAlgebra.Matrix.NonsingularInverse,0m3.847s,0m3.742s
Mathlib.CategoryTheory.Localization.Triangulated,0m2.551s,0m2.432s
Mathlib.Analysis.Normed.Field.Basic,0m3.982s,0m3.795s
Mathlib.CategoryTheory.SmallObject.IsCardinalForSmallObjectArgument,0m3.750s,0m3.533s
Mathlib.Topology.Algebra.Module.CharacterSpace,0m2.842s,0m2.652s
Mathlib.CategoryTheory.Triangulated.SpectralObject,0m3.391s,0m3.260s
Mathlib.RingTheory.Derivation.Lie,0m2.242s,0m2.127s
Mathlib.Algebra.Lie.UniversalEnveloping,0m2.446s,0m2.289s
Mathlib.Algebra.Jordan.Basic,0m3.578s,0m3.357s
Mathlib.Topology.Algebra.AffineSubspace,0m1.804s,0m1.826s
Mathlib.Algebra.Lie.Derivation.Basic,0m4.469s,0m4.280s
Mathlib.Algebra.Lie.DirectSum,0m2.981s,0m2.848s
Mathlib.Algebra.Lie.Quotient,0m2.908s,0m2.756s
Mathlib.Algebra.Lie.IdealOperations,0m3.028s,0m2.823s
Mathlib.Topology.Algebra.Valued.WithZeroMulInt,0m1.939s,0m1.888s
Mathlib.CategoryTheory.Presentable.Dense,0m1.933s,0m1.826s
Mathlib.CategoryTheory.Presentable.EssentiallyLarge,0m1.717s,0m1.593s
Mathlib.CategoryTheory.Presentable.StrongGenerator,0m2.356s,0m2.073s
Mathlib.CategoryTheory.Presentable.Adjunction,0m1.919s,0m1.594s
Mathlib.Topology.Algebra.Valued.ValuativeRel,0m3.406s,0m3.066s
Mathlib.RingTheory.Valuation.ValExtension,0m1.704s,0m1.603s
Mathlib.Topology.Algebra.Valued.ValuedField,0m3.680s,0m3.434s
Mathlib.AlgebraicTopology.Quasicategory.Basic,0m1.621s,0m1.601s
Mathlib.RingTheory.Polynomial.Eisenstein.Distinguished,0m2.128s,0m2.002s
Mathlib.Algebra.Category.ModuleCat.Presheaf.Pullback,0m2.530s,0m2.418s
Mathlib.RingTheory.Polynomial.SmallDegreeVieta,0m2.297s,0m2.230s
Mathlib.CategoryTheory.MorphismProperty.Ind,0m2.017s,0m1.882s
Mathlib.Analysis.Convex.ContinuousLinearEquiv,0m1.696s,0m1.700s
Mathlib.Topology.Algebra.InfiniteSum.Module,0m2.327s,0m2.268s
Mathlib.Analysis.CStarAlgebra.Module.Synonym,0m2.191s,0m2.182s
Mathlib.Topology.Algebra.Module.LinearPMap,0m2.604s,0m2.515s
Mathlib.Topology.Algebra.Module.Star,0m2.333s,0m2.181s
Mathlib.AlgebraicGeometry.EllipticCurve.Weierstrass,0m2.817s,0m2.619s
Mathlib.Topology.Algebra.ContinuousAffineEquiv,0m4.159s,0m3.986s
Mathlib.Topology.Algebra.Module.ModuleTopology,0m3.786s,0m3.718s
Mathlib.RingTheory.Filtration,0m3.317s,0m3.170s
Mathlib.Topology.Algebra.Module.Alternating.Basic,0m5.540s,0m5.383s
Mathlib.RingTheory.Flat.Basic,0m5.092s,0m4.873s
Mathlib.AlgebraicTopology.ModelCategory.Homotopy,0m2.226s,0m2.158s
Mathlib.Algebra.Algebra.Subalgebra.IsSimpleOrder,0m2.017s,0m1.902s
Mathlib.RingTheory.MvPolynomial,0m1.798s,0m1.786s
Mathlib.AlgebraicTopology.SimplicialSet.Coskeletal,0m2.989s,0m2.749s
Mathlib.LinearAlgebra.FreeAlgebra,0m1.824s,0m1.779s
Mathlib.LinearAlgebra.FreeModule.Finite.Quotient,0m2.654s,0m2.625s
Mathlib.LinearAlgebra.FreeModule.Finite.Matrix,0m2.440s,0m2.506s
Mathlib.RingTheory.LocalProperties.Projective,0m4.041s,0m3.979s
Mathlib.Algebra.Category.CommAlgCat.FiniteType,0m2.702s,0m3.000s
Mathlib.Algebra.Algebra.Subalgebra.Rank,0m4.756s,0m4.708s
Mathlib.Algebra.Category.ModuleCat.AB,0m2.126s,0m2.015s
Mathlib.RingTheory.Localization.Submodule,0m2.213s,0m2.195s
Mathlib.RingTheory.FiniteStability,0m3.982s,0m3.952s
Mathlib.Algebra.Category.Ring.FinitePresentation,0m3.870s,0m3.877s
Mathlib.CategoryTheory.Abelian.GrothendieckCategory.Monomorphisms,0m1.591s,0m1.586s
Mathlib.Algebra.Homology.GrothendieckAbelian,0m1.608s,0m1.658s
Mathlib.CategoryTheory.Abelian.GrothendieckCategory.Subobject,0m2.712s,0m2.704s
Mathlib.Topology.MetricSpace.DilationEquiv,0m2.100s,0m2.097s
Mathlib.Algebra.Category.ModuleCat.Free,0m2.432s,0m2.302s
Mathlib.CategoryTheory.Sites.MayerVietorisSquare,0m2.911s,0m2.689s
Mathlib.CategoryTheory.Sites.Over,0m2.950s,0m2.735s
Mathlib.Algebra.Category.ModuleCat.Biproducts,0m3.362s,0m2.970s
Mathlib.RingTheory.Regular.Category,0m2.008s,0m1.910s
Mathlib.Analysis.Real.Spectrum,0m2.227s,0m2.070s
Mathlib.CategoryTheory.Sites.LocallySurjective,0m2.833s,0m2.511s
Mathlib.Topology.Metrizable.CompletelyMetrizable,0m2.502s,0m2.015s
Mathlib.Analysis.Normed.Group.Rat,0m1.715s,0m1.629s
Mathlib.RingTheory.GradedAlgebra.HomogeneousLocalization,0m9.286s,0m8.705s
Mathlib.Topology.Instances.RealVectorSpace,0m2.012s,0m1.939s
Mathlib.Data.Real.Sqrt,0m3.051s,0m2.909s
Mathlib.Algebra.Category.CommAlgCat.Monoidal,0m28.015s,0m9.926s
Mathlib.Topology.UniformSpace.CompareReals,0m1.803s,0m1.684s
Mathlib.Topology.Algebra.InfiniteSum.Field,0m1.976s,0m1.696s
Mathlib.Analysis.Normed.Group.AddTorsor,0m2.464s,0m1.991s
Mathlib.Topology.Compactness.HilbertCubeEmbedding,0m1.820s,0m1.587s
Mathlib.Analysis.Normed.Group.Bounded,0m2.319s,0m2.395s
Mathlib.Algebra.Category.ModuleCat.LeftResolution,0m1.882s,0m1.903s
Mathlib.Algebra.Homology.LeftResolution.Transport,0m1.846s,0m1.699s
Mathlib.Analysis.Normed.Group.Uniform,0m4.187s,0m4.071s
Mathlib.Topology.Instances.ENNReal.Lemmas,0m7.372s,0m7.051s
Mathlib.Algebra.Homology.Embedding.Connect,0m2.929s,0m2.874s
Mathlib.Topology.Path,0m4.568s,0m4.398s
Mathlib.CategoryTheory.Generator.Indization,0m1.676s,0m1.634s
Mathlib.RingTheory.PowerSeries.Evaluation,0m2.442s,0m2.327s
Mathlib.Topology.Homotopy.Basic,0m6.329s,0m6.316s
Mathlib.LinearAlgebra.Dimension.LinearMap,0m2.310s,0m2.673s
Mathlib.Combinatorics.Enumerative.Partition.GenFun,0m4.711s,0m4.771s
Mathlib.CategoryTheory.Abelian.Indization,0m3.219s,0m3.257s
Mathlib.RingTheory.MvPowerSeries.Substitution,0m3.924s,0m3.855s
Mathlib.RingTheory.LocalRing.Quotient,0m3.224s,0m3.036s
Mathlib.Algebra.Homology.ConcreteCategory,0m2.199s,0m2.206s
Mathlib.LinearAlgebra.FiniteDimensional.Lemmas,0m2.937s,0m2.919s
Mathlib.Algebra.Category.ModuleCat.EnoughInjectives,0m1.903s,0m1.893s
Mathlib.Algebra.Category.Grp.Ulift,0m2.324s,0m2.346s
Mathlib.LinearAlgebra.Projectivization.Cardinality,0m2.418s,0m2.508s
Mathlib.LinearAlgebra.Projectivization.Constructions,0m2.625s,0m2.642s
Mathlib.LinearAlgebra.Projectivization.Action,0m1.907s,0m1.884s
Mathlib.LinearAlgebra.Projectivization.Independence,0m1.923s,0m1.826s
Mathlib.LinearAlgebra.Projectivization.Subspace,0m2.561s,0m2.491s
Mathlib.LinearAlgebra.Dimension.Localization,0m6.326s,0m6.035s
Mathlib.AlgebraicTopology.DoldKan.Homotopies,0m1.997s,0m1.883s
Mathlib.Algebra.Homology.QuasiIso,0m2.401s,0m2.283s
Mathlib.Algebra.Homology.HomotopyCategory,0m2.222s,0m2.020s
Mathlib.AlgebraicTopology.ExtraDegeneracy,0m4.229s,0m4.114s
Mathlib.Algebra.Homology.HomotopyCofiber,0m4.730s,0m4.400s
Mathlib.Algebra.Homology.BifunctorHomotopy,0m5.321s,0m5.306s
Mathlib.LinearAlgebra.AffineSpace.Matrix,0m2.343s,0m2.097s
Mathlib.LinearAlgebra.Matrix.Block,0m3.265s,0m2.732s
Mathlib.Algebra.Homology.Monoidal,0m3.811s,0m3.759s
Mathlib.LinearAlgebra.UnitaryGroup,0m3.319s,0m3.295s
Mathlib.LinearAlgebra.Matrix.BaseChange,0m2.243s,0m2.257s
Mathlib.LinearAlgebra.Matrix.ZPow,0m2.503s,0m2.403s
Mathlib.Algebra.Homology.HomotopyCategory.HomComplex,0m6.244s,0m6.095s
Mathlib.LinearAlgebra.SymplecticGroup,0m2.314s,0m2.343s
Mathlib.Topology.MetricSpace.CauSeqFilter,0m1.721s,0m1.769s
Mathlib.Analysis.Calculus.TangentCone.Defs,0m1.701s,0m1.695s
Mathlib.CategoryTheory.Triangulated.Subcategory,0m2.410s,0m2.556s
Mathlib.LinearAlgebra.Matrix.SchurComplement,0m4.380s,0m4.503s
Mathlib.LinearAlgebra.Matrix.GeneralLinearGroup.Defs,0m3.411s,0m3.535s
Mathlib.Analysis.Polynomial.CauchyBound,0m2.938s,0m2.856s
Mathlib.CategoryTheory.SmallObject.Basic,0m1.572s,0m1.629s
Mathlib.Analysis.Normed.MulAction,0m2.917s,0m3.057s
Mathlib.AlgebraicTopology.Quasicategory.StrictSegal,0m2.006s,0m2.018s
Mathlib.Algebra.Symmetrized,0m2.839s,0m3.039s
Mathlib.Algebra.Lie.Free,0m2.827s,0m2.957s
Mathlib.AlgebraicGeometry.EllipticCurve.ModelsWithJ,0m2.212s,0m2.612s
Mathlib.CategoryTheory.Presentable.OrthogonalReflection,0m3.358s,0m3.709s
Mathlib.LinearAlgebra.AffineSpace.ContinuousAffineEquiv,0m1.596s,0m1.638s
Mathlib.Algebra.Lie.Abelian,0m4.584s,0m4.926s
Mathlib.RingTheory.AdicCompletion.Noetherian,0m1.883s,0m1.830s
Mathlib.Analysis.Asymptotics.Defs,0m6.498s,0m6.440s
Mathlib.AlgebraicGeometry.EllipticCurve.VariableChange,0m4.809s,0m4.615s
Mathlib.RingTheory.PowerSeries.WeierstrassPreparation,0m5.277s,0m5.220s
Mathlib.RingTheory.AdicCompletion.Exactness,0m4.397s,0m4.380s
Mathlib.RingTheory.Flat.Tensor,0m2.546s,0m2.511s
Mathlib.Algebra.Central.TensorProduct,0m2.087s,0m2.102s
Mathlib.RingTheory.Flat.CategoryTheory,0m2.028s,0m2.160s
Mathlib.RingTheory.Ideal.Cotangent,0m6.150s,0m6.115s
Mathlib.RingTheory.Regular.IsSMulRegular,0m2.853s,0m2.884s
Mathlib.LinearAlgebra.LinearDisjoint,0m3.962s,0m3.744s
Mathlib.RingTheory.Flat.Stability,0m2.433s,0m2.055s
Mathlib.LinearAlgebra.SymmetricAlgebra.Basis,0m2.265s,0m2.245s
Mathlib.FieldTheory.MvRatFunc.Rank,0m2.523s,0m2.655s
Mathlib.LinearAlgebra.TensorAlgebra.Basis,0m2.145s,0m2.156s
Mathlib.LinearAlgebra.FreeModule.IdealQuotient,0m2.416s,0m2.460s
Mathlib.LinearAlgebra.Matrix.FiniteDimensional,0m2.014s,0m2.027s
Mathlib.LinearAlgebra.Multilinear.FiniteDimensional,0m1.951s,0m2.022s
Mathlib.RingTheory.Localization.Away.Lemmas,0m2.019s,0m2.077s
Mathlib.Topology.Sheaves.MayerVietoris,0m1.909s,0m2.046s
Mathlib.Algebra.Category.ModuleCat.Topology.Basic,0m11.911s,0m12.253s
Mathlib.RingTheory.LocalProperties.Basic,0m4.152s,0m4.198s
Mathlib.CategoryTheory.Abelian.GrothendieckCategory.ColimCoyoneda,0m3.200s,0m3.288s
Mathlib.AlgebraicTopology.SimplicialSet.HomotopyCat,0m6.018s,0m6.589s
Mathlib.CategoryTheory.Sites.PseudofunctorSheafOver,0m1.821s,0m1.952s
Mathlib.CategoryTheory.Sites.LocallyFullyFaithful,0m1.701s,0m1.856s
Mathlib.RingTheory.FractionalIdeal.Basic,0m4.327s,0m4.592s
Mathlib.CategoryTheory.Sites.LocallyBijective,0m1.905s,0m1.952s
Mathlib.CategoryTheory.Sites.Descent.IsPrestack,0m2.935s,0m2.984s
Mathlib.Data.Real.StarOrdered,0m1.707s,0m1.837s
Mathlib.Data.Real.CompleteField,0m1.717s,0m1.834s
Mathlib.CategoryTheory.Sites.SheafHom,0m2.765s,0m2.448s
Mathlib.Data.Rat.NatSqrt.Real,0m1.939s,0m2.025s
Mathlib.Analysis.Complex.Norm,0m2.518s,0m2.771s
Mathlib.RingTheory.Flat.Equalizer,0m10.210s,0m11.005s
Mathlib.NumberTheory.Zsqrtd.ToReal,0m1.821s,0m1.944s
Mathlib.Algebra.Star.CHSH,0m2.865s,0m2.957s
Mathlib.NumberTheory.Real.Irrational,0m2.555s,0m2.660s
Mathlib.Tactic.NormNum.RealSqrt,0m2.328s,0m2.455s
Mathlib.Analysis.Normed.Order.Lattice,0m2.189s,0m2.344s
Mathlib.Analysis.Normed.Affine.Simplex,0m2.973s,0m3.208s
Mathlib.Analysis.Normed.Ring.Lemmas,0m2.824s,0m3.078s
Mathlib.Analysis.Normed.Group.BallSphere,0m2.033s,0m2.213s
Mathlib.Analysis.Normed.Group.Completion,0m1.807s,0m1.960s
Mathlib.Algebra.Homology.LeftResolution.Reduced,0m4.660s,0m4.494s
Mathlib.Analysis.Normed.Group.Lemmas,0m1.712s,0m1.844s
Mathlib.Analysis.Normed.Group.Ultra,0m2.919s,0m3.148s
Mathlib.Analysis.Normed.Group.Hom,0m4.355s,0m4.680s
Mathlib.Topology.Algebra.InfiniteSum.Real,0m1.824s,0m1.975s
Mathlib.Analysis.Normed.Group.InfiniteSum,0m2.002s,0m2.127s
Mathlib.Analysis.SumOverResidueClass,0m1.805s,0m2.033s
Mathlib.MeasureTheory.OuterMeasure.Basic,0m2.107s,0m2.258s
Mathlib.Topology.UniformSpace.Path,0m1.807s,0m1.952s
Mathlib.Topology.Algebra.InfiniteSum.ENNReal,0m1.807s,0m1.933s
Mathlib.Topology.Homotopy.Equiv,0m1.935s,0m2.010s
Mathlib.Topology.Connected.PathConnected,0m2.537s,0m2.682s
Mathlib.Topology.Homotopy.HSpaces,0m2.343s,0m2.419s
Mathlib.LinearAlgebra.Matrix.Diagonal,0m2.218s,0m2.215s
Mathlib.CategoryTheory.Abelian.GrothendieckAxioms.Indization,0m1.622s,0m1.723s
Mathlib.Topology.Semicontinuous,0m4.261s,0m4.268s
Mathlib.RingTheory.PowerSeries.Substitution,0m2.663s,0m2.786s
Mathlib.Algebra.Category.ModuleCat.Simple,0m1.960s,0m2.052s
Mathlib.Algebra.Category.CommBialgCat,0m12.003s,0m7.869s
Mathlib.RingTheory.SimpleModule.Rank,0m1.726s,0m1.812s
Mathlib.LinearAlgebra.AffineSpace.FiniteDimensional,0m4.118s,0m4.409s
Mathlib.Combinatorics.Enumerative.Partition.Glaisher,0m4.885s,0m5.115s
Mathlib.Algebra.Module.Lattice,0m2.913s,0m3.177s
Mathlib.AlgebraicTopology.DoldKan.Faces,0m2.740s,0m2.895s
Mathlib.CategoryTheory.Preadditive.Injective.Resolution,0m1.881s,0m1.916s
Mathlib.CategoryTheory.Preadditive.Projective.Resolution,0m2.003s,0m2.129s
Mathlib.Algebra.Homology.HomologySequenceLemmas,0m3.046s,0m3.202s
Mathlib.LinearAlgebra.Eigenspace.Basic,0m5.899s,0m6.168s
Mathlib.Algebra.Homology.Opposite,0m4.508s,0m4.551s
Mathlib.Algebra.Homology.AlternatingConst,0m2.605s,0m2.648s
Mathlib.Algebra.Homology.Localization,0m2.616s,0m2.748s
Mathlib.Algebra.Homology.HomotopyCategory.Shift,0m3.704s,0m3.795s
Mathlib.Algebra.Homology.HomotopyCategory.HomComplexInduction,0m1.956s,0m1.948s
Mathlib.LinearAlgebra.Matrix.Charpoly.Basic,0m3.548s,0m3.579s
Mathlib.LinearAlgebra.Vandermonde,0m4.463s,0m4.046s
Mathlib.LinearAlgebra.Matrix.Hermitian,0m2.628s,0m2.625s
Mathlib.Analysis.Normed.Operator.LinearIsometry,0m18.540s,0m18.320s
Mathlib.CategoryTheory.Triangulated.HomologicalFunctor,0m2.736s,0m2.775s
Mathlib.CategoryTheory.Triangulated.Orthogonal,0m1.889s,0m1.912s
Mathlib.LinearAlgebra.Matrix.GeneralLinearGroup.Basic,0m2.553s,0m2.675s
Mathlib.LinearAlgebra.Matrix.ToLinearEquiv,0m2.619s,0m2.777s
Mathlib.AlgebraicTopology.Quasicategory.Nerve,0m1.578s,0m1.525s
Mathlib.Analysis.Normed.Group.NullSubmodule,0m1.903s,0m2.005s
Mathlib.Algebra.Lie.CartanMatrix,0m2.085s,0m2.135s
Mathlib.Algebra.Lie.Derivation.AdjointAction,0m1.984s,0m1.895s
Mathlib.LinearAlgebra.Dual.Lemmas,0m12.426s,0m11.793s
Mathlib.Analysis.Normed.Operator.ContinuousLinearMap,0m3.365s,0m3.123s
Mathlib.Algebra.Lie.Normalizer,0m2.694s,0m2.426s
Mathlib.Algebra.Homology.HomotopyCategory.MappingCone,0m6.351s,0m6.203s
Mathlib.Algebra.Azumaya.Basic,0m2.650s,0m2.745s
Mathlib.AlgebraicGeometry.EllipticCurve.NormalForms,0m3.863s,0m4.369s
Mathlib.Algebra.Lie.TensorProduct,0m4.808s,0m4.755s
Mathlib.RingTheory.Flat.EquationalCriterion,0m5.068s,0m5.115s
Mathlib.RingTheory.AdicCompletion.AsTensorProduct,0m7.428s,0m7.385s
Mathlib.RingTheory.Flat.Localization,0m2.677s,0m2.660s
Mathlib.Algebra.Lie.Cochain,0m9.318s,0m9.408s
Mathlib.RingTheory.Regular.RegularSequence,0m5.740s,0m5.252s
Mathlib.RingTheory.Flat.FaithfullyFlat.Basic,0m5.276s,0m4.540s
Mathlib.RingTheory.RingHom.OpenImmersion,0m2.432s,0m2.096s
Mathlib.RingTheory.RingHom.Bijective,0m2.032s,0m1.916s
Mathlib.RingTheory.LocalProperties.Reduced,0m1.988s,0m2.028s
Mathlib.Algebra.Category.ModuleCat.Topology.Homology,0m3.652s,0m3.459s
Mathlib.RingTheory.RingHom.Surjective,0m2.336s,0m2.210s
Mathlib.RingTheory.RingHom.Finite,0m3.395s,0m3.354s
Mathlib.CategoryTheory.Abelian.GrothendieckCategory.EnoughInjectives,0m4.015s,0m3.922s
Mathlib.CategoryTheory.Sites.DenseSubsite.Basic,0m3.448s,0m3.245s
Mathlib.RingTheory.RingHom.Locally,0m5.858s,0m5.433s
Mathlib.CategoryTheory.Sites.Point.Basic,0m2.722s,0m2.627s
Mathlib.CategoryTheory.Sites.EpiMono,0m1.898s,0m1.881s
Mathlib.Algebra.Category.ModuleCat.Sheaf,0m3.129s,0m2.808s
Mathlib.Data.Complex.Norm,0m1.713s,0m1.604s
Mathlib.RingTheory.Extension.Basic,0m13.429s,0m14.164s
Mathlib.RingTheory.FractionalIdeal.Operations,0m5.677s,0m5.632s
Mathlib.Analysis.Complex.Order,0m2.635s,0m2.532s
Mathlib.CategoryTheory.Sites.Descent.DescentData,0m4.706s,0m4.441s
Mathlib.NumberTheory.Rayleigh,0m2.212s,0m2.214s
Mathlib.Analysis.Complex.Exponential,0m4.158s,0m4.057s
Mathlib.NumberTheory.Real.GoldenRatio,0m3.205s,0m3.043s
Mathlib.Topology.Instances.Irrational,0m2.012s,0m1.997s
Mathlib.Data.Real.Irrational,0m1.820s,0m1.790s
Mathlib.Topology.Instances.AddCircle.DenseSubgroup,0m2.097s,0m2.143s
Mathlib.Topology.UniformSpace.Dini,0m1.989s,0m1.913s
Mathlib.AlgebraicTopology.SimplicialSet.NerveAdjunction,0m11.957s,0m10.913s
Mathlib.Analysis.Normed.Field.Instances,0m2.305s,0m2.216s
Mathlib.Analysis.Normed.Field.Lemmas,0m2.408s,0m2.418s
Mathlib.Analysis.Normed.Ring.Int,0m1.804s,0m1.710s
Mathlib.NumberTheory.DiophantineApproximation.Basic,0m3.880s,0m3.619s
Mathlib.Topology.Algebra.Polynomial,0m2.718s,0m2.523s
Mathlib.Topology.Bornology.BoundedOperation,0m2.305s,0m2.195s
Mathlib.Analysis.Normed.Ring.Ultra,0m1.885s,0m1.773s
Mathlib.RingTheory.Kaehler.Basic,0m21.607s,0m22.392s
Mathlib.Analysis.Normed.Group.SeparationQuotient,0m2.050s,0m2.052s
Mathlib.Analysis.Normed.Group.HomCompletion,0m2.324s,0m2.366s
Mathlib.Analysis.Normed.Group.FunctionSeries,0m2.132s,0m2.161s
Mathlib.Analysis.Normed.Group.SemiNormedGrp,0m2.849s,0m2.808s
Mathlib.Analysis.Normed.Ring.InfiniteSum,0m2.947s,0m2.851s
Mathlib.MeasureTheory.OuterMeasure.Operations,0m2.703s,0m2.646s
Mathlib.MeasureTheory.OuterMeasure.AE,0m2.532s,0m2.410s
Mathlib.Topology.Connected.LocPathConnected,0m1.886s,0m1.796s
Mathlib.Analysis.Convex.PathConnected,0m2.638s,0m2.516s
Mathlib.Topology.Instances.AddCircle.Real,0m1.921s,0m1.944s
Mathlib.Analysis.Convex.Radon,0m2.399s,0m2.276s
Mathlib.Analysis.Asymptotics.Lemmas,0m5.102s,0m4.994s
Mathlib.Topology.Instances.EReal.Lemmas,0m2.906s,0m2.774s
Mathlib.AlgebraicTopology.DoldKan.Projections,0m2.198s,0m2.214s
Mathlib.Topology.EMetricSpace.BoundedVariation,0m4.035s,0m3.829s
Mathlib.Topology.Homotopy.Path,0m5.893s,0m5.525s
Mathlib.CategoryTheory.Abelian.Projective.Resolution,0m3.058s,0m2.824s
Mathlib.CategoryTheory.Abelian.Injective.Resolution,0m3.158s,0m2.934s
Mathlib.Algebra.Lie.Sl2,0m3.293s,0m2.605s
Mathlib.Algebra.Homology.Embedding.IsSupported,0m1.930s,0m1.808s
Mathlib.Algebra.Star.LinearMap,0m3.328s,0m3.329s
Mathlib.LinearAlgebra.Eigenspace.Matrix,0m2.649s,0m2.500s
Mathlib.Algebra.Homology.HomotopyCategory.SingleFunctors,0m2.852s,0m2.723s
Mathlib.Analysis.Convex.Between,0m6.298s,0m5.975s
Mathlib.Algebra.Homology.HomotopyCategory.ShiftSequence,0m3.499s,0m3.441s
Mathlib.LinearAlgebra.Lagrange,0m3.127s,0m3.156s
Mathlib.CategoryTheory.Triangulated.Opposite.Pretriangulated,0m2.307s,0m2.322s
Mathlib.Algebra.Homology.HomotopyCategory.HomComplexShift,0m5.399s,0m5.153s
Mathlib.LinearAlgebra.Matrix.Charpoly.Coeff,0m3.926s,0m3.958s
Mathlib.Algebra.Homology.TotalComplexShift,0m5.843s,0m5.867s
Mathlib.Algebra.Lie.Matrix,0m2.712s,0m2.608s
Mathlib.Geometry.Convex.Cone.TensorProduct,0m2.754s,0m2.650s
Mathlib.LinearAlgebra.BilinearForm.Properties,0m4.670s,0m4.666s
Mathlib.LinearAlgebra.BilinearForm.TensorProduct,0m5.021s,0m4.947s
Mathlib.LinearAlgebra.Determinant,0m5.968s,0m5.876s
Mathlib.LinearAlgebra.Contraction,0m3.643s,0m3.532s
Mathlib.Algebra.Category.Ring.LinearAlgebra,0m1.916s,0m1.891s
Mathlib.Algebra.Lie.BaseChange,0m6.059s,0m5.826s
Mathlib.LinearAlgebra.Matrix.SesquilinearForm,0m9.291s,0m9.040s
Mathlib.RingTheory.TensorProduct.Nontrivial,0m3.602s,0m3.523s
Mathlib.RingTheory.Flat.FaithfullyFlat.Algebra,0m2.854s,0m2.779s
Mathlib.LinearAlgebra.PerfectPairing.Basic,0m7.224s,0m6.846s
Mathlib.CategoryTheory.Abelian.GrothendieckCategory.Coseparator,0m1.608s,0m1.608s
Mathlib.RingTheory.Flat.Domain,0m5.918s,0m5.885s
Mathlib.RingTheory.Localization.Finiteness,0m3.067s,0m2.766s
Mathlib.CategoryTheory.Abelian.GrothendieckCategory.ModuleEmbedding.Opposite,0m3.292s,0m3.158s
Mathlib.Topology.Sheaves.SheafCondition.Sites,0m1.928s,0m1.911s
Mathlib.CategoryTheory.Sites.PreservesLocallyBijective,0m1.811s,0m1.694s
Mathlib.RingTheory.RingHom.FiniteType,0m4.724s,0m3.741s
Mathlib.Algebra.Category.ModuleCat.Sheaf.Limits,0m2.474s,0m2.335s
Mathlib.Algebra.Category.ModuleCat.Sheaf.ChangeOfRings,0m2.526s,0m2.109s
Mathlib.RingTheory.Extension,0m1.810s,0m1.698s
Mathlib.CategoryTheory.Sites.DenseSubsite.SheafEquiv,0m3.680s,0m3.334s
Mathlib.Data.Complex.Order,0m1.597s,0m1.586s
Mathlib.Data.Complex.Exponential,0m1.588s,0m1.605s
Mathlib.RingTheory.FractionalIdeal.Inverse,0m2.735s,0m2.697s
Mathlib.Analysis.SpecialFunctions.Log.ERealExp,0m1.883s,0m1.897s
Mathlib.Algebra.Lie.Extension,0m11.938s,0m11.158s
Mathlib.Algebra.Category.ModuleCat.Sheaf.PushforwardContinuous,0m6.634s,0m5.840s
Mathlib.Topology.Instances.RatLemmas,0m2.046s,0m1.920s
Mathlib.AlgebraicTopology.Quasicategory.StrictBicategory,0m1.611s,0m1.571s
Mathlib.CategoryTheory.Category.Cat.Colimit,0m1.591s,0m1.487s
Mathlib.RingTheory.Extension.Generators,0m7.611s,0m6.745s
Mathlib.Analysis.Complex.Trigonometric,0m4.851s,0m4.382s
Mathlib.NumberTheory.DiophantineApproximation.ContinuedFractions,0m2.019s,0m1.881s
Mathlib.Analysis.NormedSpace.Int,0m1.713s,0m1.712s
Mathlib.Analysis.Normed.Field.UnitBall,0m3.892s,0m3.663s
Mathlib.Analysis.Normed.Module.Basic,0m5.318s,0m5.137s
Mathlib.NumberTheory.Pell,0m3.446s,0m3.278s
Mathlib.Topology.ContinuousMap.Polynomial,0m2.536s,0m2.509s
Mathlib.NumberTheory.Padics.PadicNumbers,0m6.653s,0m6.711s
Mathlib.Analysis.Normed.Field.Ultra,0m2.088s,0m1.976s
Mathlib.RingTheory.Regular.Flat,0m2.432s,0m2.198s
Mathlib.Analysis.NormedSpace.FunctionSeries,0m1.682s,0m1.702s
Mathlib.Combinatorics.Additive.VerySmallDoubling,0m10.451s,0m10.592s
Mathlib.Analysis.Normed.Group.SemiNormedGrp.Completion,0m2.425s,0m2.306s
Mathlib.Topology.Connected.PathComponentOne,0m1.709s,0m1.700s
Mathlib.Topology.ContinuousMap.Bounded.Basic,0m5.354s,0m5.303s
Mathlib.MeasureTheory.OuterMeasure.BorelCantelli,0m1.798s,0m1.823s
Mathlib.Algebra.Category.ContinuousCohomology.Basic,0m20.281s,0m14.260s
Mathlib.Analysis.Convex.Quasiconvex,0m2.618s,0m2.605s
Mathlib.Analysis.Asymptotics.SuperpolynomialDecay,0m2.505s,0m2.486s
Mathlib.Geometry.Manifold.ChartedSpace,0m3.573s,0m3.446s
Mathlib.Analysis.Convex.StdSimplex,0m3.491s,0m3.464s
Mathlib.Order.Filter.ZeroAndBoundedAtFilter,0m2.148s,0m2.089s
Mathlib.Topology.Homotopy.Product,0m2.199s,0m2.100s
Mathlib.AlgebraicTopology.DoldKan.PInfty,0m2.448s,0m2.209s
Mathlib.Topology.Homotopy.Affine,0m2.107s,0m1.773s
Mathlib.Topology.Homotopy.Contractible,0m1.998s,0m1.779s
Mathlib.Analysis.SpecificLimits.Basic,0m3.730s,0m3.585s
Mathlib.CategoryTheory.Abelian.LeftDerived,0m3.369s,0m3.191s
Mathlib.Algebra.Homology.Embedding.Extend,0m2.858s,0m2.835s
Mathlib.CategoryTheory.Abelian.RightDerived,0m3.345s,0m3.160s
Mathlib.AlgebraicTopology.FundamentalGroupoid.Basic,0m6.150s,0m5.832s
Mathlib.RingTheory.Kaehler.TensorProduct,0m12.375s,0m11.685s
Mathlib.Algebra.Homology.HomotopyCategory.HomComplexSingle,0m2.488s,0m2.103s
Mathlib.Algebra.Category.ModuleCat.Differentials.Basic,0m3.188s,0m2.955s
Mathlib.CategoryTheory.Triangulated.Yoneda,0m2.598s,0m2.516s
Mathlib.Analysis.Convex.Visible,0m4.712s,0m4.428s
Mathlib.Analysis.Convex.BetweenList,0m3.905s,0m3.672s
Mathlib.LinearAlgebra.Matrix.Charpoly.Univ,0m2.238s,0m2.091s
Mathlib.LinearAlgebra.Matrix.Charpoly.LinearMap,0m3.037s,0m3.009s
Mathlib.Algebra.Homology.HomotopyCategory.HomComplexCohomology,0m4.752s,0m4.538s
Mathlib.RingTheory.Kaehler.Polynomial,0m16.884s,0m8.933s
Mathlib.LinearAlgebra.BilinearForm.Orthogonal,0m3.413s,0m3.421s
Mathlib.Algebra.Homology.BifunctorShift,0m4.938s,0m4.356s
Mathlib.Topology.Algebra.Module.Determinant,0m2.049s,0m1.909s
Mathlib.CategoryTheory.Triangulated.Opposite.Functor,0m6.629s,0m6.310s
Mathlib.LinearAlgebra.Matrix.Gershgorin,0m2.198s,0m2.189s
Mathlib.Algebra.QuadraticAlgebra.NormDeterminant,0m2.237s,0m2.181s
Mathlib.LinearAlgebra.BilinearForm.DualLattice,0m3.787s,0m3.694s
Mathlib.LinearAlgebra.Complex.Determinant,0m1.890s,0m1.809s
Mathlib.LinearAlgebra.FreeModule.Finite.CardQuotient,0m2.515s,0m2.595s
Mathlib.LinearAlgebra.FreeModule.Determinant,0m1.810s,0m1.827s
Mathlib.RingTheory.Polynomial.DegreeLT,0m2.914s,0m2.855s
Mathlib.RingTheory.Norm.Defs,0m2.000s,0m2.051s
Mathlib.LinearAlgebra.Orientation,0m3.832s,0m3.834s
Mathlib.LinearAlgebra.Coevaluation,0m3.018s,0m2.832s
Mathlib.LinearAlgebra.Matrix.Rank,0m3.955s,0m3.867s
Mathlib.Algebra.Lie.Solvable,0m3.349s,0m3.207s
Mathlib.LinearAlgebra.Trace,0m4.298s,0m4.113s
Mathlib.Algebra.Homology.HomotopyCategory.Pretriangulated,0m12.990s,0m12.890s
Mathlib.Algebra.Lie.SkewAdjoint,0m3.168s,0m3.078s
Mathlib.LinearAlgebra.PerfectPairing.Matrix,0m1.897s,0m1.816s
Mathlib.LinearAlgebra.Matrix.BilinearForm,0m4.717s,0m4.760s
Mathlib.RepresentationTheory.Basic,0m5.929s,0m5.917s
Mathlib.RingTheory.Coalgebra.GroupLike,0m2.720s,0m2.749s
Mathlib.CategoryTheory.Abelian.GrothendieckCategory.ModuleEmbedding.GabrielPopescu,0m3.133s,0m3.130s
Mathlib.CategoryTheory.Abelian.FreydMitchell,0m1.924s,0m1.897s
Mathlib.Topology.Sheaves.PUnit,0m1.597s,0m1.611s
Mathlib.RingTheory.Localization.Free,0m3.584s,0m3.582s
Mathlib.LinearAlgebra.PerfectPairing.Restrict,0m5.171s,0m5.208s
Mathlib.RingTheory.Support,0m3.424s,0m3.315s
Mathlib.Topology.Sheaves.Functors,0m2.761s,0m2.873s
Mathlib.Topology.Sheaves.SheafCondition.OpensLeCover,0m2.509s,0m2.495s
Mathlib.CategoryTheory.Sites.DenseSubsite.InducedTopology,0m1.809s,0m1.780s
Mathlib.CategoryTheory.Sites.ConstantSheaf,0m2.244s,0m2.197s
Mathlib.LinearAlgebra.RootSystem.Defs,0m5.885s,0m5.920s
Mathlib.Data.Complex.Trigonometric,0m1.574s,0m1.742s
Mathlib.RingTheory.Generators,0m1.693s,0m1.687s
Mathlib.Analysis.SpecialFunctions.Trigonometric.Chebyshev,0m2.424s,0m2.526s
Mathlib.Analysis.Normed.Module.Span,0m2.751s,0m2.666s
Mathlib.Analysis.Asymptotics.Theta,0m2.814s,0m2.879s
Mathlib.LinearAlgebra.QuadraticForm.Basic,0m10.949s,0m11.300s
Mathlib.Algebra.Category.ModuleCat.Presheaf.Sheafify,0m5.925s,0m5.745s
Mathlib.RingTheory.Extension.Presentation.Basic,0m5.060s,0m5.012s
Mathlib.Topology.Algebra.Module.TransferInstance,0m1.694s,0m1.800s
Mathlib.Analysis.Normed.Module.TransferInstance,0m1.816s,0m1.830s
Mathlib.Analysis.CStarAlgebra.Basic,0m3.329s,0m3.337s
Mathlib.Analysis.Normed.Affine.AddTorsor,0m2.946s,0m3.017s
Mathlib.Analysis.LocallyConvex.Basic,0m3.419s,0m3.794s
Mathlib.Analysis.Normed.Module.ENormedSpace,0m2.912s,0m3.067s
Mathlib.Analysis.Normed.Operator.Conformal,0m2.204s,0m2.443s
Mathlib.Analysis.Normed.Module.Ball.RadialEquiv,0m2.710s,0m3.447s
Mathlib.Analysis.Normed.Module.RCLike.Real,0m2.129s,0m2.513s
Mathlib.NumberTheory.Harmonic.Int,0m1.714s,0m1.835s
Mathlib.Analysis.Normed.Algebra.Ultra,0m1.699s,0m1.793s
Mathlib.Topology.ContinuousMap.Bounded.ArzelaAscoli,0m2.011s,0m2.024s
Mathlib.Analysis.Normed.Affine.Isometry,0m8.036s,0m8.251s
Mathlib.Analysis.LocallyConvex.Polar,0m4.533s,0m4.644s
Mathlib.Geometry.Manifold.LocalInvariantProperties,0m2.789s,0m2.829s
Mathlib.AlgebraicTopology.TopologicalSimplex,0m2.088s,0m2.144s
Mathlib.Analysis.Normed.Module.Ball.Action,0m10.875s,0m10.867s
Mathlib.NumberTheory.Padics.PadicIntegers,0m4.072s,0m4.110s
Mathlib.Analysis.Convex.Topology,0m3.127s,0m3.335s
Mathlib.AlgebraicTopology.DoldKan.FunctorN,0m2.003s,0m2.002s
Mathlib.Analysis.Convex.Contractible,0m1.802s,0m1.779s
Mathlib.AlgebraicTopology.DoldKan.Decomposition,0m1.980s,0m2.002s
Mathlib.Topology.Homotopy.LocallyContractible,0m1.796s,0m1.788s
Mathlib.AlgebraicTopology.DoldKan.FunctorGamma,0m2.921s,0m3.043s
Mathlib.Analysis.Normed.Field.ProperSpace,0m1.904s,0m1.927s
Mathlib.Analysis.Normed.Group.Completeness,0m1.802s,0m1.903s
Mathlib.Analysis.BoxIntegral.Box.SubboxInduction,0m2.002s,0m2.009s
Mathlib.MeasureTheory.OuterMeasure.OfFunction,0m2.414s,0m2.409s
Mathlib.Analysis.Calculus.TangentCone.Basic,0m3.004s,0m3.020s
Mathlib.Analysis.Real.Cardinality,0m2.089s,0m2.105s
Mathlib.Topology.MetricSpace.Contracting,0m2.179s,0m2.189s
Mathlib.Analysis.Hofer,0m2.281s,0m2.299s
Mathlib.Analysis.Real.Hyperreal,0m3.021s,0m2.819s
Mathlib.Dynamics.Circle.RotationNumber.TranslationNumber,0m3.352s,0m3.220s
Mathlib.Topology.Baire.CompleteMetrizable,0m2.028s,0m1.983s
Mathlib.Analysis.Calculus.TangentCone.Prod,0m2.232s,0m2.209s
Mathlib.Analysis.SpecificLimits.ArithmeticGeometric,0m2.302s,0m2.197s
Mathlib.CategoryTheory.Monoidal.Tor,0m1.704s,0m1.778s
Mathlib.Topology.MetricSpace.HausdorffDistance,0m2.713s,0m2.698s
Mathlib.Analysis.SpecificLimits.Normed,0m5.776s,0m5.891s
Mathlib.CategoryTheory.Abelian.Ext,0m1.988s,0m1.996s
Mathlib.Algebra.Homology.Embedding.HomEquiv,0m2.198s,0m2.191s
Mathlib.Analysis.Asymptotics.LinearGrowth,0m3.655s,0m3.675s
Mathlib.Algebra.Homology.Embedding.StupidTrunc,0m1.793s,0m1.779s
Mathlib.AlgebraicTopology.FundamentalGroupoid.PUnit,0m1.814s,0m1.792s
Mathlib.Algebra.Homology.Embedding.ExtendHomotopy,0m2.407s,0m2.421s
Mathlib.AlgebraicTopology.FundamentalGroupoid.Product,0m2.187s,0m2.198s
Mathlib.AlgebraicTopology.FundamentalGroupoid.FundamentalGroup,0m1.800s,0m1.800s
Mathlib.LinearAlgebra.Complex.Orientation,0m1.782s,0m1.815s
Mathlib.Algebra.Homology.Embedding.ExtendHomology,0m3.473s,0m3.558s
Mathlib.CategoryTheory.Triangulated.Adjunction,0m2.706s,0m2.780s
Mathlib.LinearAlgebra.Matrix.GeneralLinearGroup.Card,0m2.730s,0m2.707s
Mathlib.RingTheory.IntegralClosure.Algebra.Basic,0m3.552s,0m3.520s
Mathlib.Algebra.Lie.Character,0m1.926s,0m1.886s
Mathlib.Algebra.Category.FGModuleCat.Basic,0m3.680s,0m3.674s
Mathlib.Algebra.Lie.Semisimple.Defs,0m2.077s,0m2.037s
Mathlib.Combinatorics.Configuration,0m2.937s,0m2.976s
Mathlib.Algebra.Category.ModuleCat.Differentials.Presheaf,0m5.020s,0m4.841s
Mathlib.LinearAlgebra.PID,0m2.193s,0m2.108s
Mathlib.Algebra.DirectSum.LinearMap,0m3.157s,0m3.251s
Mathlib.RingTheory.Trace.Defs,0m2.971s,0m2.840s
Mathlib.Algebra.Homology.HomotopyCategory.DegreewiseSplit,0m3.647s,0m3.660s
Mathlib.Algebra.Homology.HomotopyCategory.Triangulated,0m4.615s,0m4.504s
Mathlib.RepresentationTheory.Subrepresentation,0m2.202s,0m2.255s
Mathlib.RepresentationTheory.Submodule,0m3.344s,0m3.318s
Mathlib.Algebra.Lie.Classical,0m4.599s,0m4.566s
Mathlib.RingTheory.Bialgebra.GroupLike,0m2.001s,0m2.002s
Mathlib.Algebra.Lie.Nilpotent,0m5.928s,0m5.693s
Mathlib.Topology.Sheaves.Alexandrov,0m2.416s,0m2.479s
Mathlib.CategoryTheory.Sites.Coherent.SheafComparison,0m2.435s,0m2.175s
Mathlib.RingTheory.Ideal.AssociatedPrime.Localization,0m2.969s,0m2.832s
Mathlib.CategoryTheory.Sites.Equivalence,0m2.850s,0m2.849s
Mathlib.CategoryTheory.Sites.GlobalSections,0m2.086s,0m2.066s
Mathlib.Topology.Sheaves.SheafCondition.PairwiseIntersections,0m4.469s,0m4.263s
Mathlib.Analysis.Asymptotics.Completion,0m2.346s,0m1.789s
Mathlib.LinearAlgebra.RootSystem.OfBilinear,0m4.732s,0m3.062s
Mathlib.LinearAlgebra.RootSystem.IsValuedIn,0m3.906s,0m3.559s
Mathlib.Analysis.Asymptotics.AsymptoticEquivalent,0m3.085s,0m2.748s
Mathlib.LinearAlgebra.QuadraticForm.Isometry,0m2.705s,0m2.287s
Mathlib.LinearAlgebra.QuadraticForm.Basis,0m3.348s,0m2.616s
Mathlib.LinearAlgebra.Matrix.PosDef,0m3.656s,0m3.120s
Mathlib.RingTheory.Presentation,0m2.289s,0m1.683s
Mathlib.Algebra.Category.ModuleCat.Presheaf.Sheafification,0m4.050s,0m3.598s
Mathlib.RepresentationTheory.Rep,0m13.182s,0m11.431s
Mathlib.Analysis.Normed.Module.Shrink,0m1.818s,0m1.717s
Mathlib.RingTheory.Extension.Presentation.Submersive,0m4.040s,0m3.710s
Mathlib.RingTheory.LocalRing.Module,0m14.266s,0m12.430s
Mathlib.LinearAlgebra.QuadraticForm.TensorProduct,0m8.005s,0m6.347s
Mathlib.RingTheory.Extension.Presentation.Core,0m5.084s,0m4.229s
Mathlib.Topology.UrysohnsLemma,0m2.937s,0m2.495s
Mathlib.Analysis.NormedSpace.ENormedSpace,0m1.819s,0m1.678s
Mathlib.Analysis.NormedSpace.ConformalLinearMap,0m1.815s,0m1.690s
Mathlib.Analysis.NormedSpace.SphereNormEquiv,0m2.284s,0m1.591s
Mathlib.Analysis.LocallyConvex.BalancedCoreHull,0m2.841s,0m2.516s
Mathlib.Analysis.Normed.Module.Ray,0m2.219s,0m2.102s
Mathlib.Analysis.NormedSpace.Real,0m1.817s,0m1.609s
Mathlib.Analysis.Normed.Affine.MazurUlam,0m2.629s,0m2.335s
Mathlib.Topology.Algebra.Module.StrongDual,0m1.810s,0m1.667s
Mathlib.AlgebraicTopology.SingularSet,0m2.329s,0m2.160s
Mathlib.Analysis.NormedSpace.BallAction,0m1.817s,0m1.592s
Mathlib.Analysis.RCLike.Basic,0m8.501s,0m8.064s
Mathlib.RingTheory.DividedPowers.Padic,0m3.028s,0m2.751s
Mathlib.Topology.CWComplex.Classical.Basic,0m6.934s,0m6.518s
Mathlib.NumberTheory.Padics.RingHoms,0m4.477s,0m4.063s
Mathlib.Topology.Algebra.Module.LocallyConvex,0m3.342s,0m3.013s
Mathlib.AlgebraicTopology.DoldKan.NReflectsIso,0m2.211s,0m2.004s
Mathlib.Topology.Algebra.AsymptoticCone,0m3.628s,0m3.356s
Mathlib.RingTheory.Extension.Cotangent.Basic,0m15.798s,0m13.707s
Mathlib.AlgebraicTopology.DoldKan.Normalized,0m2.618s,0m2.204s
Mathlib.Analysis.BoxIntegral.Partition.SubboxInduction,0m2.133s,0m1.916s
Mathlib.MeasureTheory.OuterMeasure.Caratheodory,0m2.450s,0m1.998s
Mathlib.Analysis.Seminorm,0m12.890s,0m11.051s
Mathlib.AlgebraicTopology.DoldKan.Degeneracies,0m2.552s,0m2.222s
Mathlib.Analysis.Calculus.TangentCone.Pi,0m2.352s,0m2.097s
Mathlib.NumberTheory.Padics.Hensel,0m8.872s,0m8.179s
Mathlib.Analysis.Calculus.TangentCone.Real,0m2.429s,0m2.243s
Mathlib.Analysis.Calculus.TangentCone.DimOne,0m2.118s,0m1.994s
Mathlib.Data.Real.Cardinality,0m1.830s,0m1.683s
Mathlib.Algebra.ArithmeticGeometric,0m1.806s,0m1.672s
Mathlib.Analysis.Complex.Cardinality,0m1.909s,0m1.699s
Mathlib.Data.Real.Hyperreal,0m1.805s,0m1.675s
Mathlib.NumberTheory.EulerProduct.Basic,0m2.492s,0m2.382s
Mathlib.Topology.Algebra.Module.PerfectSpace,0m2.103s,0m1.967s
Mathlib.Analysis.SpecificLimits.Fibonacci,0m2.418s,0m2.302s
Mathlib.Analysis.Real.OfDigits,0m3.024s,0m2.741s
Mathlib.Analysis.Normed.Group.ControlledClosure,0m2.948s,0m2.743s
Mathlib.NumberTheory.TsumDivsorsAntidiagonal,0m2.824s,0m2.591s
Mathlib.Analysis.Normed.Ring.Units,0m2.766s,0m2.407s
Mathlib.Topology.GDelta.MetrizableSpace,0m1.918s,0m1.871s
Mathlib.Topology.MetricSpace.Closeds,0m2.832s,0m2.596s
Mathlib.Algebra.Homology.LocalCohomology,0m2.509s,0m2.301s
Mathlib.Topology.MetricSpace.Thickening,0m3.021s,0m2.811s
Mathlib.Analysis.Convex.Body,0m3.933s,0m3.717s
Mathlib.AlgebraicTopology.FundamentalGroupoid.InducedMaps,0m2.952s,0m2.705s
Mathlib.Topology.MetricSpace.PiNat,0m3.934s,0m3.631s
Mathlib.Analysis.Normed.Group.Quotient,0m5.055s,0m4.672s
Mathlib.Algebra.Homology.Embedding.TruncGE,0m3.235s,0m2.951s
Mathlib.LinearAlgebra.Eigenspace.Minpoly,0m2.756s,0m2.492s
Mathlib.Algebra.Category.FGModuleCat.EssentiallySmall,0m2.327s,0m2.172s
Mathlib.Algebra.Category.FGModuleCat.Limits,0m2.108s,0m2.003s
Mathlib.Algebra.Category.FGModuleCat.Colimits,0m2.107s,0m1.993s
Mathlib.Algebra.Lie.Semisimple.Basic,0m2.640s,0m2.361s
Mathlib.RingTheory.Complex,0m1.996s,0m1.863s
Mathlib.RingTheory.NormTrace,0m2.192s,0m2.046s
Mathlib.Algebra.Lie.InvariantForm,0m3.421s,0m2.970s
Mathlib.RingTheory.IntegralClosure.IsIntegralClosure.Basic,0m4.617s,0m4.265s
Mathlib.Algebra.Homology.HomotopyCategory.HomologicalFunctor,0m1.915s,0m1.808s
Mathlib.RingTheory.HopfAlgebra.GroupLike,0m2.119s,0m1.902s
Mathlib.Algebra.Lie.CartanSubalgebra,0m2.107s,0m1.881s
Mathlib.CategoryTheory.Sites.Coherent.LocallySurjective,0m2.201s,0m2.023s
Mathlib.CategoryTheory.Sites.Coherent.Equivalence,0m2.085s,0m1.905s
Mathlib.CategoryTheory.Abelian.GrothendieckAxioms.Sheaf,0m1.786s,0m1.708s
Mathlib.Topology.Homotopy.HomotopyGroup,0m8.152s,0m7.598s
Mathlib.Algebra.Lie.Engel,0m3.845s,0m3.528s
Mathlib.RingTheory.Regular.Depth,0m3.782s,0m3.452s
Mathlib.CategoryTheory.Sites.Monoidal,0m2.498s,0m2.307s
Mathlib.Topology.Sheaves.SheafCondition.UniqueGluing,0m2.192s,0m2.006s
Mathlib.Analysis.SpecialFunctions.Choose,0m2.106s,0m1.895s
Mathlib.Combinatorics.SimpleGraph.Extremal.TuranDensity,0m2.193s,0m2.014s
Mathlib.LinearAlgebra.RootSystem.BaseChange,0m4.233s,0m3.847s
Mathlib.LinearAlgebra.RootSystem.Reduced,0m3.819s,0m3.563s
Mathlib.LinearAlgebra.QuadraticForm.IsometryEquiv,0m3.047s,0m2.697s
Mathlib.LinearAlgebra.RootSystem.RootPositive,0m4.253s,0m3.841s
Mathlib.LinearAlgebra.SesquilinearForm.Star,0m2.304s,0m2.095s
Mathlib.Topology.Sheaves.SheafCondition.EqualizerProducts,0m5.784s,0m5.025s
Mathlib.RingTheory.LinearDisjoint,0m10.429s,0m8.768s
Mathlib.Algebra.Category.ModuleCat.Sheaf.Abelian,0m2.051s,0m1.802s
Mathlib.Algebra.Category.ModuleCat.Sheaf.Colimits,0m4.136s,0m2.562s
Mathlib.RingTheory.Smooth.StandardSmooth,0m2.233s,0m2.096s
Mathlib.Topology.Metrizable.Urysohn,0m2.205s,0m2.098s
Mathlib.Algebra.Category.ModuleCat.Sheaf.PullbackContinuous,0m5.508s,0m4.413s
Mathlib.RepresentationTheory.Homological.Resolution,0m5.468s,0m5.054s
Mathlib.Topology.PartitionOfUnity,0m3.878s,0m3.349s
Mathlib.Topology.Category.CompHaus.Basic,0m2.713s,0m2.408s
Mathlib.Topology.UrysohnsBounded,0m2.074s,0m1.921s
Mathlib.Analysis.Normed.Module.Extr,0m2.053s,0m1.784s
Mathlib.Topology.Separation.CompletelyRegular,0m3.881s,0m3.607s
Mathlib.RepresentationTheory.Coinduced,0m7.301s,0m6.252s
Mathlib.AlgebraicTopology.SingularHomology.Basic,0m2.227s,0m2.004s
Mathlib.Analysis.SpecificLimits.RCLike,0m2.003s,0m1.923s
Mathlib.RingTheory.PicardGroup,0m8.466s,0m7.756s
Mathlib.RingTheory.HahnSeries.HahnEmbedding,0m2.990s,0m2.738s
Mathlib.Analysis.RCLike.Extend,0m3.273s,0m2.904s
Mathlib.RepresentationTheory.Coinvariants,0m10.030s,0m9.040s
Mathlib.RingTheory.PowerSeries.Restricted,0m4.120s,0m3.679s
Mathlib.Analysis.ConstantSpeed,0m2.252s,0m2.101s
Mathlib.Analysis.Normed.Group.Tannery,0m2.265s,0m2.117s
Mathlib.Dynamics.BirkhoffSum.NormedSpace,0m2.367s,0m2.077s
Mathlib.Analysis.Complex.Basic,0m5.806s,0m5.269s
Mathlib.Analysis.Normed.Module.Normalize,0m2.238s,0m1.989s
Mathlib.NumberTheory.Padics.ProperSpace,0m2.050s,0m1.879s
Mathlib.Topology.CWComplex.Classical.Finite,0m2.580s,0m2.316s
Mathlib.Topology.ContinuousMap.LocallyConvex,0m1.804s,0m1.713s
Mathlib.Analysis.Convex.TotallyBounded,0m1.929s,0m1.773s
Mathlib.RingTheory.Kaehler.CotangentComplex,0m1.871s,0m1.779s
Mathlib.AlgebraicTopology.DoldKan.HomotopyEquivalence,0m1.939s,0m1.884s
Mathlib.Algebra.Module.Presentation.Differentials,0m3.359s,0m3.008s
Mathlib.Topology.Algebra.Module.FiniteDimension,0m9.691s,0m8.839s
Mathlib.Analysis.BoxIntegral.Partition.Filter,0m2.752s,0m2.489s
Mathlib.RingTheory.Extension.Cotangent.Free,0m4.300s,0m3.681s
Mathlib.Analysis.Normed.Module.RieszLemma,0m2.558s,0m2.244s
Mathlib.MeasureTheory.OuterMeasure.Induced,0m2.764s,0m2.501s
Mathlib.Analysis.Calculus.TangentCone.ProperSpace,0m2.337s,0m1.997s
Mathlib.Analysis.RCLike.TangentCone,0m2.115s,0m1.886s
Mathlib.LinearAlgebra.Complex.FiniteDimensional,0m2.125s,0m1.918s
Mathlib.Analysis.LocallyConvex.Bounded,0m4.501s,0m3.997s
Mathlib.Analysis.Convex.EGauge,0m4.187s,0m3.290s
Mathlib.AlgebraicTopology.DoldKan.SplitSimplicialObject,0m3.017s,0m2.539s
Mathlib.Data.Complex.Cardinality,0m1.836s,0m1.702s
Mathlib.Topology.GDelta.UniformSpace,0m1.850s,0m1.704s
Mathlib.Topology.ContinuousMap.Units,0m2.496s,0m2.101s
Mathlib.Topology.MetricSpace.Cover,0m2.272s,0m2.000s
Mathlib.Analysis.Normed.Group.Pointwise,0m3.887s,0m3.453s
Mathlib.AlgebraicTopology.FundamentalGroupoid.SimplyConnected,0m2.183s,0m1.899s
Mathlib.Topology.MetricSpace.ThickenedIndicator,0m2.949s,0m2.683s
Mathlib.Topology.MetricSpace.CantorScheme,0m2.059s,0m1.910s
Mathlib.Topology.Instances.CantorSet,0m4.843s,0m4.286s
Mathlib.Topology.MetricSpace.Polish,0m2.647s,0m2.381s
Mathlib.Algebra.Homology.Embedding.TruncGEHomology,0m2.566s,0m2.319s
Mathlib.Analysis.Normed.Group.SemiNormedGrp.Kernels,0m3.298s,0m3.142s
Mathlib.Algebra.Homology.Embedding.TruncLE,0m3.179s,0m2.840s
Mathlib.RingTheory.Kaehler.JacobiZariski,0m16.067s,0m9.383s
Mathlib.Algebra.Homology.HomotopyCategory.ShortExact,0m3.560s,0m3.109s
Mathlib.RingTheory.Valuation.AlgebraInstances,0m4.463s,0m3.851s
Mathlib.RingTheory.NoetherNormalization,0m4.518s,0m3.983s
Mathlib.Algebra.Homology.HomotopyCategory.Acyclic,0m1.828s,0m1.713s
Mathlib.RingTheory.Smooth.Kaehler,0m16.788s,0m16.437s
Mathlib.Algebra.Category.FGModuleCat.Abelian,0m7.516s,0m6.411s
Mathlib.Topology.Sheaves.SheafOfFunctions,0m1.927s,0m1.598s
Mathlib.CategoryTheory.Sites.Coherent.SequentialLimit,0m2.464s,0m2.236s
Mathlib.Algebra.Lie.EngelSubalgebra,0m2.570s,0m2.405s
Mathlib.LinearAlgebra.QuadraticForm.Real,0m3.265s,0m2.819s
Mathlib.RingTheory.Algebraic.Integral,0m8.828s,0m7.731s
Mathlib.LinearAlgebra.QuadraticForm.QuadraticModuleCat,0m2.752s,0m2.485s
Mathlib.LinearAlgebra.QuadraticForm.Prod,0m4.080s,0m3.653s
Mathlib.Algebra.Category.ModuleCat.Sheaf.Free,0m2.537s,0m2.183s
Mathlib.RingTheory.RingHom.StandardSmooth,0m2.461s,0m2.188s
Mathlib.LinearAlgebra.CliffordAlgebra.Basic,0m5.754s,0m5.253s
Mathlib.Topology.Sheaves.Stalks,0m5.850s,0m5.398s
Mathlib.LinearAlgebra.QuadraticForm.TensorProduct.Isometries,0m6.230s,0m5.715s
Mathlib.RepresentationTheory.GroupCohomology.Resolution,0m2.031s,0m1.907s
Mathlib.Topology.Category.CompHaus.Frm,0m2.040s,0m1.893s
Mathlib.Topology.Category.CompHaus.Projective,0m2.045s,0m1.927s
Mathlib.Topology.Category.CompHaus.Limits,0m2.051s,0m1.908s
Mathlib.Analysis.Convex.PartitionOfUnity,0m2.195s,0m1.986s
Mathlib.Topology.Compactness.CompactlyGeneratedSpace,0m2.410s,0m2.213s
Mathlib.Topology.Category.Profinite.Basic,0m2.789s,0m2.589s
Mathlib.Analysis.NormedSpace.Extr,0m1.861s,0m1.684s
Mathlib.LinearAlgebra.RootSystem.Finite.CanonicalBilinear,0m5.462s,0m4.809s
Mathlib.Topology.Separation.Lemmas,0m2.073s,0m1.791s
Mathlib.RepresentationTheory.Homological.GroupCohomology.Basic,0m5.236s,0m4.766s
Mathlib.Analysis.Complex.HalfPlane,0m1.924s,0m1.901s
Mathlib.Analysis.Complex.Spectrum,0m2.222s,0m2.011s
Mathlib.Analysis.Complex.UpperHalfPlane.Basic,0m2.557s,0m2.507s
Mathlib.RepresentationTheory.Homological.FiniteCyclic,0m3.813s,0m3.658s
Mathlib.Analysis.Complex.ReImTopology,0m2.121s,0m2.093s
Mathlib.RepresentationTheory.Homological.GroupHomology.Basic,0m4.559s,0m4.077s
Mathlib.Analysis.Complex.Asymptotics,0m2.021s,0m1.916s
Mathlib.Analysis.NormedSpace.Normalize,0m1.701s,0m1.677s
Mathlib.Analysis.NormedSpace.RieszLemma,0m1.793s,0m1.689s
Mathlib.Analysis.Complex.AbelLimit,0m4.005s,0m3.809s
Mathlib.Topology.CWComplex.Classical.Subcomplex,0m2.194s,0m2.209s
Mathlib.Analysis.Calculus.TangentCone,0m1.825s,0m1.677s
Mathlib.MeasureTheory.Measure.AddContent,0m2.391s,0m2.377s
Mathlib.Data.Complex.FiniteDimensional,0m1.727s,0m1.768s
Mathlib.MeasureTheory.Measure.MeasureSpaceDef,0m2.747s,0m2.687s
Mathlib.Topology.Instances.Complex,0m2.522s,0m2.413s
Mathlib.Analysis.LocallyConvex.AbsConvex,0m2.724s,0m2.704s
Mathlib.Topology.Algebra.Module.Multilinear.Bounded,0m2.564s,0m2.498s
Mathlib.Analysis.LocallyConvex.ContinuousOfBounded,0m3.275s,0m3.177s
Mathlib.Topology.Algebra.Module.UniformConvergence,0m2.282s,0m2.317s
Mathlib.Analysis.CStarAlgebra.Classes,0m8.108s,0m7.632s
Mathlib.AlgebraicTopology.DoldKan.GammaCompN,0m2.742s,0m2.604s
Mathlib.Analysis.Normed.Order.UpperLower,0m2.443s,0m2.309s
Mathlib.Analysis.Normed.Module.Convex,0m2.975s,0m2.701s
Mathlib.Topology.MetricSpace.Perfect,0m2.000s,0m1.902s
Mathlib.Topology.MetricSpace.HausdorffAlexandroff,0m2.032s,0m1.914s
Mathlib.Analysis.Normed.Module.Ball.Pointwise,0m3.666s,0m3.426s
Mathlib.Algebra.Homology.Embedding.TruncLEHomology,0m2.021s,0m1.897s
Mathlib.Topology.Homotopy.Lifting,0m3.590s,0m3.392s
Mathlib.Analysis.LocallyConvex.WithSeminorms,0m7.099s,0m6.319s
Mathlib.Algebra.Homology.DerivedCategory.Basic,0m2.484s,0m2.197s
Mathlib.FieldTheory.Minpoly.Field,0m3.049s,0m2.802s
Mathlib.RingTheory.Localization.Integral,0m3.126s,0m3.041s
Mathlib.FieldTheory.IntermediateField.Algebraic,0m4.619s,0m3.904s
Mathlib.LinearAlgebra.QuadraticForm.Dual,0m3.283s,0m2.929s
Mathlib.RepresentationTheory.Induced,0m16.354s,0m14.972s
Mathlib.LinearAlgebra.CliffordAlgebra.CategoryTheory,0m2.039s,0m1.928s
Mathlib.Analysis.Asymptotics.TVS,0m8.797s,0m8.131s
Mathlib.Algebra.Category.ModuleCat.Sheaf.PullbackFree,0m3.044s,0m2.835s
Mathlib.Algebra.Category.ModuleCat.Sheaf.Generators,0m2.769s,0m2.627s
Mathlib.Topology.Sheaves.LocalPredicate,0m2.445s,0m2.280s
Mathlib.Topology.Sheaves.LocallySurjective,0m1.814s,0m1.687s
Mathlib.Topology.Sheaves.Skyscraper,0m3.683s,0m3.339s
Mathlib.Geometry.RingedSpace.Stalks,0m3.207s,0m2.817s
Mathlib.LinearAlgebra.ExteriorAlgebra.Basic,0m5.024s,0m4.580s
Mathlib.Topology.Sheaves.CommRingCat,0m4.412s,0m3.961s
Mathlib.LinearAlgebra.CliffordAlgebra.Grading,0m6.087s,0m3.607s
Mathlib.Topology.Category.Locale,0m2.042s,0m1.881s
Mathlib.Topology.Category.CompHaus.EffectiveEpi,0m2.233s,0m2.004s
Mathlib.Topology.MetricSpace.PartitionOfUnity,0m2.578s,0m2.010s
Mathlib.Topology.Maps.Proper.CompactlyGenerated,0m2.083s,0m1.886s
Mathlib.Topology.Category.CompactlyGenerated,0m2.035s,0m1.893s
Mathlib.Topology.Category.Stonean.Basic,0m2.215s,0m2.070s
Mathlib.Topology.Category.Profinite.Projective,0m2.120s,0m1.905s
Mathlib.Topology.Category.Compactum,0m2.639s,0m2.384s
Mathlib.Topology.Category.Profinite.Product,0m2.363s,0m2.078s
Mathlib.Topology.Category.Profinite.CofilteredLimit,0m3.101s,0m2.733s
Mathlib.LinearAlgebra.QuadraticForm.QuadraticModuleCat.Monoidal,0m5.510s,0m4.796s
Mathlib.Topology.Category.Profinite.AsLimit,0m2.151s,0m1.986s
Mathlib.Topology.Category.Profinite.Limits,0m2.057s,0m1.904s
Mathlib.RepresentationTheory.GroupCohomology.Basic,0m2.036s,0m1.899s
Mathlib.Analysis.Complex.IntegerCompl,0m2.106s,0m1.899s
Mathlib.Analysis.Complex.Convex,0m2.821s,0m2.509s
Mathlib.MeasureTheory.Function.AEMeasurableSequence,0m2.052s,0m1.913s
Mathlib.LinearAlgebra.RootSystem.Finite.Nondegenerate,0m3.979s,0m3.667s
Mathlib.Topology.Algebra.Category.ProfiniteGrp.Basic,0m6.273s,0m5.743s
Mathlib.FieldTheory.RatFunc.Basic,0m15.866s,0m14.248s
Mathlib.Analysis.SpecialFunctions.Exp,0m2.931s,0m2.729s
Mathlib.MeasureTheory.Measure.AEDisjoint,0m2.144s,0m1.904s
Mathlib.Analysis.Complex.UpperHalfPlane.MoebiusAction,0m4.884s,0m4.407s
Mathlib.Topology.Algebra.Module.Cardinality,0m2.648s,0m2.322s
Mathlib.AlgebraicTopology.DoldKan.NCompGamma,0m2.786s,0m2.431s
Mathlib.Analysis.Convex.StrictConvexSpace,0m2.644s,0m2.407s
Mathlib.Analysis.NormedSpace.Pointwise,0m1.850s,0m1.679s
Mathlib.Analysis.Normed.Group.AddCircle,0m3.400s,0m3.017s
Mathlib.Topology.Algebra.Module.Multilinear.Topology,0m5.368s,0m4.861s
Mathlib.Analysis.Normed.Module.Ball.Homeomorph,0m3.415s,0m3.063s
Mathlib.Algebra.Homology.Embedding.AreComplementary,0m2.143s,0m2.019s
Mathlib.Topology.Compactness.DeltaGeneratedSpace,0m2.385s,0m2.221s
Mathlib.Analysis.Convex.Side,0m6.447s,0m5.775s
Mathlib.Analysis.LocallyConvex.WeakDual,0m3.496s,0m3.111s
Mathlib.Analysis.Convex.Gauge,0m5.322s,0m4.769s
Mathlib.Analysis.LocallyConvex.Barrelled,0m2.694s,0m2.530s
Mathlib.Algebra.Homology.DerivedCategory.ShortExact,0m2.071s,0m1.925s
Mathlib.Algebra.Homology.DerivedCategory.Linear,0m1.956s,0m1.681s
Mathlib.Algebra.Homology.DerivedCategory.HomologySequence,0m2.128s,0m1.957s
Mathlib.Algebra.Homology.DerivedCategory.ExactFunctor,0m2.283s,0m2.097s
Mathlib.Algebra.Polynomial.Module.FiniteDimensional,0m2.056s,0m1.898s
Mathlib.Analysis.InnerProductSpace.Defs,0m5.106s,0m4.671s
Mathlib.LinearAlgebra.Charpoly.Basic,0m2.730s,0m2.517s
Mathlib.LinearAlgebra.AnnihilatingPolynomial,0m2.133s,0m2.110s
Mathlib.FieldTheory.Normal.Defs,0m3.529s,0m3.106s
Mathlib.RingTheory.RingHom.Integral,0m2.853s,0m2.622s
Mathlib.RingTheory.PowerBasis,0m3.858s,0m3.528s
Mathlib.RingTheory.Ideal.GoingUp,0m3.364s,0m3.130s
Mathlib.RingTheory.IntegralClosure.IntegrallyClosed,0m3.632s,0m3.220s
Mathlib.RepresentationTheory.Homological.GroupHomology.Shapiro,0m2.664s,0m2.302s
Mathlib.Topology.Algebra.Module.StrongTopology,0m13.840s,0m11.962s
Mathlib.RepresentationTheory.Homological.GroupCohomology.Shapiro,0m3.188s,0m2.722s
Mathlib.Geometry.Manifold.Sheaf.Basic,0m2.040s,0m1.909s
Mathlib.Topology.Sheaves.Sheafify,0m1.915s,0m1.730s
Mathlib.Analysis.Calculus.FDeriv.Defs,0m2.775s,0m2.516s
Mathlib.FieldTheory.IntermediateField.Adjoin.Algebra,0m4.634s,0m4.152s
Mathlib.Algebra.Category.ModuleCat.Sheaf.Quasicoherent,0m2.959s,0m2.635s
Mathlib.Geometry.RingedSpace.SheafedSpace,0m2.657s,0m2.389s
Mathlib.Condensed.Basic,0m2.168s,0m2.016s
Mathlib.Topology.Order.Category.FrameAdjunction,0m3.003s,0m2.550s
Mathlib.Topology.Algebra.ProperAction.ProperlyDiscontinuous,0m2.553s,0m2.387s
Mathlib.Topology.Category.Stonean.Limits,0m2.181s,0m1.986s
Mathlib.Topology.Category.Stonean.Adjunctions,0m2.059s,0m1.918s
Mathlib.LinearAlgebra.CliffordAlgebra.Prod,0m4.436s,0m4.001s
Mathlib.LinearAlgebra.ExteriorAlgebra.Grading,0m5.186s,0m4.391s
Mathlib.LinearAlgebra.CliffordAlgebra.Conjugation,0m4.374s,0m3.855s
Mathlib.Topology.Category.Profinite.EffectiveEpi,0m2.241s,0m2.013s
Mathlib.LinearAlgebra.QuadraticForm.QuadraticModuleCat.Symmetric,0m2.474s,0m2.202s
Mathlib.RepresentationTheory.FiniteIndex,0m8.093s,0m7.117s
Mathlib.Topology.Category.Profinite.Nobeling.Basic,0m3.645s,0m3.343s
Mathlib.Topology.Category.Profinite.Extend,0m2.972s,0m2.705s
Mathlib.Analysis.SpecialFunctions.PolynomialExp,0m2.121s,0m1.909s
Mathlib.Topology.Category.LightProfinite.Basic,0m3.498s,0m3.138s
Mathlib.Topology.Algebra.Category.ProfiniteGrp.Limits,0m2.852s,0m2.531s
Mathlib.MeasureTheory.Measure.NullMeasurable,0m2.470s,0m2.290s
Mathlib.LinearAlgebra.RootSystem.Basic,0m4.878s,0m4.196s
Mathlib.Analysis.SpecialFunctions.Log.Basic,0m3.695s,0m3.322s
Mathlib.Analysis.Complex.UpperHalfPlane.Topology,0m2.789s,0m2.498s
Mathlib.AlgebraicTopology.DoldKan.EquivalenceAdditive,0m1.850s,0m1.823s
Mathlib.NumberTheory.ModularForms.SlashActions,0m3.385s,0m3.103s
Mathlib.Analysis.Normed.Module.Connected,0m2.972s,0m2.720s
Mathlib.Analysis.Convex.StrictConvexBetween,0m2.541s,0m2.237s
Mathlib.Analysis.Convex.LinearIsometry,0m2.346s,0m2.103s
Mathlib.Analysis.SpecialFunctions.Trigonometric.Basic,0m4.858s,0m4.618s
Mathlib.Analysis.Convex.Uniform,0m2.643s,0m2.541s
Mathlib.Analysis.NormedSpace.HomeomorphBall,0m1.806s,0m1.699s
Mathlib.Topology.Category.DeltaGenerated,0m2.052s,0m1.947s
Mathlib.Algebra.Homology.Embedding.CochainComplex,0m2.715s,0m2.613s
Mathlib.Analysis.LocallyConvex.AbsConvexOpen,0m2.892s,0m2.725s
Mathlib.Analysis.Convex.GaugeRescale,0m3.125s,0m2.925s
Mathlib.Algebra.Homology.DerivedCategory.SingleTriangle,0m2.240s,0m2.263s
Mathlib.Topology.Algebra.Module.Alternating.Topology,0m5.695s,0m4.817s
Mathlib.LinearAlgebra.Charpoly.ToMatrix,0m2.483s,0m2.320s
Mathlib.LinearAlgebra.Matrix.Charpoly.Minpoly,0m2.083s,0m1.995s
Mathlib.Analysis.LocallyConvex.Separation,0m5.056s,0m4.684s
Mathlib.Analysis.SpecialFunctions.Bernstein,0m5.304s,0m4.917s
Mathlib.FieldTheory.Separable,0m3.458s,0m3.307s
Mathlib.RingTheory.Conductor,0m3.356s,0m3.034s
Mathlib.RingTheory.Adjoin.PowerBasis,0m3.364s,0m3.218s
Mathlib.Algebra.GCDMonoid.IntegrallyClosed,0m2.110s,0m2.029s
Mathlib.RingTheory.Valuation.Integral,0m2.137s,0m2.119s
Mathlib.RingTheory.Jacobson.Ring,0m4.934s,0m4.251s
Mathlib.Analysis.InnerProductSpace.Basic,0m7.671s,0m6.514s
Mathlib.RingTheory.Polynomial.RationalRoot,0m2.362s,0m2.219s
Mathlib.RingTheory.LocalProperties.IntegrallyClosed,0m3.049s,0m2.955s
Mathlib.RingTheory.Valuation.LocalSubring,0m4.806s,0m4.210s
Mathlib.RingTheory.Spectrum.Prime.Topology,0m5.606s,0m5.090s
Mathlib.Analysis.LocallyConvex.StrongTopology,0m2.270s,0m2.127s
Mathlib.Analysis.Normed.Operator.Compact,0m3.936s,0m3.624s
Mathlib.Geometry.RingedSpace.Basic,0m2.312s,0m2.193s
Mathlib.RingTheory.AlgebraicIndependent.Adjoin,0m3.648s,0m3.499s
Mathlib.Topology.Algebra.Module.PointwiseConvergence,0m4.317s,0m3.877s
Mathlib.Condensed.TopComparison,0m2.323s,0m2.195s
Mathlib.Condensed.Module,0m2.346s,0m2.230s
Mathlib.Condensed.CartesianClosed,0m2.023s,0m1.906s
Mathlib.Condensed.Functors,0m2.037s,0m1.904s
Mathlib.RingTheory.AdjoinRoot,0m11.172s,0m10.241s
Mathlib.Topology.Category.Stonean.EffectiveEpi,0m2.213s,0m2.017s
Mathlib.LinearAlgebra.CliffordAlgebra.Star,0m2.152s,0m1.996s
Mathlib.Analysis.Normed.Operator.Basic,0m7.741s,0m7.031s
Mathlib.RingTheory.AlgebraicIndependent.TranscendenceBasis,0m7.001s,0m5.504s
Mathlib.Topology.Category.Profinite.Nobeling.Span,0m2.656s,0m2.492s
Mathlib.Topology.Category.LightProfinite.Cartesian,0m2.043s,0m1.913s
Mathlib.Topology.Category.LightProfinite.Limits,0m2.055s,0m1.891s
Mathlib.Topology.Category.Profinite.Nobeling.ZeroLimit,0m2.542s,0m2.291s
Mathlib.Topology.Category.LightProfinite.Sequence,0m2.146s,0m1.978s
Mathlib.LinearAlgebra.CliffordAlgebra.Fold,0m4.260s,0m3.715s
Mathlib.Topology.Category.LightProfinite.AsLimit,0m2.578s,0m2.089s
Mathlib.NumberTheory.ArithmeticFunction.VonMangoldt,0m2.478s,0m2.204s
Mathlib.Analysis.SpecialFunctions.Log.PosLog,0m2.354s,0m2.304s
Mathlib.LinearAlgebra.CliffordAlgebra.BaseChange,0m6.036s,0m5.473s
Mathlib.Topology.Category.Profinite.Nobeling.Successor,0m5.118s,0m4.640s
Mathlib.Analysis.Complex.UpperHalfPlane.FunctionsBoundedAtInfty,0m2.514s,0m2.291s
Mathlib.Analysis.NormedSpace.Connected,0m2.050s,0m1.783s
Mathlib.AlgebraicTopology.DoldKan.EquivalencePseudoabelian,0m2.328s,0m2.192s
Mathlib.Analysis.Convex.AmpleSet,0m2.471s,0m2.201s
Mathlib.Analysis.Complex.Circle,0m2.870s,0m2.722s
Mathlib.MeasureTheory.Measure.MeasureSpace,0m5.115s,0m4.646s
Mathlib.CategoryTheory.Abelian.Injective.Extend,0m2.057s,0m1.881s
Mathlib.Algebra.Homology.DerivedCategory.Fractions,0m2.432s,0m2.200s
Mathlib.Analysis.SpecialFunctions.Trigonometric.Inverse,0m3.064s,0m2.724s
Mathlib.Algebra.Homology.Factorizations.CM5b,0m2.984s,0m2.640s
Mathlib.LinearAlgebra.Charpoly.BaseChange,0m2.446s,0m2.096s
Mathlib.Algebra.Homology.HomotopyCategory.KInjective,0m3.284s,0m2.824s
Mathlib.Analysis.SpecialFunctions.Trigonometric.Angle,0m4.600s,0m4.343s
Mathlib.LinearAlgebra.Eigenspace.Zero,0m3.790s,0m3.664s
Mathlib.Analysis.Convex.KreinMilman,0m2.386s,0m2.425s
Mathlib.LinearAlgebra.RootSystem.Hom,0m9.065s,0m8.506s
Mathlib.Analysis.NormedSpace.HahnBanach.Separation,0m2.045s,0m1.909s
Mathlib.Algebra.Module.LinearMap.Polynomial,0m5.477s,0m5.103s
Mathlib.Analysis.LocallyConvex.SeparatingDual,0m3.911s,0m3.870s
Mathlib.Analysis.Convex.Cone.Dual,0m4.465s,0m4.169s
Mathlib.RingTheory.Polynomial.SeparableDegree,0m2.049s,0m1.914s
Mathlib.Analysis.Normed.Field.WithAbs,0m3.271s,0m3.044s
Mathlib.RingTheory.Valuation.IntegrallyClosed,0m1.846s,0m1.784s
Mathlib.Analysis.LocallyConvex.WeakSpace,0m4.097s,0m3.837s
Mathlib.Analysis.InnerProductSpace.Convex,0m2.129s,0m2.015s
Mathlib.FieldTheory.Fixed,0m3.802s,0m3.503s
Mathlib.RingTheory.LocalRing.ResidueField.Instances,0m4.472s,0m3.956s
Mathlib.Analysis.InnerProductSpace.GramMatrix,0m2.397s,0m2.305s
Mathlib.Analysis.InnerProductSpace.Affine,0m2.006s,0m1.902s
Mathlib.RingTheory.Derivation.MapCoeffs,0m4.291s,0m4.204s
Mathlib.Analysis.Convex.Strong,0m3.240s,0m3.116s
Mathlib.Geometry.Euclidean.Inversion.Basic,0m2.599s,0m2.507s
Mathlib.RingTheory.KrullDimension.Zero,0m2.208s,0m2.124s
Mathlib.RingTheory.DedekindDomain.Basic,0m2.117s,0m3.464s
Mathlib.RingTheory.Ideal.GoingDown,0m2.812s,0m3.548s
Mathlib.Analysis.InnerProductSpace.Projection.Minimal,0m3.854s,0m4.105s
Mathlib.RingTheory.Spectrum.Prime.IsOpenComapC,0m1.997s,0m2.088s
Mathlib.RingTheory.Spectrum.Maximal.Topology,0m1.907s,0m2.093s
Mathlib.NumberTheory.Niven,0m4.135s,0m4.464s
Mathlib.RingTheory.Spectrum.Prime.Noetherian,0m1.939s,0m2.141s
Mathlib.RingTheory.Spectrum.Prime.Module,0m2.133s,0m2.469s
Mathlib.RingTheory.Spectrum.Prime.ConstructibleSet,0m2.550s,0m2.646s
Mathlib.RingTheory.Spectrum.Prime.TensorProduct,0m2.712s,0m2.709s
Mathlib.Analysis.LocallyConvex.PointwiseConvergence,0m2.424s,0m2.510s
Mathlib.Condensed.Limits,0m1.993s,0m2.223s
Mathlib.Geometry.RingedSpace.LocallyRingedSpace,0m3.227s,0m3.518s
Mathlib.Condensed.TopCatAdjunction,0m2.729s,0m2.819s
Mathlib.RingTheory.Finiteness.ModuleFinitePresentation,0m2.302s,0m2.206s
Mathlib.RingTheory.Spectrum.Prime.FreeLocus,0m6.357s,0m6.506s
Mathlib.LinearAlgebra.FreeModule.Norm,0m2.891s,0m2.901s
Mathlib.RingTheory.Localization.Away.AdjoinRoot,0m2.115s,0m2.196s
Mathlib.RingTheory.Adjoin.Field,0m3.276s,0m3.352s
Mathlib.FieldTheory.KummerPolynomial,0m2.313s,0m2.397s
Mathlib.Condensed.Equivalence,0m2.002s,0m2.218s
Mathlib.Analysis.Normed.Module.RCLike.Extend,0m2.313s,0m2.298s
Mathlib.Analysis.NormedSpace.OperatorNorm.Basic,0m1.820s,0m1.787s
Mathlib.Analysis.Normed.Module.RCLike.Basic,0m2.203s,0m2.293s
Mathlib.AlgebraicGeometry.StructureSheaf,0m8.150s,0m8.506s
Mathlib.Analysis.Normed.Operator.Asymptotics,0m2.225s,0m2.505s
Mathlib.Topology.Category.LightProfinite.EffectiveEpi,0m1.892s,0m2.104s
Mathlib.LinearAlgebra.CliffordAlgebra.Equivs,0m4.986s,0m6.079s
Mathlib.Analysis.Normed.Operator.NNNorm,0m3.359s,0m3.541s
Mathlib.Topology.Category.LightProfinite.Extend,0m2.517s,0m2.692s
Mathlib.Topology.ContinuousMap.Bounded.Normed,0m6.019s,0m6.441s
Mathlib.LinearAlgebra.ExteriorAlgebra.OfAlternating,0m3.688s,0m3.838s
Mathlib.NumberTheory.VonMangoldt,0m1.788s,0m1.896s
Mathlib.Analysis.Normed.Operator.Extend,0m7.156s,0m7.304s
Mathlib.NumberTheory.Chebyshev,0m2.409s,0m2.517s
Mathlib.Topology.Category.Profinite.Nobeling.Induction,0m2.236s,0m2.304s
Mathlib.AlgebraicTopology.DoldKan.Equivalence,0m1.811s,0m2.013s
Mathlib.LinearAlgebra.CliffordAlgebra.Contraction,0m6.459s,0m6.894s
Mathlib.LinearAlgebra.CliffordAlgebra.Even,0m5.970s,0m5.966s
Mathlib.Algebra.Homology.DerivedCategory.FullyFaithful,0m1.810s,0m1.900s
Mathlib.Algebra.Homology.DerivedCategory.TStructure,0m2.117s,0m2.220s
Mathlib.Analysis.Complex.Isometry,0m2.833s,0m2.919s
Mathlib.MeasureTheory.Measure.Map,0m2.509s,0m2.416s
Mathlib.Analysis.Complex.UnitDisc.Basic,0m3.267s,0m3.418s
Mathlib.LinearAlgebra.Eigenspace.Charpoly,0m1.995s,0m1.995s
Mathlib.Algebra.Homology.DerivedCategory.KInjective,0m1.735s,0m1.804s
Mathlib.LinearAlgebra.RootSystem.RootPairingCat,0m1.883s,0m2.008s
Mathlib.LinearAlgebra.RootSystem.WeylGroup,0m2.386s,0m2.602s
Mathlib.Analysis.SpecialFunctions.Complex.Arg,0m3.287s,0m3.355s
Mathlib.Algebra.Lie.Rank,0m3.565s,0m3.757s
Mathlib.LinearAlgebra.SpecialLinearGroup,0m7.520s,0m7.780s
Mathlib.Analysis.Normed.Operator.Bilinear,0m13.245s,0m13.750s
Mathlib.RingTheory.KrullDimension.LocalRing,0m2.081s,0m2.099s
Mathlib.Analysis.LocallyConvex.WeakOperatorTopology,0m5.426s,0m5.286s
Mathlib.Analysis.InnerProductSpace.OfNorm,0m4.403s,0m4.692s
Mathlib.Algebra.Polynomial.Bivariate,0m4.672s,0m4.742s
Mathlib.RingTheory.Localization.Pi,0m2.304s,0m2.272s
Mathlib.RingTheory.Spectrum.Prime.Jacobson,0m1.999s,0m2.109s
Mathlib.RingTheory.RingHom.Flat,0m2.718s,0m2.724s
Mathlib.RingTheory.DiscreteValuationRing.TFAE,0m3.561s,0m3.606s
Mathlib.RingTheory.Spectrum.Prime.Polynomial,0m8.376s,0m8.459s
Mathlib.Condensed.Solid,0m2.124s,0m2.295s
Mathlib.RingTheory.KrullDimension.Module,0m2.317s,0m2.519s
Mathlib.RingTheory.Ideal.Height,0m2.940s,0m3.141s
Mathlib.RingTheory.HopkinsLevitzki,0m3.352s,0m3.838s
Mathlib.RingTheory.Grassmannian,0m2.190s,0m2.624s
Mathlib.Geometry.RingedSpace.LocallyRingedSpace.ResidueField,0m2.429s,0m2.641s
Mathlib.FieldTheory.SplittingField.IsSplittingField,0m2.386s,0m2.605s
Mathlib.RingTheory.DedekindDomain.Ideal.Basic,0m6.931s,0m7.647s
Mathlib.RingTheory.Unramified.Basic,0m3.100s,0m3.238s
Mathlib.AlgebraicGeometry.ProjectiveSpectrum.StructureSheaf,0m5.174s,0m5.158s
Mathlib.FieldTheory.Perfect,0m3.113s,0m3.192s
Mathlib.RingTheory.RingHom.FinitePresentation,0m4.679s,0m4.892s
Mathlib.Condensed.Explicit,0m2.270s,0m2.412s
Mathlib.Analysis.NormedSpace.Extend,0m1.764s,0m1.901s
Mathlib.Analysis.NormedSpace.RCLike,0m1.775s,0m1.915s
Mathlib.Condensed.Epi,0m2.506s,0m2.611s
Mathlib.Condensed.AB,0m3.162s,0m3.530s
Mathlib.Analysis.NormedSpace.OperatorNorm.Asymptotics,0m1.812s,0m1.898s
Mathlib.Condensed.Light.Basic,0m1.893s,0m2.012s
Mathlib.Analysis.NormedSpace.OperatorNorm.NNNorm,0m1.789s,0m1.892s
Mathlib.Condensed.Light.Instances,0m2.282s,0m2.425s
Mathlib.Topology.ContinuousMap.Bounded.Star,0m2.313s,0m2.420s
Mathlib.Topology.ContinuousMap.BoundedCompactlySupported,0m2.112s,0m2.200s
Mathlib.Topology.MetricSpace.GromovHausdorffRealized,0m3.436s,0m3.556s
Mathlib.Topology.Category.Profinite.Nobeling,0m1.904s,0m1.990s
Mathlib.Topology.TietzeExtension,0m2.969s,0m3.111s
Mathlib.AlgebraicGeometry.Spec,0m5.639s,0m5.965s
Mathlib.LinearAlgebra.CliffordAlgebra.Inversion,0m2.436s,0m2.641s
Mathlib.MeasureTheory.Group.Defs,0m1.986s,0m1.980s
Mathlib.MeasureTheory.Measure.AbsolutelyContinuous,0m2.099s,0m2.077s
Mathlib.Analysis.Calculus.FDeriv.Basic,0m7.488s,0m7.240s
Mathlib.Geometry.RingedSpace.OpenImmersion,0m13.149s,0m13.453s
Mathlib.Analysis.Complex.Arg,0m2.074s,0m2.097s
Mathlib.LinearAlgebra.RootSystem.Irreducible,0m3.345s,0m3.536s
Mathlib.Algebra.Homology.DerivedCategory.Ext.Basic,0m4.262s,0m4.365s
Mathlib.Analysis.SpecialFunctions.Complex.Log,0m2.325s,0m2.446s
Mathlib.LinearAlgebra.ExteriorPower.Basic,0m7.120s,0m7.957s
Mathlib.Analysis.NormedSpace.OperatorNorm.Bilinear,0m1.835s,0m1.930s
Mathlib.LinearAlgebra.CliffordAlgebra.EvenEquiv,0m5.754s,0m5.699s
Mathlib.AlgebraicGeometry.EllipticCurve.Affine,0m1.789s,0m2.298s
Mathlib.Analysis.Normed.Operator.Completeness,0m2.829s,0m3.401s
Mathlib.AlgebraicGeometry.EllipticCurve.Affine.Basic,0m3.276s,0m3.298s
Mathlib.RingTheory.RingHom.FaithfullyFlat,0m2.226s,0m2.476s
Mathlib.Analysis.Normed.Operator.NormedSpace,0m4.692s,0m5.139s
Mathlib.Algebra.Lie.CartanExists,0m5.978s,0m5.933s
Mathlib.RingTheory.KrullDimension.PID,0m2.032s,0m2.169s
Mathlib.RingTheory.DedekindDomain.Dvr,0m2.620s,0m2.883s
Mathlib.Analysis.Normed.Operator.Prod,0m5.208s,0m5.345s
Mathlib.RingTheory.Jacobson.Artinian,0m2.107s,0m2.321s
Mathlib.Algebra.Category.Ring.Under.Limits,0m5.679s,0m7.326s
Mathlib.RingTheory.OrderOfVanishing,0m3.237s,0m3.974s
Mathlib.FieldTheory.SplittingField.Construction,0m3.460s,0m3.979s
Mathlib.RingTheory.Ideal.KrullsHeightTheorem,0m3.627s,0m3.884s
Mathlib.RingTheory.Unramified.Pi,0m2.983s,0m3.566s
Mathlib.RingTheory.Unramified.Finite,0m5.186s,0m5.838s
Mathlib.FieldTheory.IntermediateField.Adjoin.Basic,0m8.731s,0m8.743s
Mathlib.RingTheory.ClassGroup,0m6.451s,0m7.006s
Mathlib.RingTheory.DedekindDomain.Ideal.Lemmas,0m8.515s,0m8.860s
Mathlib.RingTheory.Smooth.Basic,0m6.422s,0m7.139s
Mathlib.Condensed.Light.TopComparison,0m1.944s,0m2.255s
Mathlib.FieldTheory.Finite.Basic,0m4.210s,0m4.503s
Mathlib.Condensed.Light.CartesianClosed,0m2.127s,0m2.052s
Mathlib.FieldTheory.PerfectClosure,0m3.439s,0m3.580s
Mathlib.Condensed.Discrete.Basic,0m2.041s,0m2.143s
Mathlib.Condensed.Light.Module,0m2.649s,0m2.795s
Mathlib.Analysis.RCLike.BoundedContinuous,0m3.258s,0m3.384s
Mathlib.RingTheory.Spectrum.Prime.ChevalleyComplexity,0m13.329s,0m13.967s
Mathlib.Topology.Separation.NotNormal,0m2.026s,0m2.193s
Mathlib.Analysis.Fourier.BoundedContinuousFunctionChar,0m3.863s,0m3.884s
Mathlib.MeasureTheory.Covering.VitaliFamily,0m2.113s,0m2.141s
Mathlib.LinearAlgebra.Semisimple,0m9.024s,0m8.530s
Mathlib.Topology.ContinuousMap.Compact,0m4.497s,0m4.469s
Mathlib.MeasureTheory.Measure.QuasiMeasurePreserving,0m2.334s,0m2.322s
Mathlib.LinearAlgebra.CliffordAlgebra.SpinGroup,0m3.792s,0m4.063s
Mathlib.Topology.ContinuousMap.ZeroAtInfty,0m5.420s,0m5.622s
Mathlib.Analysis.Calculus.FDeriv.RestrictScalars,0m3.139s,0m3.388s
Mathlib.CategoryTheory.Sites.SheafCohomology.Basic,0m2.324s,0m2.344s
Mathlib.Algebra.Homology.DerivedCategory.Ext.TStructure,0m1.916s,0m1.934s
Mathlib.Geometry.RingedSpace.LocallyRingedSpace.HasColimits,0m3.436s,0m3.539s
Mathlib.Analysis.Calculus.FDeriv.Congr,0m3.449s,0m3.779s
Mathlib.Analysis.Calculus.FDeriv.Comp,0m3.936s,0m4.219s
Mathlib.Algebra.Homology.DerivedCategory.Ext.Linear,0m2.550s,0m2.762s
Mathlib.AlgebraicGeometry.Scheme,0m7.750s,0m7.883s
Mathlib.Analysis.SpecialFunctions.Complex.Circle,0m2.284s,0m2.421s
Mathlib.Analysis.SpecialFunctions.Complex.CircleMap,0m2.412s,0m2.517s
Mathlib.Algebra.Homology.DerivedCategory.Ext.ExtClass,0m3.048s,0m3.147s
Mathlib.RingTheory.RootsOfUnity.Complex,0m2.805s,0m2.947s
Mathlib.Analysis.NormedSpace.OperatorNorm.Completeness,0m1.808s,0m1.847s
Mathlib.Algebra.Category.ModuleCat.ExteriorPower,0m2.614s,0m2.840s
Mathlib.Analysis.SpecialFunctions.Pow.Complex,0m3.000s,0m3.148s
Mathlib.LinearAlgebra.ExteriorPower.Pairing,0m3.167s,0m3.390s
Mathlib.Analysis.Complex.OperatorNorm,0m2.214s,0m2.440s
Mathlib.RingTheory.Flat.FaithfullyFlat.Descent,0m2.479s,0m2.735s
Mathlib.AlgebraicGeometry.EllipticCurve.Projective.Basic,0m4.234s,0m4.454s
Mathlib.AlgebraicGeometry.EllipticCurve.Jacobian.Basic,0m4.556s,0m4.983s
Mathlib.AlgebraicGeometry.EllipticCurve.Affine.Formula,0m4.651s,0m4.794s
Mathlib.Analysis.NormedSpace.OperatorNorm.NormedSpace,0m1.798s,0m1.934s
Mathlib.Analysis.Normed.Module.Completion,0m2.595s,0m2.619s
Mathlib.Analysis.Normed.Operator.BanachSteinhaus,0m2.124s,0m2.261s
Mathlib.Analysis.Normed.Affine.ContinuousAffineMap,0m3.534s,0m3.713s
Mathlib.RingTheory.KrullDimension.Polynomial,0m2.114s,0m2.479s
Mathlib.Analysis.NormedSpace.OperatorNorm.Prod,0m1.796s,0m1.830s
Mathlib.RingTheory.Flat.TorsionFree,0m2.486s,0m2.498s
Mathlib.RingTheory.Localization.AtPrime.Extension,0m2.402s,0m2.429s
Mathlib.RingTheory.Polynomial.IsIntegral,0m2.421s,0m2.543s
Mathlib.LinearAlgebra.RootSystem.Finite.Lemmas,0m15.905s,0m15.231s
Mathlib.Analysis.Normed.Operator.Mul,0m6.566s,0m6.643s
Mathlib.RingTheory.Polynomial.GaussLemma,0m2.427s,0m2.646s
Mathlib.RingTheory.Spectrum.Prime.LTSeries,0m2.412s,0m2.505s
Mathlib.RingTheory.Valuation.Minpoly,0m1.907s,0m1.997s
Mathlib.Analysis.Normed.Operator.Banach,0m9.281s,0m9.414s
Mathlib.Algebra.Module.DedekindDomain,0m2.063s,0m2.116s
Mathlib.RingTheory.DedekindDomain.PID,0m3.019s,0m3.206s
Mathlib.RingTheory.AlgebraicIndependent.RankAndCardinality,0m3.399s,0m3.541s
Mathlib.RingTheory.Smooth.Local,0m2.397s,0m2.631s
Mathlib.FieldTheory.Extension,0m5.352s,0m5.025s
Mathlib.FieldTheory.Relrank,0m5.036s,0m5.137s
Mathlib.RingTheory.Etale.Basic,0m2.516s,0m2.730s
Mathlib.RingTheory.FractionalIdeal.Extended,0m3.648s,0m3.735s
Mathlib.NumberTheory.DirichletCharacter.Bounds,0m1.987s,0m2.103s
Mathlib.RingTheory.ZMod.Torsion,0m1.919s,0m2.000s
Mathlib.RingTheory.Smooth.Pi,0m3.660s,0m3.526s
Mathlib.Condensed.Light.TopCatAdjunction,0m2.845s,0m2.904s
Mathlib.FieldTheory.Finite.Polynomial,0m2.296s,0m2.538s
Mathlib.RingTheory.ZMod.UnitsCyclic,0m3.163s,0m3.310s
Mathlib.NumberTheory.Wilson,0m1.963s,0m2.105s
Mathlib.NumberTheory.LegendreSymbol.QuadraticChar.Basic,0m2.395s,0m2.492s
Mathlib.NumberTheory.FermatPsp,0m2.836s,0m2.908s
Mathlib.LinearAlgebra.Matrix.Charpoly.FiniteField,0m2.079s,0m2.209s
Mathlib.NumberTheory.PowModTotient,0m1.888s,0m1.887s
Mathlib.NumberTheory.SumFourSquares,0m3.233s,0m3.251s
Mathlib.FieldTheory.ChevalleyWarning,0m2.633s,0m2.711s
Mathlib.GroupTheory.SpecificGroups.ZGroup,0m3.458s,0m3.520s
Mathlib.Condensed.Light.Explicit,0m2.210s,0m2.211s
Mathlib.Condensed.Light.Small,0m3.021s,0m3.237s
Mathlib.Condensed.Light.Limits,0m2.134s,0m2.147s
Mathlib.Condensed.Discrete.LocallyConstant,0m4.358s,0m3.709s
Mathlib.Condensed.Light.Monoidal,0m4.110s,0m4.043s
Mathlib.RingTheory.Spectrum.Prime.Chevalley,0m2.097s,0m2.103s
Mathlib.LinearAlgebra.Eigenspace.Semisimple,0m2.627s,0m2.634s
Mathlib.Topology.ContinuousMap.Weierstrass,0m2.549s,0m2.507s
Mathlib.LinearAlgebra.JordanChevalley,0m2.941s,0m3.032s
Mathlib.Topology.MetricSpace.Ultra.ContinuousMaps,0m1.904s,0m1.910s
Mathlib.Dynamics.BirkhoffSum.QuasiMeasurePreserving,0m1.799s,0m1.897s
Mathlib.MeasureTheory.Measure.Comap,0m2.205s,0m2.316s
Mathlib.Topology.MetricSpace.UniformConvergence,0m4.064s,0m4.328s
Mathlib.Analysis.Normed.Group.ZeroAtInfty,0m2.213s,0m2.300s
Mathlib.Topology.ContinuousMap.Ideals,0m5.332s,0m5.364s
Mathlib.Analysis.Normed.Module.Multilinear.Basic,0m21.816s,0m22.544s
Mathlib.Topology.ContinuousMap.ContinuousMapZero,0m6.389s,0m6.204s
Mathlib.AlgebraicGeometry.Modules.Presheaf,0m2.031s,0m2.102s
Mathlib.Analysis.CStarAlgebra.ContinuousMap,0m5.480s,0m5.421s
Mathlib.AlgebraicGeometry.Over,0m2.026s,0m2.212s
Mathlib.Analysis.Calculus.FDeriv.Const,0m3.521s,0m3.747s
Mathlib.Topology.Algebra.PontryaginDual,0m2.443s,0m2.630s
Mathlib.NumberTheory.MulChar.Lemmas,0m2.602s,0m2.724s
Mathlib.LinearAlgebra.QuadraticForm.Complex,0m2.840s,0m3.036s
Mathlib.Topology.ContinuousMap.CompactlySupported,0m7.606s,0m8.222s
Mathlib.AlgebraicGeometry.OpenImmersion,0m5.674s,0m5.965s
Mathlib.Analysis.SpecialFunctions.Trigonometric.Complex,0m3.085s,0m3.229s
Mathlib.Algebra.Homology.DerivedCategory.Ext.ExactSequences,0m5.492s,0m4.635s
Mathlib.Geometry.RingedSpace.PresheafedSpace.Gluing,0m8.884s,0m9.405s
Mathlib.Analysis.SpecialFunctions.Pow.Real,0m4.140s,0m4.340s
Mathlib.Analysis.BoxIntegral.Partition.Additive,0m2.517s,0m2.720s
Mathlib.Analysis.NormedSpace.OperatorNorm.Mul,0m1.804s,0m1.796s
Mathlib.RingTheory.KrullDimension.Regular,0m2.914s,0m3.022s
Mathlib.FieldTheory.Minpoly.IsIntegrallyClosed,0m3.606s,0m3.616s
Mathlib.AlgebraicGeometry.EllipticCurve.Jacobian.Formula,0m6.870s,0m7.271s
Mathlib.LinearAlgebra.RootSystem.Chain,0m6.341s,0m6.500s
Mathlib.Analysis.Normed.Algebra.Unitization,0m5.377s,0m5.611s
Mathlib.RingTheory.LocalProperties.Semilocal,0m2.529s,0m2.502s
Mathlib.Analysis.Normed.Module.Complemented,0m4.282s,0m4.351s
Mathlib.Algebra.Module.PID,0m4.648s,0m3.833s
Mathlib.FieldTheory.Minpoly.IsConjRoot,0m3.051s,0m3.111s
Mathlib.Analysis.Calculus.InverseFunctionTheorem.ApproximatesLinearOn,0m6.152s,0m6.214s
Mathlib.AlgebraicGeometry.EllipticCurve.Affine.Point,0m12.139s,0m12.608s
Mathlib.AlgebraicGeometry.EllipticCurve.Projective.Formula,0m16.385s,0m15.905s
Mathlib.FieldTheory.Normal.Basic,0m5.366s,0m5.458s
Mathlib.RingTheory.Smooth.StandardSmoothCotangent,0m3.962s,0m3.723s
Mathlib.RingTheory.Etale.Pi,0m1.932s,0m1.885s
Mathlib.Condensed.Light.Functors,0m2.077s,0m2.317s
Mathlib.FieldTheory.IsAlgClosed.Basic,0m7.167s,0m6.860s
Mathlib.RingTheory.DedekindDomain.Instances,0m11.287s,0m11.797s
Mathlib.RingTheory.WittVector.StructurePolynomial,0m2.825s,0m2.949s
Mathlib.Data.Nat.PowModTotient,0m1.795s,0m1.927s
Mathlib.NumberTheory.LegendreSymbol.Basic,0m2.201s,0m2.213s
Mathlib.Combinatorics.Additive.ErdosGinzburgZiv,0m2.833s,0m2.970s
Mathlib.Condensed.Light.Epi,0m2.662s,0m2.851s
Mathlib.RingTheory.Etale.StandardEtale,0m10.088s,0m9.995s
Mathlib.Analysis.Normed.Operator.CompleteCodomain,0m2.734s,0m2.881s
Mathlib.NumberTheory.Padics.MahlerBasis,0m4.020s,0m4.253s
Mathlib.Condensed.Discrete.Colimit,0m5.295s,0m5.629s
Mathlib.MeasureTheory.Measure.Restrict,0m4.370s,0m4.391s
Mathlib.Analysis.NormedSpace.Multilinear.Basic,0m1.816s,0m1.928s
Mathlib.Condensed.Discrete.Module,0m7.003s,0m6.927s
Mathlib.RingTheory.Polynomial.Resultant.Basic,0m17.250s,0m17.860s
Mathlib.Analysis.Normed.Module.PiTensorProduct.ProjectiveSeminorm,0m4.831s,0m4.943s
Mathlib.Topology.ContinuousMap.StarOrdered,0m2.949s,0m3.022s
Mathlib.AlgebraicGeometry.Modules.Sheaf,0m2.223s,0m2.364s
Mathlib.Analysis.Normed.Operator.BoundedLinearMaps,0m5.459s,0m5.694s
Mathlib.AlgebraicGeometry.Sites.MorphismProperty,0m2.310s,0m2.363s
Mathlib.Algebra.Homology.DerivedCategory.Ext.EnoughInjectives,0m2.241s,0m2.223s
Mathlib.Analysis.SpecialFunctions.Trigonometric.Arctan,0m4.347s,0m3.894s
Mathlib.Algebra.Homology.DerivedCategory.Ext.EnoughProjectives,0m2.621s,0m2.440s
Mathlib.Analysis.Normed.Module.Alternating.Basic,0m12.448s,0m12.620s
Mathlib.Topology.ContinuousMap.StoneWeierstrass,0m10.089s,0m9.894s
Mathlib.Analysis.Calculus.Deriv.Basic,0m7.205s,0m7.758s
Mathlib.RingTheory.Etale.Kaehler,0m21.187s,0m22.558s
Mathlib.NumberTheory.ClassNumber.AdmissibleCardPowDegree,0m2.627s,0m2.765s
Mathlib.Analysis.Convex.SpecificFunctions.Basic,0m2.415s,0m2.463s
Mathlib.Analysis.Normed.Unbundled.RingSeminorm,0m2.885s,0m3.173s
Mathlib.Analysis.SpecificLimits.FloorPow,0m4.364s,0m4.544s
Mathlib.Analysis.SpecialFunctions.Log.Monotone,0m2.157s,0m2.228s
Mathlib.RingTheory.Valuation.RankOne,0m2.229s,0m2.332s
Mathlib.Combinatorics.SimpleGraph.Regularity.Bound,0m3.767s,0m3.996s
Mathlib.Analysis.Normed.Module.Multilinear.Curry,0m14.383s,0m16.427s
Mathlib.Tactic.NormNum.Irrational,0m3.175s,0m3.414s
Mathlib.Analysis.SpecialFunctions.Log.Base,0m3.456s,0m3.674s
Mathlib.Analysis.SpecialFunctions.Log.RpowTendsto,0m3.754s,0m4.139s
Mathlib.RingTheory.RootsOfUnity.Minpoly,0m2.402s,0m2.561s
Mathlib.FieldTheory.Minpoly.ConjRootClass,0m2.307s,0m2.549s
Mathlib.GroupTheory.FiniteAbelian.Basic,0m2.627s,0m2.821s
Mathlib.Analysis.SpecialFunctions.Pow.NNReal,0m5.068s,0m5.144s
Mathlib.AlgebraicGeometry.EllipticCurve.Group,0m1.824s,0m1.927s
Mathlib.Analysis.AbsoluteValue.Equivalence,0m6.681s,0m6.340s
Mathlib.RingTheory.IsAdjoinRoot,0m5.108s,0m5.330s
Mathlib.Analysis.CStarAlgebra.Unitization,0m5.530s,0m6.085s
Mathlib.LinearAlgebra.RootSystem.Base,0m6.021s,0m6.442s
Mathlib.AlgebraicGeometry.EllipticCurve.Projective.Point,0m3.614s,0m3.924s
Mathlib.AlgebraicGeometry.EllipticCurve.Jacobian.Point,0m4.087s,0m4.460s
Mathlib.RingTheory.Nullstellensatz,0m2.814s,0m3.189s
Mathlib.AlgebraicGeometry.EllipticCurve.DivisionPolynomial.Basic,0m3.721s,0m3.974s
Mathlib.FieldTheory.IsAlgClosed.Classification,0m2.507s,0m2.847s
Mathlib.FieldTheory.Normal.Closure,0m4.040s,0m4.188s
Mathlib.LinearAlgebra.Matrix.Charpoly.Eigs,0m2.095s,0m2.332s
Mathlib.FieldTheory.IsAlgClosed.Spectrum,0m2.429s,0m2.669s
Mathlib.RingTheory.SimpleModule.IsAlgClosed,0m2.006s,0m2.146s
Mathlib.RingTheory.Extension.Cotangent.LocalizationAway,0m4.999s,0m5.445s
Mathlib.RingTheory.WittVector.Defs,0m2.487s,0m2.668s
Mathlib.NumberTheory.Zsqrtd.QuadraticReciprocity,0m2.307s,0m2.517s
Mathlib.Condensed.Light.AB,0m2.271s,0m2.537s
Mathlib.FieldTheory.IsAlgClosed.AlgebraicClosure,0m4.293s,0m4.569s
Mathlib.FieldTheory.PrimitiveElement,0m4.368s,0m4.545s
Mathlib.Analysis.NormedSpace.HahnBanach.SeparatingDual,0m1.994s,0m2.265s
Mathlib.NumberTheory.LegendreSymbol.GaussEisensteinLemmas,0m2.783s,0m3.045s
Mathlib.Condensed.Light.InternallyProjective,0m2.826s,0m2.986s
Mathlib.MeasureTheory.Measure.Typeclasses.NoAtoms,0m1.888s,0m2.012s
Mathlib.MeasureTheory.Measure.MutuallySingular,0m2.408s,0m2.611s
Mathlib.Analysis.NormedSpace.PiTensorProduct.ProjectiveSeminorm,0m1.818s,0m1.951s
Mathlib.LinearAlgebra.Matrix.Charpoly.Disc,0m1.928s,0m2.209s
Mathlib.NumberTheory.Padics.AddChar,0m3.406s,0m3.859s
Mathlib.MeasureTheory.Measure.Typeclasses.Finite,0m3.114s,0m3.266s
Mathlib.Topology.ContinuousMap.ContinuousSqrt,0m2.210s,0m2.469s
Mathlib.Condensed.Discrete.Characterization,0m4.699s,0m4.815s
Mathlib.Analysis.Calculus.FDeriv.Linear,0m2.488s,0m2.746s
Mathlib.Analysis.InnerProductSpace.Continuous,0m2.123s,0m2.320s
Mathlib.CategoryTheory.Abelian.Injective.Dimension,0m2.091s,0m2.362s
Mathlib.AlgebraicGeometry.Modules.Tilde,0m5.211s,0m5.483s
Mathlib.AlgebraicGeometry.Cover.MorphismProperty,0m3.249s,0m3.467s
Mathlib.CategoryTheory.Abelian.GrothendieckCategory.HasExt,0m1.894s,0m2.039s
Mathlib.Algebra.Category.ModuleCat.Ext.HasExt,0m1.786s,0m1.927s
Mathlib.Analysis.NormedSpace.Alternating.Basic,0m1.842s,0m1.949s
Mathlib.CategoryTheory.Abelian.Projective.Dimension,0m2.219s,0m2.348s
Mathlib.Analysis.Calculus.Deriv.Support,0m1.910s,0m2.038s
Mathlib.Topology.VectorBundle.Basic,0m7.029s,0m6.715s
Mathlib.RingTheory.Unramified.Locus,0m2.454s,0m2.682s
Mathlib.Analysis.Normed.Module.PiTensorProduct.InjectiveSeminorm,0m10.736s,0m11.868s
Mathlib.Analysis.Normed.Unbundled.SeminormFromBounded,0m2.384s,0m2.671s
Mathlib.Analysis.Normed.Unbundled.SeminormFromConst,0m2.725s,0m2.949s
Mathlib.RingTheory.Smooth.Locus,0m3.932s,0m4.428s
Mathlib.NumberTheory.Padics.ValuativeRel,0m2.095s,0m2.435s
Mathlib.Analysis.CStarAlgebra.ContinuousFunctionalCalculus.Unital,0m9.669s,0m10.099s
Mathlib.Analysis.Normed.Unbundled.AlgebraNorm,0m2.819s,0m3.115s
Mathlib.RingTheory.Valuation.DiscreteValuativeRel,0m2.191s,0m2.377s
Mathlib.Topology.Algebra.Valued.NormedValued,0m2.845s,0m3.063s
Mathlib.Analysis.NormedSpace.Multilinear.Curry,0m1.798s,0m1.963s
Mathlib.Analysis.Calculus.Deriv.Comp,0m6.929s,0m7.400s
Mathlib.Analysis.Normed.Module.Alternating.Curry,0m3.045s,0m3.192s
Mathlib.GroupTheory.FiniteAbelian.Duality,0m2.226s,0m2.264s
Mathlib.MeasureTheory.Measure.Doubling,0m2.848s,0m2.585s
Mathlib.Analysis.Convex.SpecificFunctions.Pow,0m2.505s,0m2.378s
Mathlib.Computability.AkraBazzi.GrowsPolynomially,0m4.813s,0m5.142s
Mathlib.Analysis.MeanInequalitiesPow,0m3.424s,0m3.586s
Mathlib.Analysis.SpecialFunctions.Log.ENNRealLog,0m2.554s,0m2.651s
Mathlib.Analysis.MeanInequalities,0m4.073s,0m4.714s
Mathlib.Combinatorics.SimpleGraph.Regularity.Chunk,0m8.154s,0m8.659s
Mathlib.Analysis.SpecialFunctions.Pow.Asymptotics,0m2.646s,0m2.781s
Mathlib.Analysis.Calculus.FormalMultilinearSeries,0m8.659s,0m8.684s
Mathlib.RingTheory.Perfection,0m5.614s,0m6.074s
Mathlib.ModelTheory.Algebra.Ring.Definability,0m2.235s,0m2.435s
Mathlib.NumberTheory.KummerDedekind,0m5.046s,0m5.350s
Mathlib.FieldTheory.AlgebraicClosure,0m3.353s,0m3.521s
Mathlib.AlgebraicGeometry.EllipticCurve.DivisionPolynomial.Degree,0m3.876s,0m4.021s
Mathlib.LinearAlgebra.RootSystem.CartanMatrix,0m5.260s,0m5.625s
Mathlib.LinearAlgebra.Eigenspace.Triangularizable,0m4.762s,0m3.273s
Mathlib.RingTheory.Polynomial.UniversalFactorizationRing,0m29.025s,0m27.822s
Mathlib.RingTheory.CotangentLocalizationAway,0m1.906s,0m1.973s
Mathlib.CategoryTheory.Preadditive.Schur,0m2.495s,0m2.702s
Mathlib.ModelTheory.Algebra.Field.IsAlgClosed,0m2.293s,0m2.476s
Mathlib.NumberTheory.SumTwoSquares,0m2.928s,0m3.062s
Mathlib.RingTheory.WittVector.Basic,0m3.419s,0m3.484s
Mathlib.RingTheory.Nilpotent.GeometricallyReduced,0m3.042s,0m2.962s
Mathlib.FieldTheory.Isaacs,0m3.073s,0m3.063s
Mathlib.Analysis.CStarAlgebra.Multiplier,0m13.803s,0m14.674s
Mathlib.FieldTheory.Minpoly.MinpolyDiv,0m2.708s,0m2.857s
Mathlib.MeasureTheory.Topology,0m1.887s,0m1.943s
Mathlib.LinearAlgebra.RootSystem.Finite.G2,0m12.712s,0m13.083s
Mathlib.RingTheory.Norm.Basic,0m3.095s,0m3.198s
Mathlib.RingTheory.Extension.Cotangent.Basis,0m9.169s,0m9.545s
Mathlib.FieldTheory.Differential.Basic,0m3.534s,0m3.591s
Mathlib.MeasureTheory.Measure.Sub,0m2.114s,0m2.259s
Mathlib.MeasureTheory.Measure.Typeclasses.Probability,0m2.403s,0m2.579s
Mathlib.FieldTheory.SeparableDegree,0m9.981s,0m9.933s
Mathlib.MeasureTheory.Measure.Decomposition.Hahn,0m2.621s,0m2.791s
Mathlib.FieldTheory.Galois.Basic,0m7.922s,0m7.831s
Mathlib.MeasureTheory.Measure.Typeclasses.SFinite,0m2.798s,0m2.881s
Mathlib.Analysis.Calculus.Deriv.Linear,0m2.410s,0m2.595s
Mathlib.LinearAlgebra.Matrix.GeneralLinearGroup.FinTwo,0m4.725s,0m4.849s
Mathlib.Topology.VectorBundle.Constructions,0m3.649s,0m3.783s
Mathlib.AlgebraicGeometry.Cover.Open,0m4.760s,0m4.779s
Mathlib.RingTheory.RingHom.Unramified,0m3.070s,0m2.521s
Mathlib.Analysis.NormedSpace.PiTensorProduct.InjectiveSeminorm,0m2.137s,0m1.905s
Mathlib.Analysis.InnerProductSpace.LinearMap,0m6.568s,0m5.981s
Mathlib.RingTheory.RingHom.Smooth,0m2.427s,0m2.324s
Mathlib.Analysis.CStarAlgebra.ContinuousFunctionalCalculus.Unitary,0m2.340s,0m2.256s
Mathlib.Analysis.Calculus.FDeriv.Equiv,0m8.346s,0m8.219s
Mathlib.Analysis.NormedSpace.Alternating.Curry,0m1.898s,0m1.926s
Mathlib.NumberTheory.MulChar.Duality,0m2.308s,0m2.335s
Mathlib.Topology.Algebra.Valued.LocallyCompact,0m5.050s,0m5.106s
Mathlib.Analysis.SpecialFunctions.Pow.NthRootLemmas,0m3.234s,0m3.313s
Mathlib.Analysis.Calculus.FDeriv.Add,0m12.145s,0m12.048s
Mathlib.Analysis.Calculus.FDeriv.Prod,0m12.583s,0m13.359s
Mathlib.Analysis.Normed.Module.Alternating.Uncurry.Fin,0m6.605s,0m7.243s
Mathlib.Topology.VectorBundle.Hom,0m13.308s,0m12.928s
Mathlib.Combinatorics.SimpleGraph.Regularity.Increment,0m3.519s,0m3.480s
Mathlib.Analysis.SpecialFunctions.Pow.Continuity,0m4.373s,0m4.130s
Mathlib.RingTheory.Perfectoid.Untilt,0m2.791s,0m2.747s
Mathlib.RingTheory.AlgebraicIndependent.AlgebraicClosure,0m3.507s,0m3.009s
Mathlib.FieldTheory.AxGrothendieck,0m2.756s,0m2.757s
Mathlib.LinearAlgebra.Eigenspace.Pi,0m3.737s,0m3.909s
Mathlib.Analysis.Normed.Lp.ProdLp,0m6.162s,0m7.063s
Mathlib.RepresentationTheory.FDRep,0m3.593s,0m3.697s
Mathlib.RingTheory.WittVector.Teichmuller,0m2.067s,0m2.104s
Mathlib.MeasureTheory.Constructions.Projective,0m2.318s,0m2.113s
Mathlib.RingTheory.WittVector.IsPoly,0m4.140s,0m4.174s
Mathlib.Probability.ConditionalProbability,0m2.832s,0m2.741s
Mathlib.Analysis.Analytic.ConvergenceRadius,0m9.187s,0m8.431s
Mathlib.Analysis.CStarAlgebra.ContinuousFunctionalCalculus.NonUnital,0m15.838s,0m15.584s
Mathlib.RingTheory.Ideal.Norm.AbsNorm,0m4.615s,0m4.469s
Mathlib.FieldTheory.Differential.Liouville,0m4.262s,0m3.927s
Mathlib.RingTheory.Norm.Transitivity,0m3.929s,0m3.620s
Mathlib.FieldTheory.Galois.NormalBasis,0m4.391s,0m4.075s
Mathlib.FieldTheory.IsSepClosed,0m3.245s,0m2.921s
Mathlib.MeasureTheory.Measure.Real,0m3.440s,0m2.633s
Mathlib.FieldTheory.PolynomialGaloisGroup,0m3.589s,0m3.495s
Mathlib.FieldTheory.KrullTopology,0m4.588s,0m4.139s
Mathlib.MeasureTheory.Measure.Typeclasses,0m1.831s,0m1.715s
Mathlib.MeasureTheory.Measure.Dirac,0m2.436s,0m2.301s
Mathlib.MeasureTheory.Measure.Trim,0m2.162s,0m1.903s
Mathlib.MeasureTheory.Measure.Decomposition.Exhaustion,0m2.312s,0m2.128s
Mathlib.FieldTheory.KummerExtension,0m6.630s,0m6.224s
Mathlib.LinearAlgebra.RootSystem.GeckConstruction.Lemmas,0m10.473s,0m9.860s
Mathlib.Analysis.InnerProductSpace.ConformalLinearMap,0m2.116s,0m2.113s
Mathlib.Topology.Instances.Matrix,0m3.251s,0m3.129s
Mathlib.RingTheory.RingHom.Etale,0m2.236s,0m2.188s
Mathlib.Analysis.InnerProductSpace.Completion,0m3.772s,0m3.563s
Mathlib.Analysis.Calculus.Deriv.Inverse,0m2.522s,0m2.501s
Mathlib.Analysis.InnerProductSpace.Orthonormal,0m4.182s,0m3.984s
Mathlib.Topology.Compactification.OnePoint.ProjectiveLine,0m4.803s,0m4.692s
Mathlib.FieldTheory.LinearDisjoint,0m11.730s,0m10.609s
Mathlib.NumberTheory.DirichletCharacter.Orthogonality,0m2.240s,0m2.215s
Mathlib.Analysis.Calculus.InverseFunctionTheorem.FDeriv,0m3.152s,0m3.023s
Mathlib.Analysis.Calculus.FDeriv.Star,0m3.491s,0m3.337s
Mathlib.NumberTheory.LocalField.Basic,0m2.860s,0m2.693s
Mathlib.Analysis.Calculus.FDeriv.Pi,0m2.310s,0m2.277s
Mathlib.Analysis.Calculus.Conformal.NormedSpace,0m2.226s,0m2.114s
Mathlib.Analysis.NormedSpace.Alternating.Uncurry.Fin,0m1.914s,0m1.805s
Mathlib.Analysis.Calculus.Deriv.Add,0m4.558s,0m4.448s
Mathlib.Combinatorics.SimpleGraph.Regularity.Lemma,0m2.560s,0m2.515s
Mathlib.Analysis.Calculus.Deriv.Prod,0m4.551s,0m4.498s
Mathlib.AlgebraicGeometry.Restrict,0m11.010s,0m9.956s
Mathlib.Analysis.Calculus.FDeriv.Bilinear,0m4.204s,0m4.083s
Mathlib.Analysis.Normed.Unbundled.IsPowMulFaithful,0m2.445s,0m2.304s
Mathlib.Analysis.Asymptotics.SpecificAsymptotics,0m2.433s,0m2.437s
Mathlib.NumberTheory.Ostrowski,0m4.847s,0m4.463s
Mathlib.Analysis.PSeries,0m4.285s,0m4.077s
Mathlib.Analysis.Normed.Unbundled.SmoothingSeminorm,0m4.610s,0m4.053s
Mathlib.Topology.MetricSpace.Holder,0m3.654s,0m3.023s
Mathlib.Analysis.Normed.Algebra.UnitizationL1,0m3.643s,0m3.423s
Mathlib.RepresentationTheory.Invariants,0m5.977s,0m4.701s
Mathlib.Analysis.Calculus.ContDiff.FTaylorSeries,0m15.100s,0m14.129s
Mathlib.Algebra.Lie.Weights.Basic,0m7.465s,0m7.239s
Mathlib.RepresentationTheory.Tannaka,0m4.363s,0m4.273s
Mathlib.MeasureTheory.Constructions.ProjectiveFamilyContent,0m2.117s,0m2.080s
Mathlib.RingTheory.WittVector.Verschiebung,0m2.329s,0m2.238s
Mathlib.RingTheory.WittVector.MulP,0m2.139s,0m2.096s
Mathlib.RingTheory.WittVector.Frobenius,0m3.298s,0m3.119s
Mathlib.Analysis.Analytic.RadiusLiminf,0m2.457s,0m2.303s
Mathlib.RingTheory.WittVector.InitTail,0m3.679s,0m3.392s
Mathlib.Topology.VectorBundle.Riemannian,0m17.938s,0m17.196s
Mathlib.Analysis.Normed.Lp.lpSpace,0m15.560s,0m16.079s
Mathlib.Analysis.Normed.Lp.PiLp,0m10.067s,0m10.043s
Mathlib.RingTheory.Ideal.Int,0m2.618s,0m2.615s
Mathlib.Analysis.Analytic.OfScalars,0m4.488s,0m4.342s
Mathlib.FieldTheory.Finite.GaloisField,0m3.354s,0m3.025s
Mathlib.AlgebraicGeometry.EllipticCurve.IsomOfJ,0m4.094s,0m3.959s
Mathlib.Analysis.CStarAlgebra.ContinuousFunctionalCalculus.Restrict,0m7.644s,0m7.289s
Mathlib.MeasureTheory.VectorMeasure.Basic,0m4.957s,0m4.885s
Mathlib.FieldTheory.SeparableClosure,0m7.307s,0m6.535s
Mathlib.FieldTheory.AbsoluteGaloisGroup,0m2.124s,0m2.016s
Mathlib.FieldTheory.AbelRuffini,0m3.568s,0m3.358s
Mathlib.Analysis.CStarAlgebra.ContinuousFunctionalCalculus.Unique,0m10.282s,0m10.008s
Mathlib.NumberTheory.Cyclotomic.CyclotomicCharacter,0m4.174s,0m3.920s
Mathlib.Probability.ProbabilityMassFunction.Basic,0m2.122s,0m2.102s
Mathlib.MeasureTheory.Measure.Count,0m1.973s,0m2.015s
Mathlib.MeasureTheory.OuterMeasure.OfAddContent,0m2.015s,0m1.909s
Mathlib.NumberTheory.RamificationInertia.Basic,0m11.901s,0m10.982s
Mathlib.RingTheory.RootsOfUnity.Lemmas,0m2.311s,0m2.144s
Mathlib.MeasureTheory.Measure.WithDensityFinite,0m2.004s,0m2.008s
Mathlib.MeasureTheory.Measure.AEMeasurable,0m2.546s,0m2.514s
Mathlib.Topology.Compactification.OnePointEquiv,0m1.957s,0m1.912s
Mathlib.Analysis.Calculus.InverseFunctionTheorem.Deriv,0m2.330s,0m2.098s
Mathlib.Analysis.InnerProductSpace.Subspace,0m4.063s,0m3.545s
Mathlib.Analysis.Analytic.Basic,0m15.255s,0m14.862s
Mathlib.NumberTheory.ModularForms.ArithmeticSubgroups,0m4.289s,0m4.401s
Mathlib.Analysis.Calculus.LagrangeMultipliers,0m2.736s,0m2.787s
Mathlib.NumberTheory.Modular,0m5.158s,0m5.324s
Mathlib.Geometry.Manifold.ConformalGroupoid,0m1.921s,0m1.941s
Mathlib.Analysis.Calculus.Deriv.Pi,0m1.990s,0m2.586s
Mathlib.Analysis.Calculus.Conformal.InnerProduct,0m2.108s,0m2.478s
Mathlib.Analysis.Calculus.Deriv.Star,0m2.743s,0m2.916s
Mathlib.Analysis.Normed.Module.FiniteDimension,0m6.601s,0m7.074s
Mathlib.Analysis.Calculus.Deriv.AffineMap,0m2.443s,0m2.703s
Mathlib.Analysis.Calculus.LocalExtr.Basic,0m3.707s,0m4.033s
Mathlib.Analysis.Calculus.Deriv.Slope,0m3.257s,0m3.121s
Mathlib.Combinatorics.SimpleGraph.Triangle.Removal,0m4.919s,0m4.951s
Mathlib.Analysis.SpecialFunctions.CompareExp,0m2.268s,0m2.194s
Mathlib.Analysis.Polynomial.Basic,0m2.740s,0m2.746s
Mathlib.NumberTheory.SumPrimeReciprocals,0m2.371s,0m2.236s
Mathlib.NumberTheory.ModularForms.EisensteinSeries.Summable,0m3.263s,0m3.241s
Mathlib.Analysis.Normed.Unbundled.FiniteExtension,0m3.546s,0m3.445s
Mathlib.AlgebraicGeometry.GammaSpecAdjunction,0m7.375s,0m6.711s
Mathlib.Topology.MetricSpace.HolderNorm,0m2.758s,0m2.648s
Mathlib.Analysis.Calculus.Implicit,0m11.146s,0m11.148s
Mathlib.RepresentationTheory.Character,0m2.852s,0m2.870s
Mathlib.AlgebraicGeometry.Gluing,0m7.626s,0m8.470s
Mathlib.Algebra.Lie.Weights.Cartan,0m5.151s,0m5.153s
Mathlib.Algebra.Lie.Weights.Linear,0m4.959s,0m5.123s
Mathlib.RingTheory.WittVector.Identities,0m2.332s,0m2.424s
Mathlib.RingTheory.WittVector.Truncated,0m2.965s,0m2.842s
Mathlib.Algebra.Lie.LieTheorem,0m7.616s,0m7.413s
Mathlib.LinearAlgebra.RootSystem.GeckConstruction.Basic,0m8.321s,0m8.135s
Mathlib.Analysis.Calculus.FDeriv.CompCLM,0m16.029s,0m14.324s
Mathlib.Topology.MetricSpace.Kuratowski,0m2.566s,0m2.461s
Mathlib.FieldTheory.Cardinality,0m2.138s,0m2.035s
Mathlib.Analysis.CStarAlgebra.lpSpace,0m4.967s,0m4.427s
Mathlib.Analysis.Normed.Lp.LpEquiv,0m4.263s,0m3.791s
Mathlib.Analysis.Calculus.FDeriv.WithLp,0m3.764s,0m3.467s
Mathlib.Analysis.SpecialFunctions.OrdinaryHypergeometric,0m4.140s,0m3.953s
Mathlib.RepresentationTheory.Homological.GroupCohomology.LowDegree,0m11.974s,0m10.924s
Mathlib.FieldTheory.Finite.Extension,0m2.480s,0m2.302s
Mathlib.MeasureTheory.Measure.Complex,0m2.767s,0m2.540s
Mathlib.MeasureTheory.VectorMeasure.Decomposition.Hahn,0m3.465s,0m3.320s
Mathlib.FieldTheory.Galois.GaloisClosure,0m3.697s,0m3.343s
Mathlib.Analysis.CStarAlgebra.ContinuousFunctionalCalculus.Pi,0m3.483s,0m3.142s
Mathlib.Probability.UniformOn,0m2.159s,0m2.111s
Mathlib.Probability.ProbabilityMassFunction.Monad,0m2.848s,0m2.604s
Mathlib.MeasureTheory.Order.Lattice,0m2.244s,0m2.089s
Mathlib.Dynamics.Ergodic.MeasurePreserving,0m2.385s,0m2.194s
Mathlib.RepresentationTheory.Homological.GroupHomology.LowDegree,0m17.795s,0m15.582s
Mathlib.FieldTheory.PurelyInseparable.Basic,0m6.596s,0m5.816s
Mathlib.FieldTheory.SeparablyGenerated,0m9.166s,0m7.240s
Mathlib.MeasureTheory.Group.Arithmetic,0m5.317s,0m5.051s
Mathlib.Geometry.Euclidean.Angle.Unoriented.Basic,0m3.079s,0m2.811s
Mathlib.Analysis.InnerProductSpace.Orthogonal,0m4.196s,0m3.848s
Mathlib.Analysis.SpecialFunctions.ContinuousFunctionalCalculus.PosPart.Basic,0m9.822s,0m8.293s
Mathlib.NumberTheory.LSeries.Basic,0m3.064s,0m2.796s
Mathlib.NumberTheory.ModularForms.CongruenceSubgroups,0m4.089s,0m3.755s
Mathlib.NumberTheory.ModularForms.SlashInvariantForms,0m3.739s,0m3.408s
Mathlib.Analysis.Calculus.InverseFunctionTheorem.FiniteDimensional,0m2.655s,0m2.415s
Mathlib.Analysis.PSeriesComplex,0m2.369s,0m2.213s
Mathlib.Analysis.Analytic.ChangeOrigin,0m7.177s,0m6.461s
Mathlib.Analysis.Normed.Affine.AsymptoticCone,0m2.645s,0m2.462s
Mathlib.Analysis.LocallyConvex.Montel,0m3.604s,0m3.340s
Mathlib.Analysis.Complex.Conformal,0m4.388s,0m4.106s
Mathlib.Analysis.Normed.Affine.AddTorsorBases,0m2.769s,0m2.616s
Mathlib.Analysis.RCLike.Lemmas,0m2.968s,0m2.619s
Mathlib.Analysis.Calculus.LocalExtr.Rolle,0m2.197s,0m2.013s
Mathlib.RingTheory.DedekindDomain.Factorization,0m12.429s,0m11.575s
Mathlib.Analysis.Normed.Unbundled.InvariantExtension,0m3.200s,0m3.068s
Mathlib.Combinatorics.Additive.Corner.Roth,0m4.242s,0m4.481s
Mathlib.RepresentationTheory.FinGroupCharZero,0m3.320s,0m3.382s
Mathlib.RingTheory.WittVector.Domain,0m2.156s,0m2.028s
Mathlib.RingTheory.WittVector.Compare,0m2.577s,0m2.434s
Mathlib.Algebra.Lie.Weights.Chain,0m4.508s,0m4.032s
Mathlib.Algebra.Lie.Semisimple.Lemmas,0m2.951s,0m2.717s
Mathlib.RingTheory.WittVector.MulCoeff,0m3.603s,0m3.554s
Mathlib.RepresentationTheory.Homological.GroupCohomology.Hilbert90,0m2.685s,0m2.652s
Mathlib.RepresentationTheory.GroupCohomology.LowDegree,0m2.254s,0m2.038s
Mathlib.Algebra.Lie.TraceForm,0m9.675s,0m8.395s
Mathlib.AlgebraicGeometry.AffineScheme,0m10.290s,0m9.465s
Mathlib.Topology.MetricSpace.GromovHausdorff,0m6.782s,0m6.207s
Mathlib.AlgebraicGeometry.ProjectiveSpectrum.Scheme,0m11.851s,0m10.655s
Mathlib.MeasureTheory.VectorMeasure.Decomposition.Jordan,0m2.944s,0m2.712s
Mathlib.Dynamics.Ergodic.Ergodic,0m2.142s,0m2.001s
Mathlib.Probability.ProbabilityMassFunction.Constructions,0m2.622s,0m2.599s
Mathlib.FieldTheory.Galois.Infinite,0m6.021s,0m5.780s
Mathlib.RepresentationTheory.Homological.GroupCohomology.Functoriality,0m10.271s,0m9.612s
Mathlib.RepresentationTheory.Homological.GroupHomology.FiniteCyclic,0m5.672s,0m5.287s
Mathlib.FieldTheory.JacobsonNoether,0m3.890s,0m3.812s
Mathlib.FieldTheory.Galois.Profinite,0m9.044s,0m9.312s
Mathlib.LinearAlgebra.RootSystem.GeckConstruction.Relations,0m15.273s,0m15.044s
Mathlib.RingTheory.Trace.Basic,0m5.558s,0m5.322s
Mathlib.FieldTheory.PurelyInseparable.Exponent,0m2.864s,0m2.722s
Mathlib.FieldTheory.PurelyInseparable.PerfectClosure,0m4.999s,0m3.658s
Mathlib.MeasureTheory.Order.Group.Lattice,0m1.912s,0m1.780s
Mathlib.RingTheory.Unramified.Field,0m4.538s,0m3.962s
Mathlib.MeasureTheory.Group.Pointwise,0m2.024s,0m1.800s
Mathlib.RingTheory.Spectrum.Prime.Homeomorph,0m5.135s,0m5.033s
Mathlib.Geometry.Euclidean.Angle.Unoriented.Conformal,0m2.147s,0m2.154s
Mathlib.FieldTheory.IsPerfectClosure,0m4.054s,0m4.458s
Mathlib.MeasureTheory.Group.MeasurableEquiv,0m3.818s,0m3.845s
Mathlib.MeasureTheory.Constructions.BorelSpace.Basic,0m3.559s,0m3.555s
Mathlib.Geometry.Euclidean.Angle.Unoriented.Affine,0m3.451s,0m3.341s
Mathlib.Geometry.Euclidean.PerpBisector,0m2.514s,0m2.543s
Mathlib.NumberTheory.LSeries.Convergence,0m2.521s,0m2.402s
Mathlib.NumberTheory.LSeries.Linearity,0m2.474s,0m2.300s
Mathlib.Analysis.InnerProductSpace.Symmetric,0m3.992s,0m3.620s
Mathlib.Analysis.Normed.Affine.Convex,0m3.395s,0m3.099s
Mathlib.NumberTheory.ModularForms.EisensteinSeries.Defs,0m4.857s,0m4.074s
Mathlib.RepresentationTheory.Homological.GroupHomology.Functoriality,0m18.933s,0m17.190s
Mathlib.NumberTheory.ModularForms.Cusps,0m5.654s,0m5.382s
Mathlib.Analysis.Normed.Algebra.Exponential,0m4.998s,0m4.449s
Mathlib.FieldTheory.CardinalEmb,0m20.712s,0m10.103s
Mathlib.Analysis.Convex.Intrinsic,0m3.610s,0m3.251s
Mathlib.Topology.Algebra.Ring.Compact,0m2.897s,0m2.631s
Mathlib.Analysis.Normed.Module.HahnBanach,0m3.936s,0m3.550s
Mathlib.RingTheory.WittVector.Complete,0m2.788s,0m2.107s
Mathlib.Analysis.Complex.Tietze,0m3.706s,0m3.685s
Mathlib.RepresentationTheory.GroupCohomology.Hilbert90,0m2.140s,0m2.471s
Mathlib.RingTheory.WittVector.DiscreteValuationRing,0m2.449s,0m2.505s
Mathlib.Algebra.Lie.Killing,0m2.559s,0m2.316s
Mathlib.AlgebraicGeometry.Sites.SmallAffineZariski,0m2.751s,0m2.825s
Mathlib.Analysis.Analytic.CPolynomialDef,0m8.521s,0m8.107s
Mathlib.MeasureTheory.VectorMeasure.Decomposition.JordanSub,0m2.034s,0m1.925s
Mathlib.AlgebraicGeometry.Properties,0m3.878s,0m3.697s
Mathlib.Probability.ProbabilityMassFunction.Binomial,0m2.109s,0m2.006s
Mathlib.RepresentationTheory.GroupCohomology.Functoriality,0m2.105s,0m2.037s
Mathlib.FieldTheory.Galois.Abelian,0m2.331s,0m2.324s
Mathlib.RepresentationTheory.Homological.GroupCohomology.LongExactSequence,0m3.951s,0m3.517s
Mathlib.RingTheory.Discriminant,0m3.440s,0m3.307s
Mathlib.RingTheory.DedekindDomain.IntegralClosure,0m2.921s,0m2.813s
Mathlib.Analysis.Normed.Unbundled.SpectralNorm,0m9.787s,0m9.310s
Mathlib.FieldTheory.Finite.Trace,0m2.196s,0m2.017s
Mathlib.AlgebraicGeometry.ProjectiveSpectrum.Basic,0m8.148s,0m7.604s
Mathlib.AlgebraicGeometry.Pullbacks,0m9.236s,0m8.740s
Mathlib.LinearAlgebra.RootSystem.GeckConstruction.Semisimple,0m11.821s,0m10.911s
Mathlib.Analysis.Normed.Lp.MeasurableSpace,0m2.098s,0m2.023s
Mathlib.FieldTheory.NormalizedTrace,0m4.352s,0m3.998s
Mathlib.FieldTheory.PurelyInseparable.Tower,0m4.438s,0m3.757s
Mathlib.RingTheory.Unramified.LocalRing,0m3.687s,0m3.491s
Mathlib.RingTheory.Etale.Field,0m4.697s,0m4.101s
Mathlib.Analysis.SpecialFunctions.Log.ENNRealLogExp,0m2.601s,0m2.117s
Mathlib.MeasureTheory.Function.SpecialFunctions.Arctan,0m2.060s,0m2.026s
Mathlib.MeasureTheory.Constructions.BorelSpace.Order,0m3.855s,0m3.828s
Mathlib.MeasureTheory.Constructions.BorelSpace.Complex,0m1.907s,0m1.930s
Mathlib.MeasureTheory.Constructions.BorelSpace.ContinuousLinearMap,0m2.717s,0m2.764s
Mathlib.MeasureTheory.Constructions.ClosedCompactCylinders,0m1.909s,0m2.162s
Mathlib.MeasureTheory.Constructions.BorelSpace.WithTop,0m1.925s,0m2.121s
Mathlib.Topology.Baire.BaireMeasurable,0m2.113s,0m2.208s
Mathlib.MeasureTheory.Constructions.BorelSpace.Metric,0m2.095s,0m2.078s
Mathlib.Dynamics.Ergodic.Conservative,0m2.108s,0m2.035s
Mathlib.MeasureTheory.Measure.OpenPos,0m2.212s,0m2.195s
Mathlib.Geometry.Euclidean.Inversion.ImageHyperplane,0m2.265s,0m2.217s
Mathlib.MeasureTheory.Covering.Vitali,0m3.000s,0m2.827s
Mathlib.MeasureTheory.Measure.Regular,0m3.257s,0m3.049s
Mathlib.Geometry.Euclidean.Simplex,0m3.622s,0m3.238s
Mathlib.Geometry.Euclidean.Angle.Unoriented.RightAngle,0m3.029s,0m2.942s
Mathlib.NumberTheory.LSeries.Convolution,0m2.646s,0m2.537s
Mathlib.Geometry.Euclidean.Basic,0m2.867s,0m2.629s
Mathlib.NumberTheory.LSeries.Injectivity,0m2.935s,0m2.849s
Mathlib.NumberTheory.ModularForms.EisensteinSeries.UniformConvergence,0m2.291s,0m2.227s
Mathlib.NumberTheory.ModularForms.Identities,0m2.197s,0m2.218s
Mathlib.Analysis.Convex.Continuous,0m3.565s,0m3.458s
Mathlib.NumberTheory.ModularForms.BoundedAtCusp,0m3.140s,0m3.032s
Mathlib.Analysis.CStarAlgebra.Exponential,0m2.225s,0m2.119s
Mathlib.RepresentationTheory.Homological.GroupHomology.LongExactSequence,0m4.778s,0m4.305s
Mathlib.Analysis.NormedSpace.HahnBanach.Extension,0m2.006s,0m2.001s
Mathlib.RingTheory.WittVector.TeichmullerSeries,0m2.618s,0m2.643s
Mathlib.Analysis.InnerProductSpace.Projection.Basic,0m6.869s,0m7.030s
Mathlib.Algebra.Lie.Derivation.Killing,0m2.994s,0m3.771s
Mathlib.Analysis.Normed.Module.Dual,0m4.972s,0m5.052s
Mathlib.RingTheory.WittVector.FrobeniusFractionField,0m4.242s,0m4.103s
Mathlib.Analysis.Normed.Algebra.Spectrum,0m7.478s,0m7.262s
Mathlib.AlgebraicGeometry.FunctionField,0m2.811s,0m2.698s
Mathlib.RingTheory.Localization.NormTrace,0m2.439s,0m2.283s
Mathlib.Analysis.Analytic.Linear,0m4.613s,0m4.356s
Mathlib.Analysis.Normed.Algebra.TrivSqZeroExt,0m9.038s,0m7.653s
Mathlib.NumberTheory.Padics.Complex,0m3.761s,0m3.453s
Mathlib.NumberTheory.ClassNumber.Finite,0m4.895s,0m4.505s
Mathlib.AlgebraicGeometry.Morphisms.Basic,0m3.365s,0m3.244s
Mathlib.NumberTheory.NumberField.Basic,0m5.001s,0m5.092s
Mathlib.AlgebraicGeometry.Limits,0m4.677s,0m4.608s
Mathlib.NumberTheory.RamificationInertia.Unramified,0m3.256s,0m3.095s
Mathlib.Analysis.Asymptotics.ExpGrowth,0m3.127s,0m3.062s
Mathlib.MeasureTheory.Function.SpecialFunctions.RCLike,0m2.297s,0m2.216s
Mathlib.Analysis.Analytic.Composition,0m8.737s,0m8.319s
Mathlib.MeasureTheory.Function.SpecialFunctions.Inner,0m2.142s,0m2.143s
Mathlib.MeasureTheory.Function.Floor,0m2.141s,0m1.996s
Mathlib.Topology.EMetricSpace.PairReduction,0m5.130s,0m4.503s
Mathlib.MeasureTheory.Function.AEMeasurableOrder,0m3.186s,0m2.713s
Mathlib.MeasureTheory.Function.EssSup,0m2.475s,0m2.312s
Mathlib.MeasureTheory.Measure.Stieltjes,0m2.600s,0m2.550s
Mathlib.MeasureTheory.Constructions.BorelSpace.Real,0m2.970s,0m2.812s
Mathlib.MeasureTheory.Measure.ContinuousPreimage,0m2.368s,0m2.223s
Mathlib.MeasureTheory.Constructions.Polish.Basic,0m3.329s,0m3.044s
Mathlib.MeasureTheory.Measure.Support,0m2.942s,0m2.848s
Mathlib.MeasureTheory.Measure.RegularityCompacts,0m2.019s,0m2.017s
Mathlib.MeasureTheory.Function.SimpleFunc,0m5.881s,0m5.381s
Mathlib.MeasureTheory.Measure.Content,0m2.835s,0m2.733s
Mathlib.NumberTheory.ModularForms.EisensteinSeries.IsBoundedAtImInfty,0m2.326s,0m2.328s
Mathlib.MeasureTheory.Group.Action,0m3.984s,0m3.831s
Mathlib.Geometry.Euclidean.Sphere.Basic,0m3.227s,0m3.126s
Mathlib.Analysis.InnerProductSpace.Projection.Submodule,0m3.477s,0m3.448s
Mathlib.Analysis.InnerProductSpace.Projection.Reflection,0m3.662s,0m3.563s
Mathlib.RingTheory.Perfectoid.FontaineTheta,0m4.402s,0m4.177s
Mathlib.Analysis.Normed.Module.WeakDual,0m5.142s,0m4.630s
Mathlib.Analysis.Analytic.WithLp,0m2.230s,0m2.084s
Mathlib.RingTheory.FractionalIdeal.Norm,0m4.782s,0m3.802s
Mathlib.RingTheory.NormalClosure,0m17.443s,0m16.458s
Mathlib.RingTheory.WittVector.Isocrystal,0m7.022s,0m6.559s
Mathlib.Analysis.Normed.Algebra.DualNumber,0m2.223s,0m2.132s
Mathlib.AlgebraicGeometry.Morphisms.LocalClosure,0m2.656s,0m2.550s
Mathlib.AlgebraicGeometry.Cover.Sigma,0m2.539s,0m2.481s
Mathlib.AlgebraicGeometry.LimitsOver,0m3.079s,0m2.988s
Mathlib.Topology.Algebra.Valued.WithVal,0m2.814s,0m2.791s
Mathlib.Algebra.Lie.Weights.Killing,0m9.742s,0m9.463s
Mathlib.AlgebraicGeometry.Morphisms.Constructors,0m4.176s,0m4.030s
Mathlib.NumberTheory.NumberField.Norm,0m3.040s,0m2.950s
Mathlib.NumberTheory.NumberField.Ideal.KummerDedekind,0m4.617s,0m4.465s
Mathlib.Dynamics.TopologicalEntropy.CoverEntropy,0m2.517s,0m2.523s
Mathlib.NumberTheory.NumberField.Discriminant.Defs,0m2.625s,0m2.509s
Mathlib.MeasureTheory.Constructions.BorelSpace.Metrizable,0m2.027s,0m2.011s
Mathlib.MeasureTheory.Constructions.Polish.EmbeddingReal,0m1.915s,0m1.875s
Mathlib.MeasureTheory.Function.SpecialFunctions.Basic,0m2.210s,0m2.206s
Mathlib.MeasureTheory.Measure.Tight,0m1.892s,0m1.915s
Mathlib.MeasureTheory.Group.AEStabilizer,0m2.235s,0m2.206s
Mathlib.MeasureTheory.Integral.Lebesgue.Basic,0m3.528s,0m3.476s
Mathlib.Analysis.CStarAlgebra.ContinuousFunctionalCalculus.Instances,0m14.157s,0m13.764s
Mathlib.Geometry.Euclidean.Sphere.SecondInter,0m2.751s,0m2.846s
Mathlib.MeasureTheory.Integral.RieszMarkovKakutani.Basic,0m5.229s,0m5.131s
Mathlib.Analysis.InnerProductSpace.Semisimple,0m2.447s,0m2.638s
Mathlib.Analysis.InnerProductSpace.MeanErgodic,0m3.152s,0m3.678s
Mathlib.Analysis.Analytic.Inverse,0m8.677s,0m8.683s
Mathlib.RingTheory.IntegralClosure.IntegralRestrict,0m18.766s,0m18.531s
Mathlib.RingTheory.Perfectoid.BDeRham,0m3.081s,0m3.117s
Mathlib.Analysis.Normed.Algebra.Basic,0m2.734s,0m2.719s
Mathlib.Analysis.NormedSpace.DualNumber,0m1.923s,0m1.899s
Mathlib.AlgebraicGeometry.Morphisms.LocalIso,0m2.330s,0m2.311s
Mathlib.Analysis.InnerProductSpace.Projection.FiniteDimensional,0m5.519s,0m5.331s
Mathlib.Analysis.InnerProductSpace.Dual,0m6.052s,0m6.004s
Mathlib.NumberTheory.NumberField.FractionalIdeal,0m4.400s,0m4.396s
Mathlib.Geometry.Euclidean.Projection,0m6.890s,0m6.761s
Mathlib.AlgebraicGeometry.Morphisms.UnderlyingMap,0m2.700s,0m2.760s
Mathlib.Dynamics.TopologicalEntropy.Semiconj,0m2.254s,0m2.114s
Mathlib.NumberTheory.Padics.WithVal,0m4.302s,0m4.171s
Mathlib.Dynamics.TopologicalEntropy.NetEntropy,0m2.399s,0m2.334s
Mathlib.Analysis.Analytic.Constructions,0m15.473s,0m15.148s
Mathlib.AlgebraicGeometry.Morphisms.RingHomProperties,0m4.787s,0m4.815s
Mathlib.Dynamics.Ergodic.Action.Basic,0m2.150s,0m2.230s
Mathlib.MeasureTheory.Integral.Lebesgue.MeasurePreserving,0m1.686s,0m1.684s
Mathlib.MeasureTheory.Function.SimpleFuncDense,0m2.377s,0m2.303s
Mathlib.MeasureTheory.Integral.Lebesgue.Add,0m2.645s,0m2.587s
Mathlib.MeasureTheory.Integral.Lebesgue.Norm,0m1.936s,0m1.805s
Mathlib.RingTheory.DedekindDomain.AdicValuation,0m7.908s,0m7.408s
Mathlib.Analysis.CStarAlgebra.Projection,0m3.039s,0m2.368s
Mathlib.Algebra.Lie.Weights.RootSystem,0m9.377s,0m8.499s
Mathlib.Analysis.CStarAlgebra.ContinuousFunctionalCalculus.Commute,0m4.795s,0m4.392s
Mathlib.Analysis.CStarAlgebra.ContinuousFunctionalCalculus.Range,0m5.819s,0m5.478s
Mathlib.Analysis.InnerProductSpace.Projection,0m2.022s,0m1.999s
Mathlib.RingTheory.Trace.Quotient,0m5.426s,0m5.342s
Mathlib.RingTheory.Invariant.Basic,0m4.904s,0m4.760s
Mathlib.Analysis.InnerProductSpace.WeakOperatorTopology,0m2.445s,0m2.337s
Mathlib.Geometry.Euclidean.Sphere.OrthRadius,0m3.700s,0m3.649s
Mathlib.Geometry.Euclidean.Angle.Unoriented.Projection,0m2.316s,0m2.214s
Mathlib.Analysis.InnerProductSpace.LaxMilgram,0m3.243s,0m3.133s
Mathlib.Analysis.Calculus.Gradient.Basic,0m4.465s,0m4.242s
Mathlib.Geometry.Euclidean.Altitude,0m3.858s,0m3.675s
Mathlib.Geometry.Euclidean.SignedDist,0m5.535s,0m5.608s
Mathlib.Analysis.CStarAlgebra.ContinuousFunctionalCalculus.Isometric,0m12.338s,0m11.892s
Mathlib.AlgebraicGeometry.Morphisms.OpenImmersion,0m3.068s,0m3.068s
Mathlib.AlgebraicGeometry.Cover.Over,0m4.769s,0m5.109s
Mathlib.Dynamics.TopologicalEntropy.Subset,0m2.202s,0m2.201s
Mathlib.Geometry.Euclidean.Circumcenter,0m6.855s,0m7.585s
Mathlib.AlgebraicGeometry.Morphisms.QuasiCompact,0m4.052s,0m4.026s
Mathlib.Analysis.Analytic.Polynomial,0m2.509s,0m2.513s
Mathlib.Analysis.Analytic.Uniqueness,0m3.127s,0m3.172s
Mathlib.Analysis.SpecialFunctions.ContinuousFunctionalCalculus.Rpow.Basic,0m16.255s,0m15.496s
Mathlib.Analysis.Analytic.Within,0m2.442s,0m2.335s
Mathlib.AlgebraicGeometry.Morphisms.FiniteType,0m2.544s,0m2.500s
Mathlib.MeasureTheory.Integral.Lebesgue.Map,0m2.109s,0m2.014s
Mathlib.MeasureTheory.Integral.Lebesgue.Sub,0m2.321s,0m2.195s
Mathlib.MeasureTheory.Integral.MeanInequalities,0m3.467s,0m3.314s
Mathlib.MeasureTheory.Integral.Lebesgue.Markov,0m2.140s,0m1.988s
Mathlib.AlgebraicGeometry.Morphisms.SurjectiveOnStalks,0m5.555s,0m5.246s
Mathlib.MeasureTheory.Function.StronglyMeasurable.Basic,0m4.534s,0m4.419s
Mathlib.FieldTheory.RatFunc.AsPolynomial,0m2.840s,0m2.817s
Mathlib.Analysis.InnerProductSpace.PiL2,0m15.395s,0m15.872s
Mathlib.RingTheory.DedekindDomain.SInteger,0m2.628s,0m2.653s
Mathlib.RingTheory.DedekindDomain.SelmerGroup,0m3.543s,0m4.003s
Mathlib.RingTheory.Valuation.Discrete.Basic,0m4.139s,0m4.116s
Mathlib.RingTheory.DedekindDomain.FiniteAdeleRing,0m2.849s,0m2.827s
Mathlib.Analysis.Analytic.CPolynomial,0m8.293s,0m8.387s
Mathlib.RingTheory.Invariant,0m1.913s,0m1.908s
Mathlib.RingTheory.Frobenius,0m3.108s,0m3.062s
Mathlib.Analysis.SpecialFunctions.ContinuousFunctionalCalculus.PosPart.Isometric,0m2.919s,0m2.834s
Mathlib.FieldTheory.Galois.IsGaloisGroup,0m4.484s,0m4.202s
Mathlib.Geometry.Euclidean.Sphere.Tangent,0m3.879s,0m3.803s
Mathlib.AlgebraicGeometry.Morphisms.IsIso,0m2.222s,0m2.324s
Mathlib.Geometry.Euclidean.MongePoint,0m4.872s,0m4.880s
Mathlib.Algebra.Lie.Weights.IsSimple,0m10.414s,0m10.307s
Mathlib.AlgebraicGeometry.Morphisms.QuasiSeparated,0m7.431s,0m7.177s
Mathlib.Analysis.SpecialFunctions.ContinuousFunctionalCalculus.Rpow.Isometric,0m2.914s,0m2.854s
Mathlib.RingTheory.Invariant.Profinite,0m10.918s,0m10.735s
Mathlib.MeasureTheory.Integral.Lebesgue.DominatedConvergence,0m2.085s,0m2.132s
Mathlib.AlgebraicGeometry.IdealSheaf.Basic,0m7.030s,0m7.347s
Mathlib.MeasureTheory.Integral.Lebesgue.Countable,0m2.830s,0m2.703s
Mathlib.AlgebraicGeometry.Morphisms.Preimmersion,0m2.368s,0m2.432s
Mathlib.MeasureTheory.Constructions.Polish.StronglyMeasurable,0m2.089s,0m2.038s
Mathlib.Analysis.CStarAlgebra.ContinuousFunctionalCalculus.Continuity,0m10.924s,0m10.807s
Mathlib.Probability.Distributions.Geometric,0m1.925s,0m1.877s
Mathlib.MeasureTheory.Function.Egorov,0m2.226s,0m2.227s
Mathlib.FieldTheory.Laurent,0m2.336s,0m2.268s
Mathlib.FieldTheory.RatFunc.Degree,0m2.224s,0m2.182s
Mathlib.RingTheory.Polynomial.Cyclotomic.Basic,0m3.968s,0m3.865s
Mathlib.MeasureTheory.Function.StronglyMeasurable.AEStronglyMeasurable,0m4.126s,0m3.852s
Mathlib.Analysis.SpecialFunctions.ContinuousFunctionalCalculus.Abs,0m9.024s,0m8.608s
Mathlib.Topology.Category.TopCat.Sphere,0m2.753s,0m2.700s
Mathlib.MeasureTheory.Measure.TightNormed,0m2.974s,0m2.827s
Mathlib.Geometry.Euclidean.Angle.Unoriented.CrossProduct,0m2.453s,0m2.311s
Mathlib.Analysis.Quaternion,0m4.518s,0m4.183s
Mathlib.Analysis.Matrix.Hermitian,0m2.663s,0m2.627s
Mathlib.RingTheory.DedekindDomain.Different,0m20.200s,0m20.010s
Mathlib.Analysis.InnerProductSpace.MulOpposite,0m2.420s,0m2.455s
Mathlib.Analysis.InnerProductSpace.ProdL2,0m2.850s,0m2.895s
Mathlib.Analysis.InnerProductSpace.CanonicalTensor,0m2.619s,0m2.528s
Mathlib.Analysis.InnerProductSpace.l2Space,0m7.474s,0m6.979s
Mathlib.Analysis.RCLike.Inner,0m3.443s,0m3.411s
Mathlib.RingTheory.LaurentSeries,0m9.588s,0m8.853s
Mathlib.Analysis.InnerProductSpace.GramSchmidtOrtho,0m3.744s,0m3.547s
Mathlib.Analysis.Matrix.Normed,0m5.516s,0m5.327s
Mathlib.AlgebraicGeometry.EllipticCurve.Reduction,0m4.716s,0m4.386s
Mathlib.Geometry.Euclidean.Sphere.Power,0m2.741s,0m2.616s
Mathlib.AlgebraicGeometry.Morphisms.FinitePresentation,0m2.716s,0m2.619s
Mathlib.NumberTheory.RamificationInertia.Galois,0m5.143s,0m5.124s
Mathlib.AlgebraicGeometry.Noetherian,0m2.942s,0m2.862s
Mathlib.MeasureTheory.Integral.Lebesgue,0m1.818s,0m1.818s
Mathlib.MeasureTheory.Integral.Indicator,0m1.904s,0m1.905s
Mathlib.MeasureTheory.Measure.GiryMonad,0m2.210s,0m2.204s
Mathlib.AlgebraicGeometry.Morphisms.Affine,0m3.274s,0m3.270s
Mathlib.Geometry.Euclidean.Incenter,0m8.058s,0m7.004s
Mathlib.RingTheory.Polynomial.Cyclotomic.Roots,0m2.652s,0m2.561s
Mathlib.NumberTheory.FunctionField,0m3.341s,0m3.245s
Mathlib.AlgebraicGeometry.Stalk,0m4.642s,0m4.124s
Mathlib.Probability.Process.Kolmogorov,0m2.249s,0m2.200s
Mathlib.MeasureTheory.Function.LpSeminorm.Defs,0m2.243s,0m2.174s
Mathlib.MeasureTheory.Function.StronglyMeasurable.Inner,0m2.303s,0m2.177s
Mathlib.MeasureTheory.Function.StronglyMeasurable.ENNReal,0m1.923s,0m1.816s
Mathlib.Topology.CWComplex.Abstract.Basic,0m2.425s,0m2.306s
Mathlib.Analysis.Calculus.FDeriv.Analytic,0m13.411s,0m12.465s
Mathlib.MeasureTheory.Function.AEEqFun,0m4.486s,0m4.384s
Mathlib.Analysis.Fourier.FiniteAbelian.Orthogonality,0m2.832s,0m2.643s
Mathlib.AlgebraicGeometry.IdealSheaf.Subscheme,0m8.637s,0m8.755s
Mathlib.Analysis.Matrix,0m2.257s,0m2.101s
Mathlib.Analysis.Calculus.FDeriv.Measurable,0m6.544s,0m6.040s
Mathlib.Analysis.InnerProductSpace.Adjoint,0m24.140s,0m22.593s
Mathlib.Analysis.Normed.Algebra.MatrixExponential,0m3.272s,0m2.956s
Mathlib.Analysis.InnerProductSpace.Orientation,0m4.009s,0m3.547s
Mathlib.Probability.Kernel.Disintegration.MeasurableStieltjes,0m2.644s,0m2.436s
Mathlib.AlgebraicGeometry.Morphisms.Smooth,0m2.870s,0m2.855s
Mathlib.MeasureTheory.Category.MeasCat,0m2.340s,0m2.191s
Mathlib.Probability.Kernel.Defs,0m3.008s,0m2.705s
Mathlib.NumberTheory.SiegelsLemma,0m5.589s,0m5.028s
Mathlib.RingTheory.Polynomial.Cyclotomic.Factorization,0m3.256s,0m2.936s
Mathlib.RingTheory.Polynomial.Cyclotomic.Expand,0m2.676s,0m2.442s
Mathlib.AlgebraicGeometry.Morphisms.AffineAnd,0m3.570s,0m3.153s
Mathlib.RingTheory.DedekindDomain.LinearDisjoint,0m11.039s,0m9.464s
Mathlib.MeasureTheory.Measure.Prod,0m4.705s,0m4.276s
Mathlib.RingTheory.Polynomial.Cyclotomic.Eval,0m4.495s,0m3.936s
Mathlib.NumberTheory.ClassNumber.FunctionField,0m2.764s,0m2.544s
Mathlib.AlgebraicGeometry.SpreadingOut,0m3.681s,0m3.306s
Mathlib.RingTheory.Ideal.Norm.RelNorm,0m8.989s,0m7.901s
Mathlib.AlgebraicGeometry.ResidueField,0m4.046s,0m3.673s
Mathlib.Dynamics.Ergodic.Function,0m2.048s,0m1.901s
Mathlib.Analysis.SpecialFunctions.Exponential,0m4.931s,0m4.844s
Mathlib.NumberTheory.Cyclotomic.Basic,0m9.228s,0m8.552s
Mathlib.Analysis.Fourier.FiniteAbelian.PontryaginDuality,0m4.152s,0m3.798s
Mathlib.Combinatorics.Additive.Randomisation,0m3.137s,0m2.839s
Mathlib.AlgebraicGeometry.IdealSheaf,0m2.241s,0m2.117s
Mathlib.Analysis.Calculus.FDeriv.ContinuousMultilinearMap,0m9.324s,0m8.035s
Mathlib.MeasureTheory.Function.LpSeminorm.Basic,0m7.354s,0m6.581s
Mathlib.Analysis.CStarAlgebra.ContinuousLinearMap,0m2.758s,0m2.452s
Mathlib.Analysis.Convex.Cone.InnerDual,0m4.305s,0m3.923s
Mathlib.Analysis.VonNeumannAlgebra.Basic,0m4.608s,0m4.245s
Mathlib.Analysis.Calculus.ContDiff.Defs,0m16.107s,0m15.322s
Mathlib.Probability.Kernel.Basic,0m2.685s,0m2.672s
Mathlib.Analysis.Calculus.ContDiff.FaaDiBruno,0m18.645s,0m15.925s
Mathlib.Analysis.InnerProductSpace.LinearPMap,0m5.910s,0m5.415s
Mathlib.AlgebraicGeometry.Morphisms.Descent,0m3.058s,0m2.813s
Mathlib.MeasureTheory.Group.Convolution,0m2.898s,0m2.645s
Mathlib.RingTheory.Polynomial.Eisenstein.IsIntegral,0m5.785s,0m5.250s
Mathlib.Analysis.InnerProductSpace.TwoDim,0m7.586s,0m7.583s
Mathlib.MeasureTheory.Group.Measure,0m6.689s,0m6.365s
Mathlib.NumberTheory.PrimesCongruentOne,0m2.420s,0m2.327s
Mathlib.Analysis.SpecialFunctions.Trigonometric.Series,0m2.602s,0m2.503s
Mathlib.Analysis.InnerProductSpace.TensorProduct,0m13.599s,0m12.633s
Mathlib.RingTheory.LittleWedderburn,0m5.145s,0m4.912s
Mathlib.Analysis.CStarAlgebra.Matrix,0m14.260s,0m13.110s
Mathlib.Combinatorics.Derangements.Exponential,0m2.151s,0m2.119s
Mathlib.AlgebraicGeometry.PullbackCarrier,0m4.220s,0m4.162s
Mathlib.AlgebraicGeometry.Morphisms.ClosedImmersion,0m4.574s,0m4.290s
Mathlib.Probability.Distributions.Poisson,0m2.133s,0m2.129s
Mathlib.RingTheory.RootsOfUnity.AlgebraicallyClosed,0m2.535s,0m2.541s
Mathlib.MeasureTheory.Function.LpSeminorm.Trim,0m2.203s,0m2.208s
Mathlib.MeasureTheory.Function.LpSeminorm.Prod,0m2.148s,0m2.532s
Mathlib.MeasureTheory.Function.LpSeminorm.CompareExp,0m3.510s,0m3.457s
Mathlib.MeasureTheory.Function.LpSeminorm.TriangleInequality,0m2.666s,0m2.529s
Mathlib.Analysis.SpecialFunctions.ContinuousFunctionalCalculus.ExpLog.Basic,0m5.252s,0m4.803s
Mathlib.NumberTheory.Cyclotomic.PrimitiveRoots,0m6.126s,0m5.562s
Mathlib.Analysis.Calculus.FDeriv.Mul,0m29.399s,0m28.364s
Mathlib.MeasureTheory.Function.LpSeminorm.ChebyshevMarkov,0m2.306s,0m2.251s
Mathlib.Analysis.Calculus.ContDiff.CPolynomial,0m2.353s,0m2.202s
Mathlib.Probability.Kernel.Composition.CompNotation,0m2.041s,0m1.885s
Mathlib.Probability.Kernel.MeasurableLIntegral,0m2.162s,0m2.111s
Mathlib.Analysis.Calculus.ContDiff.RestrictScalars,0m3.487s,0m3.046s
Mathlib.Analysis.Calculus.IteratedDeriv.Defs,0m3.574s,0m3.322s
Mathlib.Probability.Kernel.Composition.MapComap,0m3.044s,0m2.833s
Mathlib.MeasureTheory.Group.LIntegral,0m2.319s,0m2.107s
Mathlib.MeasureTheory.Measure.EverywherePos,0m3.365s,0m3.275s
Mathlib.MeasureTheory.Constructions.Pi,0m4.363s,0m4.173s
Mathlib.Analysis.Calculus.FDeriv.ContinuousAlternatingMap,0m10.710s,0m9.556s
Mathlib.Analysis.Normed.Algebra.QuaternionExponential,0m3.277s,0m2.952s
Mathlib.MeasureTheory.Group.Prod,0m4.398s,0m4.474s
Mathlib.LinearAlgebra.Matrix.Permutation,0m2.857s,0m2.816s
Mathlib.AlgebraicGeometry.Sites.Pretopology,0m2.457s,0m2.417s
Mathlib.AlgebraicGeometry.Morphisms.Flat,0m2.648s,0m3.435s
Mathlib.AlgebraicGeometry.Morphisms.UniversallyInjective,0m2.295s,0m2.439s
Mathlib.AlgebraicGeometry.IdealSheaf.Functorial,0m2.856s,0m2.644s
Mathlib.Analysis.SpecialFunctions.ContinuousFunctionalCalculus.ExpLog,0m1.984s,0m2.021s
Mathlib.Geometry.Euclidean.Angle.Oriented.Basic,0m8.112s,0m8.055s
Mathlib.NumberTheory.Cyclotomic.Gal,0m2.849s,0m2.854s
Mathlib.AlgebraicGeometry.Morphisms.Separated,0m3.826s,0m3.646s
Mathlib.AlgebraicGeometry.Cover.Directed,0m5.447s,0m5.222s
Mathlib.AlgebraicGeometry.Morphisms.UniversallyClosed,0m4.240s,0m3.129s
Mathlib.Analysis.Calculus.DSlope,0m2.387s,0m2.398s
Mathlib.Analysis.Calculus.DiffContOnCl,0m2.520s,0m2.532s
Mathlib.NumberTheory.Cyclotomic.Discriminant,0m4.045s,0m3.978s
Mathlib.Probability.Kernel.Composition.Comp,0m2.259s,0m2.323s
Mathlib.Probability.Kernel.Proper,0m3.383s,0m3.364s
Mathlib.Analysis.Calculus.IteratedDeriv.ConvergenceOnBall,0m2.517s,0m2.439s
Mathlib.Dynamics.Ergodic.Action.Regular,0m2.029s,0m1.953s
Mathlib.Probability.Kernel.Composition.ParallelComp,0m2.217s,0m2.208s
Mathlib.MeasureTheory.Integral.Marginal,0m2.658s,0m2.633s
Mathlib.Analysis.Calculus.FDeriv.Pow,0m6.388s,0m6.199s
Mathlib.Analysis.LConvolution,0m2.743s,0m2.713s
Mathlib.LinearAlgebra.Matrix.Swap,0m2.498s,0m2.431s
Mathlib.Analysis.Convex.DoublyStochasticMatrix,0m2.845s,0m2.736s
Mathlib.AlgebraicGeometry.Sites.BigZariski,0m2.212s,0m2.206s
Mathlib.MeasureTheory.Measure.Haar.Basic,0m4.248s,0m4.273s
Mathlib.MeasureTheory.Function.LpSpace.Basic,0m9.253s,0m9.624s
Mathlib.Analysis.Calculus.ContDiff.Basic,0m18.455s,0m18.428s
Mathlib.AlgebraicGeometry.Morphisms.UniversallyOpen,0m2.749s,0m2.407s
Mathlib.AlgebraicGeometry.Sites.Small,0m3.665s,0m3.632s
Mathlib.Analysis.Calculus.Deriv.Mul,0m9.573s,0m9.711s
Mathlib.AlgebraicGeometry.Morphisms.Immersion,0m3.148s,0m3.277s
Mathlib.AlgebraicGeometry.Morphisms.FormallyUnramified,0m3.036s,0m2.950s
Mathlib.AlgebraicGeometry.Morphisms.Integral,0m2.568s,0m2.525s
Mathlib.Probability.Kernel.Composition.CompMap,0m1.889s,0m1.914s
Mathlib.Probability.Kernel.Irreducible,0m2.018s,0m2.016s
Mathlib.Probability.Decision.Risk.Defs,0m2.014s,0m2.077s
Mathlib.AlgebraicGeometry.RationalMap,0m5.092s,0m4.573s
Mathlib.Geometry.Euclidean.Angle.Oriented.Rotation,0m5.266s,0m5.285s
Mathlib.AlgebraicGeometry.GluingOneHypercover,0m2.204s,0m2.297s
Mathlib.Probability.Kernel.Composition.CompProd,0m3.001s,0m2.925s
Mathlib.Analysis.Analytic.IsolatedZeros,0m5.577s,0m5.594s
Mathlib.Analysis.Calculus.Deriv.Pow,0m3.047s,0m3.129s
Mathlib.MeasureTheory.Measure.WithDensity,0m3.873s,0m3.980s
Mathlib.Analysis.Convex.Birkhoff,0m4.075s,0m4.040s
Mathlib.MeasureTheory.Function.LpSpace.Complete,0m2.820s,0m2.919s
Mathlib.MeasureTheory.Function.LpSpace.Indicator,0m3.627s,0m3.646s
Mathlib.Analysis.Calculus.IteratedDeriv.FaaDiBruno,0m3.137s,0m3.468s
Mathlib.MeasureTheory.Function.LpSpace.ContinuousFunctions,0m4.409s,0m6.352s
Mathlib.Analysis.Calculus.Darboux,0m2.202s,0m2.433s
Mathlib.Analysis.Calculus.Deriv.MeanValue,0m3.090s,0m3.216s
Mathlib.MeasureTheory.Measure.Haar.OfBasis,0m5.886s,0m6.552s
Mathlib.Analysis.Calculus.Deriv.CompMul,0m2.075s,0m2.243s
Mathlib.AlgebraicGeometry.QuasiAffine,0m2.410s,0m2.725s
Mathlib.Analysis.Calculus.MeanValue,0m5.363s,0m5.668s
Mathlib.Analysis.Calculus.Deriv.Inv,0m3.319s,0m3.524s
Mathlib.Analysis.Calculus.LineDeriv.Basic,0m4.245s,0m4.564s
Mathlib.AlgebraicGeometry.Morphisms.Etale,0m2.413s,0m2.589s
Mathlib.AlgebraicGeometry.PointsPi,0m3.223s,0m3.443s
Mathlib.AlgebraicGeometry.Morphisms.Finite,0m2.692s,0m2.918s
Mathlib.Probability.Kernel.Composition.Prod,0m2.198s,0m2.506s
Mathlib.AlgebraicGeometry.Sites.Representability,0m2.852s,0m3.083s
Mathlib.Analysis.Calculus.Deriv.Polynomial,0m2.786s,0m3.071s
Mathlib.MeasureTheory.Function.AEEqOfLIntegral,0m2.264s,0m2.446s
Mathlib.Analysis.Meromorphic.Basic,0m4.216s,0m4.494s
Mathlib.Analysis.Analytic.Order,0m4.311s,0m4.633s
Mathlib.MeasureTheory.Function.L1Space.HasFiniteIntegral,0m3.071s,0m3.338s
Mathlib.MeasureTheory.Function.StronglyMeasurable.Lemmas,0m2.526s,0m2.763s
Mathlib.Geometry.Euclidean.Angle.Oriented.Affine,0m6.078s,0m6.263s
Mathlib.MeasureTheory.Integral.LebesgueNormedSpace,0m2.015s,0m2.275s
Mathlib.AlgebraicGeometry.AffineTransitionLimit,0m22.470s,0m24.391s
Mathlib.Analysis.Calculus.Deriv.Shift,0m2.209s,0m2.266s
Mathlib.MeasureTheory.Function.ConvergenceInMeasure,0m2.829s,0m2.848s
Mathlib.Analysis.Calculus.DerivativeTest,0m2.964s,0m3.074s
Mathlib.Analysis.Calculus.ContDiff.Operations,0m15.417s,0m17.126s
Mathlib.MeasureTheory.Measure.Lebesgue.Basic,0m4.039s,0m4.618s
Mathlib.Analysis.Convex.Deriv,0m4.228s,0m4.399s
Mathlib.Analysis.Calculus.ContDiff.RCLike,0m2.695s,0m2.845s
Mathlib.Analysis.Calculus.UniformLimitsDeriv,0m3.763s,0m3.982s
Mathlib.Analysis.Calculus.FDeriv.Extend,0m3.056s,0m3.259s
Mathlib.Analysis.Calculus.Taylor,0m4.533s,0m4.641s
Mathlib.Analysis.Calculus.LocalExtr.LineDeriv,0m2.619s,0m2.672s
Mathlib.Analysis.Calculus.LHopital,0m2.802s,0m2.874s
Mathlib.Analysis.Calculus.LineDeriv.Measurable,0m2.628s,0m2.736s
Mathlib.Analysis.Calculus.LineDeriv.QuadraticMap,0m2.717s,0m2.863s
Mathlib.AlgebraicGeometry.Sites.Etale,0m2.216s,0m2.338s
Mathlib.AlgebraicGeometry.Fiber,0m2.519s,0m2.627s
Mathlib.AlgebraicGeometry.Morphisms.Proper,0m2.719s,0m2.883s
Mathlib.Probability.Kernel.Composition.KernelLemmas,0m2.095s,0m2.119s
Mathlib.Analysis.Calculus.LocalExtr.Polynomial,0m2.073s,0m2.195s
Mathlib.NumberTheory.Transcendental.Liouville.Basic,0m3.274s,0m3.467s
Mathlib.Analysis.Meromorphic.IsolatedZeros,0m1.985s,0m2.132s
Mathlib.Probability.Kernel.IonescuTulcea.PartialTraj,0m3.328s,0m3.487s
Mathlib.MeasureTheory.Function.AEEqFun.DomAct,0m2.810s,0m3.096s
Mathlib.MeasureTheory.Measure.Decomposition.Lebesgue,0m4.043s,0m4.370s
Mathlib.Geometry.Euclidean.Angle.Oriented.Projection,0m2.602s,0m2.951s
Mathlib.Geometry.Euclidean.Triangle,0m3.717s,0m3.969s
Mathlib.MeasureTheory.Function.LpOrder,0m2.616s,0m2.876s
Mathlib.Analysis.Calculus.Deriv.ZPow,0m3.159s,0m3.587s
Mathlib.Geometry.Euclidean.Angle.Oriented.RightAngle,0m4.937s,0m5.412s
Mathlib.Analysis.Meromorphic.Order,0m7.203s,0m8.055s
Mathlib.Analysis.Calculus.ContDiff.FiniteDimension,0m2.621s,0m2.779s
Mathlib.Analysis.InnerProductSpace.Laplacian,0m4.063s,0m4.606s
Mathlib.Geometry.Euclidean.Angle.Bisector,0m6.267s,0m7.116s
Mathlib.AlgebraicGeometry.AffineSpace,0m10.647s,0m11.831s
Mathlib.Analysis.Calculus.ContDiff.WithLp,0m2.815s,0m3.086s
Mathlib.Analysis.SpecialFunctions.Sqrt,0m2.632s,0m2.881s
Mathlib.Geometry.Manifold.IsManifold.Basic,0m4.742s,0m5.148s
Mathlib.Analysis.Calculus.AddTorsor.AffineMap,0m2.101s,0m2.274s
Mathlib.Analysis.Calculus.BumpFunction.Basic,0m2.618s,0m2.860s
Mathlib.Analysis.Complex.RealDeriv,0m2.833s,0m3.079s
Mathlib.Analysis.Calculus.IteratedDeriv.Lemmas,0m3.407s,0m3.600s
Mathlib.Analysis.BoxIntegral.Partition.Measure,0m2.442s,0m2.663s
Mathlib.Analysis.SpecialFunctions.Pochhammer,0m2.333s,0m2.453s
Mathlib.Analysis.Analytic.IteratedFDeriv,0m4.992s,0m5.274s
Mathlib.Analysis.Calculus.ContDiff.Bounds,0m7.741s,0m7.913s
Mathlib.Analysis.Calculus.InverseFunctionTheorem.ContDiff,0m2.427s,0m2.678s
Mathlib.Topology.Algebra.InfiniteSum.TsumUniformlyOn,0m2.522s,0m2.658s
Mathlib.MeasureTheory.Measure.Hausdorff,0m6.068s,0m6.613s
Mathlib.MeasureTheory.Measure.Lebesgue.EqHaar,0m6.399s,0m6.859s
Mathlib.NumberTheory.Transcendental.Liouville.Residual,0m2.269s,0m2.467s
Mathlib.NumberTheory.Transcendental.Liouville.LiouvilleWith,0m2.805s,0m2.982s
Mathlib.NumberTheory.Transcendental.Liouville.LiouvilleNumber,0m2.498s,0m2.766s
Mathlib.Analysis.Calculus.SmoothSeries,0m4.558s,0m4.832s
Mathlib.AlgebraicGeometry.ValuativeCriterion,0m3.978s,0m4.311s
Mathlib.Geometry.Euclidean.Sphere.Ptolemy,0m2.621s,0m2.742s
Mathlib.Probability.Kernel.Composition.MeasureCompProd,0m2.501s,0m2.823s
Mathlib.MeasureTheory.Function.LpSpace.DomAct.Basic,0m4.296s,0m4.409s
Mathlib.Geometry.Euclidean.Congruence,0m2.940s,0m3.007s
Mathlib.Analysis.Calculus.IteratedDeriv.WithinZpow,0m2.071s,0m2.123s
Mathlib.Geometry.Euclidean.Angle.Unoriented.TriangleInequality,0m3.389s,0m3.673s
Mathlib.Analysis.Distribution.ContDiffMapSupportedIn,0m17.435s,0m19.030s
Mathlib.Analysis.Calculus.LogDeriv,0m3.605s,0m3.623s
Mathlib.Analysis.InnerProductSpace.Harmonic.Basic,0m2.812s,0m2.874s
Mathlib.Analysis.Meromorphic.Divisor,0m3.715s,0m3.844s
Mathlib.Analysis.Meromorphic.TrailingCoefficient,0m3.595s,0m3.837s
Mathlib.Geometry.Manifold.Metrizable,0m2.256s,0m2.479s
Mathlib.Geometry.Euclidean.Angle.Sphere,0m4.488s,0m4.792s
Mathlib.Analysis.Calculus.AddTorsor.Coord,0m2.305s,0m2.436s
Mathlib.Geometry.Manifold.LocalSourceTargetProperty,0m2.541s,0m2.644s
Mathlib.MeasureTheory.Function.L1Space.Integrable,0m7.347s,0m8.026s
Mathlib.Geometry.Manifold.IsManifold.ExtChartAt,0m4.575s,0m5.021s
Mathlib.Analysis.SpecialFunctions.ExpDeriv,0m3.583s,0m3.988s
Mathlib.Analysis.InnerProductSpace.Calculus,0m6.237s,0m6.986s
Mathlib.Analysis.Calculus.ImplicitContDiff,0m3.444s,0m4.007s
Mathlib.NumberTheory.Transcendental.Liouville.Measure,0m2.620s,0m2.904s
Mathlib.Analysis.Convex.Measure,0m2.588s,0m2.848s
Mathlib.Topology.MetricSpace.HausdorffDimension,0m3.305s,0m3.988s
Mathlib.MeasureTheory.Measure.Haar.InnerProductSpace,0m4.156s,0m4.474s
Mathlib.Analysis.BoxIntegral.Basic,0m7.019s,0m7.511s
Mathlib.Probability.Kernel.Composition.MeasureComp,0m2.230s,0m2.463s
Mathlib.Probability.Kernel.Disintegration.Basic,0m2.653s,0m2.786s
Mathlib.Analysis.Calculus.FDeriv.Symmetric,0m8.088s,0m7.869s
Mathlib.Analysis.Meromorphic.NormalForm,0m4.059s,0m3.712s
Mathlib.MeasureTheory.Function.UniformIntegrable,0m4.388s,0m4.032s
Mathlib.Probability.Moments.IntegrableExpMul,0m4.336s,0m4.401s
Mathlib.MeasureTheory.Function.L1Space.AEEqFun,0m3.121s,0m3.051s
Mathlib.Analysis.Distribution.TestFunction,0m6.538s,0m6.853s
Mathlib.AlgebraicGeometry.ProjectiveSpectrum.Proper,0m8.094s,0m8.361s
Mathlib.Probability.Distributions.Fernique,0m5.821s,0m6.163s
Mathlib.Geometry.Manifold.IsManifold.InteriorBoundary,0m2.755s,0m2.883s
Mathlib.MeasureTheory.Integral.IntegrableOn,0m3.851s,0m4.087s
Mathlib.Geometry.Manifold.MFDeriv.Defs,0m2.735s,0m2.724s
Mathlib.Analysis.SpecialFunctions.Complex.LogDeriv,0m2.612s,0m2.617s
Mathlib.Geometry.Manifold.Immersion,0m4.670s,0m4.693s
Mathlib.RingTheory.Polynomial.Hermite.Gaussian,0m2.306s,0m2.295s
Mathlib.Analysis.SpecialFunctions.SmoothTransition,0m2.405s,0m2.503s
Mathlib.Analysis.SpecialFunctions.Sigmoid,0m2.836s,0m2.949s
Mathlib.Analysis.SpecialFunctions.MulExpNegMulSq,0m2.390s,0m2.441s
Mathlib.Geometry.Manifold.ContMDiff.Defs,0m4.657s,0m5.089s
Mathlib.Analysis.ODE.Gronwall,0m2.920s,0m2.927s
Mathlib.Analysis.Calculus.Deriv.Abs,0m3.431s,0m3.770s
Mathlib.Analysis.SpecialFunctions.Log.Deriv,0m5.902s,0m6.239s
Mathlib.Analysis.InnerProductSpace.EuclideanDist,0m3.242s,0m3.434s
Mathlib.Geometry.Euclidean.Inversion.Calculus,0m3.500s,0m3.665s
Mathlib.MeasureTheory.Measure.Lebesgue.Complex,0m2.597s,0m2.719s
Mathlib.Analysis.InnerProductSpace.Rayleigh,0m3.844s,0m3.887s
Mathlib.Probability.Kernel.Invariance,0m2.033s,0m2.161s
Mathlib.Probability.Kernel.Composition.Lemmas,0m1.981s,0m2.095s
Mathlib.Probability.Decision.Risk.Basic,0m2.525s,0m2.629s
Mathlib.Analysis.BoxIntegral.DivergenceTheorem,0m3.529s,0m3.603s
Mathlib.Analysis.SpecialFunctions.Trigonometric.Deriv,0m8.492s,0m8.984s
Mathlib.Probability.Independence.Kernel.Indep,0m3.779s,0m4.009s
Mathlib.MeasureTheory.Function.UnifTight,0m2.839s,0m3.089s
Mathlib.Analysis.Meromorphic.FactorizedRational,0m3.871s,0m4.194s
Mathlib.MeasureTheory.SpecificCodomains.ContinuousMap,0m2.333s,0m2.664s
Mathlib.NumberTheory.EulerProduct.ExpLog,0m2.282s,0m2.481s
Mathlib.Analysis.Calculus.BumpFunction.InnerProduct,0m2.416s,0m2.630s
Mathlib.Analysis.Calculus.DifferentialForm.Basic,0m5.133s,0m5.548s
Mathlib.Geometry.Manifold.Instances.Real,0m4.589s,0m5.065s
Mathlib.Analysis.Calculus.VectorField,0m6.344s,0m6.815s
Mathlib.MeasureTheory.Function.LocallyIntegrable,0m3.980s,0m5.064s
Mathlib.Geometry.Manifold.ContMDiff.Basic,0m3.327s,0m3.596s
Mathlib.Tactic.FunProp.Differentiable,0m1.874s,0m2.025s
Mathlib.Analysis.Calculus.FDeriv.Norm,0m3.458s,0m3.636s
Mathlib.Geometry.Manifold.Notation,0m3.910s,0m4.355s
Mathlib.MeasureTheory.Function.SimpleFuncDenseLp,0m8.176s,0m8.991s
Mathlib.Analysis.SpecialFunctions.Log.NegMulLog,0m2.426s,0m2.574s
Mathlib.Analysis.Complex.ExponentialBounds,0m2.307s,0m2.431s
Mathlib.Analysis.Convex.SpecificFunctions.Deriv,0m2.520s,0m2.558s
Mathlib.Analysis.SpecialFunctions.Trigonometric.ComplexDeriv,0m2.102s,0m2.219s
Mathlib.Analysis.SpecialFunctions.Trigonometric.InverseDeriv,0m2.508s,0m2.525s
Mathlib.Analysis.InnerProductSpace.Spectrum,0m4.462s,0m4.573s
Mathlib.Analysis.SpecialFunctions.Arsinh,0m2.702s,0m2.910s
Mathlib.MeasureTheory.SpecificCodomains.ContinuousMapZero,0m2.514s,0m2.548s
Mathlib.Geometry.Manifold.Bordism,0m2.934s,0m3.064s
Mathlib.Geometry.Manifold.ContMDiff.Atlas,0m3.017s,0m3.163s
Mathlib.Analysis.SpecialFunctions.Pow.Deriv,0m6.105s,0m6.416s
Mathlib.Tactic.FunProp.ContDiff,0m2.013s,0m2.037s
Mathlib.Geometry.Manifold.MFDeriv.Basic,0m10.376s,0m10.843s
Mathlib.Probability.Independence.Kernel.IndepFun,0m6.032s,0m6.244s
Mathlib.Computability.AkraBazzi.SumTransform,0m9.994s,0m10.241s
Mathlib.MeasureTheory.Function.StronglyMeasurable.Lp,0m2.315s,0m2.420s
Mathlib.MeasureTheory.Function.LpSpace.ContinuousCompMeasurePreserving,0m2.545s,0m2.764s
Mathlib.Geometry.Manifold.ContMDiff.Constructions,0m4.744s,0m4.827s
Mathlib.Data.Complex.ExponentialBounds,0m1.999s,0m1.909s
Mathlib.NumberTheory.Harmonic.EulerMascheroni,0m2.507s,0m2.518s
Mathlib.MeasureTheory.Measure.SeparableMeasure,0m4.682s,0m4.644s
Mathlib.Analysis.SpecialFunctions.BinaryEntropy,0m3.325s,0m3.257s
Mathlib.Analysis.InnerProductSpace.Trace,0m2.412s,0m2.307s
Mathlib.NumberTheory.Bertrand,0m2.831s,0m2.813s
Mathlib.MeasureTheory.Integral.FinMeasAdditive,0m4.583s,0m4.550s
Mathlib.Analysis.SpecialFunctions.Trigonometric.ArctanDeriv,0m2.849s,0m2.840s
Mathlib.Combinatorics.Additive.AP.Three.Behrend,0m4.124s,0m4.074s
Mathlib.Analysis.InnerProductSpace.JointEigenspace,0m2.837s,0m2.720s
Mathlib.Probability.Independence.Kernel,0m1.822s,0m1.790s
Mathlib.Geometry.Manifold.MFDeriv.FDeriv,0m2.525s,0m2.539s
Mathlib.Analysis.InnerProductSpace.NormPow,0m3.301s,0m3.232s
Mathlib.Analysis.Matrix.Spectrum,0m4.849s,0m4.707s
Mathlib.MeasureTheory.Function.LpSpace.DomAct.Continuous,0m2.317s,0m2.314s
Mathlib.Probability.Independence.Basic,0m4.036s,0m4.079s
Mathlib.Analysis.InnerProductSpace.Positive,0m7.248s,0m7.241s
Mathlib.Analysis.Complex.UpperHalfPlane.Metric,0m7.389s,0m3.241s
Mathlib.MeasureTheory.Function.ConditionalExpectation.AEMeasurable,0m5.096s,0m5.070s
Mathlib.Analysis.SpecialFunctions.Trigonometric.Bounds,0m2.973s,0m3.011s
Mathlib.Combinatorics.Extremal.RuzsaSzemeredi,0m3.255s,0m3.240s
Mathlib.Geometry.Manifold.Instances.Icc,0m3.351s,0m3.225s
Mathlib.Computability.AkraBazzi.AkraBazzi,0m8.096s,0m8.272s
Mathlib.Probability.Independence.Integrable,0m2.311s,0m2.318s
Mathlib.Analysis.Matrix.PosDef,0m3.029s,0m3.036s
Mathlib.Analysis.Matrix.HermitianFunctionalCalculus,0m4.628s,0m4.571s
Mathlib.Probability.Independence.Process,0m2.718s,0m2.736s
Mathlib.Analysis.SpecialFunctions.Trigonometric.Sinc,0m2.221s,0m2.185s
Mathlib.Analysis.Matrix.LDL,0m2.834s,0m2.839s
Mathlib.Analysis.Complex.Angle,0m2.639s,0m2.603s
Mathlib.Analysis.Real.Pi.Bounds,0m3.117s,0m3.053s
Mathlib.Data.Real.Pi.Bounds,0m1.900s,0m1.995s
Mathlib.LinearAlgebra.Matrix.HermitianFunctionalCalculus,0m2.182s,0m2.214s
Mathlib.MeasureTheory.Function.SpecialFunctions.Sinc,0m2.317s,0m2.327s
Mathlib.Geometry.Manifold.ContMDiff.NormedSpace,0m12.448s,0m12.454s
Mathlib.Geometry.Manifold.ContMDiffMap,0m2.846s,0m2.833s
Mathlib.Geometry.Manifold.MFDeriv.SpecificFunctions,0m11.376s,0m11.669s
Mathlib.Geometry.Manifold.VectorBundle.FiberwiseLinear,0m4.789s,0m4.687s
Mathlib.MeasureTheory.Integral.SetToL1,0m16.985s,0m18.174s
Mathlib.Analysis.Matrix.Order,0m9.256s,0m8.971s
Mathlib.Geometry.Manifold.Algebra.Monoid,0m5.172s,0m5.410s
Mathlib.Combinatorics.SimpleGraph.LapMatrix,0m3.263s,0m3.178s
Mathlib.Geometry.Manifold.Algebra.LieGroup,0m3.311s,0m3.328s
Mathlib.Geometry.Manifold.VectorBundle.Basic,0m6.635s,0m6.562s
Mathlib.Geometry.Manifold.Algebra.Structures,0m2.434s,0m2.445s
Mathlib.Geometry.Manifold.Instances.UnitsOfNormedAlgebra,0m2.521s,0m2.572s
Mathlib.Geometry.Manifold.VectorBundle.Pullback,0m2.353s,0m2.312s
Mathlib.MeasureTheory.Integral.Bochner.L1,0m7.848s,0m7.805s
Mathlib.MeasureTheory.Integral.BochnerL1,0m2.097s,0m2.113s
Mathlib.Geometry.Manifold.VectorBundle.SmoothSection,0m5.405s,0m5.327s
Mathlib.Geometry.Manifold.Algebra.SmoothFunctions,0m5.191s,0m5.111s
Mathlib.Geometry.Manifold.VectorBundle.Tangent,0m5.331s,0m5.352s
Mathlib.Geometry.Manifold.MFDeriv.NormedSpace,0m12.851s,0m12.889s
Mathlib.Geometry.Manifold.Instances.Sphere,0m8.003s,0m7.699s
Mathlib.Geometry.Manifold.MFDeriv.Atlas,0m3.826s,0m3.881s
Mathlib.Topology.Compactification.OnePoint.Sphere,0m2.834s,0m2.712s
Mathlib.Geometry.Manifold.MFDeriv.UniqueDifferential,0m2.698s,0m2.808s
Mathlib.Geometry.Manifold.DerivationBundle,0m6.130s,0m6.333s
Mathlib.Geometry.Manifold.Sheaf.Smooth,0m6.087s,0m6.098s
Mathlib.MeasureTheory.Integral.Bochner.Basic,0m7.743s,0m7.692s
Mathlib.Geometry.Manifold.VectorBundle.MDifferentiable,0m6.654s,0m6.655s
Mathlib.MeasureTheory.Integral.CompactlySupported,0m2.648s,0m2.540s
Mathlib.Geometry.Manifold.Sheaf.LocallyRingedSpace,0m3.131s,0m3.122s
Mathlib.MeasureTheory.Integral.Bochner.VitaliCaratheodory,0m3.042s,0m3.052s
Mathlib.Probability.ProbabilityMassFunction.Integrals,0m2.295s,0m2.300s
Mathlib.Probability.Kernel.Integral,0m2.292s,0m2.306s
Mathlib.MeasureTheory.Integral.BoundedContinuousFunction,0m2.611s,0m2.614s
Mathlib.MeasureTheory.Group.Integral,0m3.365s,0m3.439s
Mathlib.MeasureTheory.Function.ContinuousMapDense,0m2.996s,0m3.485s
Mathlib.Geometry.Manifold.Diffeomorph,0m7.181s,0m8.279s
Mathlib.MeasureTheory.Integral.Bochner,0m2.094s,0m2.389s
Mathlib.MeasureTheory.Integral.Bochner.Set,0m7.369s,0m7.580s
Mathlib.MeasureTheory.Integral.VitaliCaratheodory,0m2.107s,0m2.150s
Mathlib.MeasureTheory.Measure.HasOuterApproxClosed,0m2.615s,0m2.717s
Mathlib.Geometry.Manifold.MFDeriv.Tangent,0m2.529s,0m2.631s
Mathlib.Geometry.Manifold.VectorBundle.LocalFrame,0m4.502s,0m4.595s
Mathlib.Geometry.Manifold.PoincareConjecture,0m2.721s,0m2.722s
Mathlib.MeasureTheory.Function.Holder,0m7.963s,0m7.959s
Mathlib.Analysis.BoxIntegral.Integrability,0m3.237s,0m3.325s
Mathlib.Geometry.Manifold.LocalDiffeomorph,0m3.777s,0m3.851s
Mathlib.MeasureTheory.Measure.Haar.NormedSpace,0m3.731s,0m3.817s
Mathlib.Probability.Kernel.SetIntegral,0m2.211s,0m2.117s
Mathlib.MeasureTheory.Integral.Bochner.FundThmCalculus,0m2.299s,0m2.387s
Mathlib.MeasureTheory.Integral.Bochner.ContinuousLinearMap,0m4.649s,0m4.557s
Mathlib.Geometry.Manifold.Algebra.LeftInvariantDerivation,0m14.465s,0m15.196s
Mathlib.Geometry.Manifold.IntegralCurve.Basic,0m3.237s,0m3.217s
Mathlib.Analysis.Calculus.BumpFunction.Normed,0m2.935s,0m3.051s
Mathlib.MeasureTheory.Function.AEEqOfIntegral,0m3.194s,0m3.139s
Mathlib.MeasureTheory.Integral.Asymptotics,0m2.524s,0m2.527s
Mathlib.Geometry.Manifold.VectorBundle.Hom,0m15.021s,0m14.821s
Mathlib.MeasureTheory.Integral.RieszMarkovKakutani.Real,0m7.417s,0m7.482s
Mathlib.Analysis.CStarAlgebra.ContinuousFunctionalCalculus.Integral,0m5.269s,0m5.522s
Mathlib.MeasureTheory.Function.L2Space,0m4.149s,0m4.087s
Mathlib.MeasureTheory.Integral.SetIntegral,0m2.121s,0m2.124s
Mathlib.MeasureTheory.SpecificCodomains.Pi,0m2.746s,0m2.716s
Mathlib.Probability.Kernel.WithDensity,0m2.799s,0m2.823s
Mathlib.MeasureTheory.Measure.FiniteMeasure,0m4.644s,0m4.579s
Mathlib.MeasureTheory.Measure.Decomposition.RadonNikodym,0m3.040s,0m3.038s
Mathlib.MeasureTheory.Group.FundamentalDomain,0m13.389s,0m13.403s
Mathlib.MeasureTheory.VectorMeasure.WithDensity,0m2.834s,0m2.849s
Mathlib.Geometry.Manifold.IntegralCurve.Transform,0m3.335s,0m3.335s
Mathlib.MeasureTheory.Function.ConditionalExpectation.Unique,0m2.628s,0m2.539s
Mathlib.Probability.Kernel.Disintegration.CDFToKernel,0m3.705s,0m3.623s
Mathlib.MeasureTheory.SpecificCodomains.WithLp,0m2.621s,0m2.633s
Mathlib.MeasureTheory.Integral.Average,0m6.147s,0m6.118s
Mathlib.Dynamics.Ergodic.RadonNikodym,0m2.442s,0m2.418s
Mathlib.MeasureTheory.Integral.RieszMarkovKakutani.NNReal,0m3.674s,0m3.726s
Mathlib.MeasureTheory.Integral.IntervalIntegral.Basic,0m6.881s,0m6.881s
Mathlib.Probability.Density,0m2.945s,0m3.023s
Mathlib.MeasureTheory.Measure.Tilted,0m2.926s,0m2.923s
Mathlib.Geometry.Manifold.ContMDiffMFDeriv,0m5.708s,0m5.643s
Mathlib.MeasureTheory.Group.GeometryOfNumbers,0m3.648s,0m3.558s
Mathlib.MeasureTheory.VectorMeasure.Decomposition.Lebesgue,0m3.538s,0m3.420s
Mathlib.Probability.Kernel.Disintegration.CondCDF,0m2.622s,0m2.744s
Mathlib.Analysis.Convex.Integral,0m3.461s,0m3.436s
Mathlib.MeasureTheory.Measure.ProbabilityMeasure,0m4.156s,0m4.238s
Mathlib.MeasureTheory.Function.Intersectivity,0m3.073s,0m3.047s
Mathlib.MeasureTheory.Function.ConditionalExpectation.CondexpL2,0m5.955s,0m5.916s
Mathlib.MeasureTheory.Covering.Differentiation,0m4.045s,0m3.976s
Mathlib.Dynamics.Ergodic.Extreme,0m2.607s,0m2.523s
Mathlib.MeasureTheory.Integral.IntervalAverage,0m2.709s,0m2.588s
Mathlib.MeasureTheory.Integral.IntervalIntegral.Slope,0m3.794s,0m3.597s
Mathlib.Analysis.SumIntegralComparisons,0m3.511s,0m3.417s
Mathlib.MeasureTheory.Integral.Layercake,0m3.655s,0m3.619s
Mathlib.Algebra.Module.ZLattice.Basic,0m10.016s,0m10.076s
Mathlib.MeasureTheory.Measure.LogLikelihoodRatio,0m2.496s,0m2.635s
Mathlib.Geometry.Manifold.VectorBundle.Riemannian,0m16.011s,0m16.852s
Mathlib.Probability.CDF,0m2.428s,0m2.458s
Mathlib.MeasureTheory.VectorMeasure.Decomposition.RadonNikodym,0m2.311s,0m2.435s
Mathlib.MeasureTheory.Integral.CurveIntegral.Basic,0m6.253s,0m6.324s
Mathlib.MeasureTheory.Integral.DominatedConvergence,0m4.199s,0m4.293s
Mathlib.MeasureTheory.Measure.Decomposition.IntegralRNDeriv,0m2.759s,0m2.818s
Mathlib.MeasureTheory.Measure.DiracProba,0m2.414s,0m2.437s
Mathlib.MeasureTheory.Covering.DensityTheorem,0m2.522s,0m2.614s
Mathlib.InformationTheory.KullbackLeibler.KLFun,0m2.802s,0m2.716s
Mathlib.Geometry.Manifold.VectorField.Pullback,0m6.438s,0m6.099s
Mathlib.Analysis.BoxIntegral.UnitPartition,0m4.276s,0m4.163s
Mathlib.MeasureTheory.Covering.Besicovitch,0m5.412s,0m5.094s
Mathlib.MeasureTheory.Function.ConditionalExpectation.CondexpL1,0m5.678s,0m5.597s
Mathlib.MeasureTheory.Measure.Portmanteau,0m5.016s,0m5.003s
Mathlib.Probability.Kernel.MeasurableIntegral,0m3.336s,0m3.269s
Mathlib.MeasureTheory.Covering.LiminfLimsup,0m3.027s,0m3.033s
Mathlib.Algebra.Module.ZLattice.Summable,0m7.998s,0m7.661s
Mathlib.Analysis.Calculus.ParametricIntegral,0m4.636s,0m4.645s
Mathlib.MeasureTheory.Measure.Haar.Quotient,0m5.711s,0m5.747s
Mathlib.MeasureTheory.Integral.Prod,0m4.464s,0m4.467s
Mathlib.MeasureTheory.Covering.OneDim,0m2.387s,0m2.445s
Mathlib.InformationTheory.KullbackLeibler.Basic,0m2.749s,0m2.692s
Mathlib.MeasureTheory.Integral.IntervalIntegral.FundThmCalculus,0m7.136s,0m6.965s
Mathlib.MeasureTheory.Function.ConditionalExpectation.Basic,0m3.653s,0m3.724s
Mathlib.MeasureTheory.Function.ConvergenceInDistribution,0m3.941s,0m3.932s
Mathlib.MeasureTheory.Covering.BesicovitchVectorSpace,0m4.852s,0m4.694s
Mathlib.MeasureTheory.Measure.LevyProkhorovMetric,0m4.952s,0m4.929s
Mathlib.Analysis.Calculus.ParametricIntervalIntegral,0m2.977s,0m2.920s
Mathlib.Probability.Kernel.Composition.IntegralCompProd,0m3.728s,0m3.665s
Mathlib.Geometry.Manifold.VectorField.LieBracket,0m6.510s,0m6.518s
Mathlib.Algebra.Module.ZLattice.Covolume,0m6.842s,0m6.636s
Mathlib.MeasureTheory.Integral.IntervalIntegral.Periodic,0m3.641s,0m3.747s
Mathlib.MeasureTheory.Group.IntegralConvolution,0m2.430s,0m2.416s
Mathlib.MeasureTheory.Integral.Pi,0m2.977s,0m3.012s
Mathlib.Analysis.Calculus.Monotone,0m3.041s,0m3.223s
Mathlib.MeasureTheory.Integral.DivergenceTheorem,0m6.211s,0m6.434s
Mathlib.MeasureTheory.Integral.IntervalIntegral.LebesgueDifferentiationThm,0m3.136s,0m3.281s
Mathlib.Analysis.SpecialFunctions.NonIntegrable,0m3.264s,0m3.093s
Mathlib.Analysis.Fourier.FourierTransform,0m7.008s,0m6.974s
Mathlib.NumberTheory.Transcendental.Lindemann.AnalyticalPart,0m3.042s,0m3.061s
Mathlib.MeasureTheory.Integral.FundThmCalculus,0m2.201s,0m2.220s
Mathlib.MeasureTheory.Integral.IntervalIntegral.ContDiff,0m2.603s,0m2.622s
Mathlib.Probability.Notation,0m2.595s,0m2.546s
Mathlib.MeasureTheory.Measure.Haar.Unique,0m8.989s,0m8.979s
Mathlib.MeasureTheory.Measure.HasOuterApproxClosedProd,0m9.258s,0m9.239s
Mathlib.MeasureTheory.Integral.IntervalIntegral.IntegrationByParts,0m4.373s,0m4.352s
Mathlib.MeasureTheory.Function.ConditionalExpectation.Indicator,0m2.654s,0m2.618s
Mathlib.MeasureTheory.Order.UpperLower,0m2.992s,0m2.951s
Mathlib.MeasureTheory.Integral.Periodic,0m2.204s,0m2.246s
Mathlib.MeasureTheory.Measure.FiniteMeasurePi,0m2.733s,0m2.740s
Mathlib.MeasureTheory.Measure.FiniteMeasureProd,0m3.016s,0m3.166s
Mathlib.MeasureTheory.Group.AddCircle,0m2.996s,0m2.977s
Mathlib.Analysis.BoundedVariation,0m2.639s,0m2.683s
Mathlib.MeasureTheory.Function.Jacobian,0m5.046s,0m5.002s
Mathlib.Analysis.SpecialFunctions.Integrability.Basic,0m3.330s,0m3.350s
Mathlib.Geometry.Manifold.GroupLieAlgebra,0m4.642s,0m4.847s
Mathlib.Probability.Independence.Integration,0m3.212s,0m3.250s
Mathlib.Probability.ConditionalExpectation,0m2.843s,0m2.924s
Mathlib.Probability.Distributions.Uniform,0m4.090s,0m4.091s
Mathlib.MeasureTheory.Measure.Lebesgue.Integral,0m2.626s,0m2.592s
Mathlib.MeasureTheory.Integral.CircleIntegral,0m5.071s,0m4.873s
Mathlib.Analysis.Fourier.RiemannLebesgueLemma,0m4.680s,0m4.523s
Mathlib.MeasureTheory.Group.ModularCharacter,0m3.053s,0m3.071s
Mathlib.MeasureTheory.Integral.CurveIntegral.Poincare,0m8.730s,0m8.301s
Mathlib.MeasureTheory.Measure.Haar.MulEquivHaarChar,0m2.936s,0m2.922s
Mathlib.Dynamics.Ergodic.Action.OfMinimal,0m4.346s,0m4.349s
Mathlib.MeasureTheory.Constructions.UnitInterval,0m2.541s,0m2.616s
Mathlib.MeasureTheory.Measure.Haar.DistribChar,0m3.372s,0m3.264s
Mathlib.MeasureTheory.Measure.Haar.Disintegration,0m5.254s,0m5.525s
Mathlib.MeasureTheory.Integral.IntervalIntegral,0m2.217s,0m2.236s
Mathlib.MeasureTheory.Integral.IntegrationByParts,0m2.224s,0m2.227s
Mathlib.Analysis.Convolution,0m22.544s,0m22.003s
Mathlib.MeasureTheory.Function.ConditionalExpectation.Real,0m2.728s,0m2.731s
Mathlib.Analysis.Fourier.AddCircle,0m4.842s,0m4.875s
Mathlib.Dynamics.Ergodic.AddCircle,0m3.126s,0m3.036s
Mathlib.MeasureTheory.Function.AbsolutelyContinuous,0m4.055s,0m4.053s
Mathlib.MeasureTheory.Function.ConditionalExpectation.PullOut,0m4.789s,0m4.577s
Mathlib.Probability.Independence.BoundedContinuousFunction,0m6.638s,0m6.559s
Mathlib.Probability.Integration,0m2.215s,0m2.184s
Mathlib.Analysis.SpecialFunctions.JapaneseBracket,0m2.846s,0m2.739s
Mathlib.MeasureTheory.Function.JacobianOneDim,0m4.105s,0m3.908s
Mathlib.Analysis.SpecialFunctions.PolarCoord,0m4.122s,0m3.935s
Mathlib.Probability.Moments.Covariance,0m3.020s,0m3.024s
Mathlib.Analysis.SpecialFunctions.Integrals.Basic,0m4.273s,0m4.053s
Mathlib.Analysis.SpecialFunctions.Integrability.LogMeromorphic,0m3.040s,0m3.063s
Mathlib.Dynamics.Ergodic.AddCircleAdd,0m2.308s,0m2.313s
Mathlib.MeasureTheory.Integral.CircleTransform,0m3.511s,0m3.463s
Mathlib.MeasureTheory.Integral.TorusIntegral,0m3.766s,0m3.669s
Mathlib.MeasureTheory.Integral.CircleAverage,0m3.739s,0m3.785s
Mathlib.Probability.Process.Filtration,0m2.903s,0m2.813s
Mathlib.Analysis.Complex.CauchyIntegral,0m4.956s,0m5.006s
Mathlib.NumberTheory.ZetaValues,0m3.770s,0m3.735s
Mathlib.Analysis.Calculus.BumpFunction.FiniteDimension,0m6.140s,0m6.042s
Mathlib.Analysis.Fourier.AddCircleMulti,0m4.493s,0m4.366s
Mathlib.NumberTheory.WellApproximable,0m4.119s,0m4.039s
Mathlib.Geometry.Manifold.Riemannian.PathELength,0m3.823s,0m3.760s
Mathlib.Analysis.Distribution.TemperateGrowth,0m5.526s,0m5.480s
Mathlib.MeasureTheory.Integral.IntervalIntegral.DerivIntegrable,0m6.021s,0m6.084s
Mathlib.Probability.Moments.Variance,0m3.651s,0m3.627s
Mathlib.NumberTheory.Harmonic.Bounds,0m2.483s,0m2.537s
Mathlib.MeasureTheory.Constructions.HaarToSphere,0m3.853s,0m3.741s
Mathlib.Analysis.SpecialFunctions.Complex.LogBounds,0m4.922s,0m4.855s
Mathlib.Analysis.SpecialFunctions.Pow.Integral,0m2.427s,0m2.501s
Mathlib.Analysis.Real.Pi.Wallis,0m2.746s,0m2.735s
Mathlib.Analysis.Real.Pi.Chudnovsky,0m2.596s,0m2.625s
Mathlib.MeasureTheory.Integral.IntervalIntegral.TrapezoidalRule,0m4.183s,0m4.264s
Mathlib.MeasureTheory.Function.FactorsThrough,0m2.439s,0m2.414s
Mathlib.Analysis.Complex.ValueDistribution.ProximityFunction,0m2.692s,0m2.732s
Mathlib.Analysis.SpecialFunctions.Integrals.LogTrigonometric,0m3.378s,0m3.365s
Mathlib.MeasureTheory.Integral.IntegralEqImproper,0m7.638s,0m7.488s
Mathlib.Analysis.Real.Pi.Irrational,0m4.386s,0m4.307s
Mathlib.Probability.Process.PartitionFiltration,0m2.316s,0m2.321s
Mathlib.Probability.Process.Adapted,0m2.636s,0m2.635s
Mathlib.Analysis.Complex.RemovableSingularity,0m2.931s,0m2.952s
Mathlib.Analysis.ODE.PicardLindelof,0m4.746s,0m4.759s
Mathlib.Analysis.SpecialFunctions.Complex.Analytic,0m2.874s,0m2.913s
Mathlib.Analysis.Complex.MeanValue,0m2.537s,0m2.554s
Mathlib.Analysis.Complex.UpperHalfPlane.Manifold,0m2.784s,0m2.731s
Mathlib.Analysis.Complex.TaylorSeries,0m2.814s,0m2.803s
Mathlib.Analysis.Complex.HasPrimitives,0m3.704s,0m3.696s
Mathlib.Analysis.Complex.Liouville,0m3.134s,0m3.145s
Mathlib.Analysis.Complex.AbsMax,0m3.229s,0m3.105s
Mathlib.Analysis.Calculus.BumpFunction.Convolution,0m3.173s,0m3.251s
Mathlib.Probability.CondVar,0m3.145s,0m3.247s
Mathlib.Geometry.Manifold.BumpFunction,0m3.354s,0m3.352s
Mathlib.Probability.Variance,0m2.203s,0m2.247s
Mathlib.Probability.HasLaw,0m2.434s,0m2.517s
Mathlib.Probability.IdentDistrib,0m2.792s,0m2.835s
Mathlib.Analysis.SpecialFunctions.Complex.Arctan,0m3.146s,0m3.082s
Mathlib.Analysis.SpecialFunctions.Log.Summable,0m2.836s,0m2.815s
Mathlib.Analysis.SpecialFunctions.MulExpNegMulSqIntegral,0m4.242s,0m4.210s
Mathlib.Data.Real.Pi.Wallis,0m2.269s,0m2.211s
Mathlib.Analysis.SpecialFunctions.Stirling,0m3.205s,0m3.168s
Mathlib.Data.Real.Pi.Irrational,0m2.215s,0m2.322s
Mathlib.Geometry.Manifold.Riemannian.Basic,0m8.097s,0m7.584s
Mathlib.MeasureTheory.Integral.ExpDecay,0m2.409s,0m2.429s
Mathlib.Analysis.SpecialFunctions.ImproperIntegrals,0m3.687s,0m3.478s
Mathlib.Probability.Kernel.IonescuTulcea.Traj,0m4.528s,0m4.423s
Mathlib.Probability.Moments.CovarianceBilinDual,0m7.168s,0m6.912s
Mathlib.Analysis.Calculus.LineDeriv.IntegrationByParts,0m4.286s,0m4.248s
Mathlib.NumberTheory.AbelSummation,0m5.322s,0m5.327s
Mathlib.Probability.Process.Predictable,0m3.308s,0m3.262s
Mathlib.MeasureTheory.Integral.PeakFunction,0m4.840s,0m4.818s
Mathlib.Analysis.Complex.Periodic,0m2.806s,0m2.816s
Mathlib.Analysis.Complex.LocallyUniformLimit,0m2.836s,0m2.795s
Mathlib.Geometry.Manifold.IntegralCurve.ExistUnique,0m3.342s,0m3.354s
Mathlib.Analysis.InnerProductSpace.Harmonic.Constructions,0m3.050s,0m3.030s
Mathlib.Probability.Process.Stopping,0m6.520s,0m6.462s
Mathlib.Analysis.Complex.Positivity,0m2.432s,0m2.430s
Mathlib.Analysis.Analytic.Binomial,0m3.982s,0m3.958s
Mathlib.Analysis.FunctionalSpaces.SobolevInequality,0m9.901s,0m9.569s
Mathlib.Analysis.Complex.Polynomial.Basic,0m3.232s,0m3.272s
Mathlib.Analysis.Complex.OpenMapping,0m2.956s,0m2.994s
Mathlib.Geometry.Manifold.Complex,0m2.612s,0m2.610s
Mathlib.Analysis.Complex.Harmonic.Analytic,0m4.835s,0m4.666s
Mathlib.Analysis.Complex.Schwarz,0m2.635s,0m2.683s
Mathlib.NumberTheory.ModularForms.Basic,0m5.724s,0m5.713s
Mathlib.Analysis.Calculus.BumpFunction.SmoothApprox,0m2.522s,0m2.546s
Mathlib.Probability.Process.FiniteDimensionalLaws,0m2.414s,0m2.329s
Mathlib.Analysis.Complex.PhragmenLindelof,0m4.150s,0m4.272s
Mathlib.Analysis.Real.Pi.Leibniz,0m2.588s,0m2.611s
Mathlib.Probability.Moments.Basic,0m3.219s,0m3.271s
Mathlib.Analysis.Normed.Module.MultipliableUniformlyOn,0m3.742s,0m3.793s
Mathlib.Geometry.Manifold.PartitionOfUnity,0m5.484s,0m5.404s
Mathlib.Probability.Distributions.Pareto,0m2.638s,0m2.720s
Mathlib.MeasureTheory.Measure.FiniteMeasureExt,0m3.139s,0m3.159s
Mathlib.Analysis.SpecialFunctions.Gamma.Basic,0m3.627s,0m3.520s
Mathlib.Analysis.MellinTransform,0m4.791s,0m4.679s
Mathlib.Probability.StrongLaw,0m7.858s,0m7.717s
Mathlib.Analysis.Distribution.SchwartzSpace,0m20.935s,0m20.323s
Mathlib.NumberTheory.LSeries.SumCoeff,0m4.750s,0m4.806s
Mathlib.Probability.ProductMeasure,0m5.324s,0m5.206s
Mathlib.Analysis.Complex.UpperHalfPlane.Exp,0m2.569s,0m2.412s
Mathlib.NumberTheory.ModularForms.EisensteinSeries.MDifferentiable,0m2.489s,0m2.501s
Mathlib.Analysis.Complex.SummableUniformlyOn,0m2.289s,0m2.323s
Mathlib.Analysis.Calculus.LogDerivUniformlyOn,0m2.406s,0m2.411s
Mathlib.NumberTheory.LSeries.Deriv,0m2.613s,0m2.725s
Mathlib.Analysis.SpecialFunctions.Trigonometric.EulerSineProd,0m4.126s,0m3.877s
Mathlib.Geometry.Manifold.IntegralCurve.UniformTime,0m4.191s,0m4.185s
Mathlib.Analysis.Normed.Algebra.GelfandFormula,0m3.316s,0m3.240s
Mathlib.Probability.Process.HittingTime,0m4.627s,0m4.474s
Mathlib.NumberTheory.LegendreSymbol.AddCharacter,0m3.564s,0m3.508s
Mathlib.Probability.Martingale.Basic,0m4.244s,0m4.397s
Mathlib.Analysis.Complex.Polynomial.UnitTrinomial,0m2.427s,0m2.432s
Mathlib.Analysis.Polynomial.Factorization,0m2.543s,0m2.612s
Mathlib.Analysis.InnerProductSpace.Harmonic.Analytic,0m2.307s,0m2.217s
Mathlib.Analysis.SpecialFunctions.Elliptic.Weierstrass,0m7.018s,0m7.065s
Mathlib.Analysis.Complex.Polynomial.GaussLucas,0m2.901s,0m2.920s
Mathlib.Analysis.Complex.Harmonic.MeanValue,0m2.484s,0m2.497s
Mathlib.Data.Real.Pi.Leibniz,0m2.216s,0m2.206s
Mathlib.NumberTheory.NumberField.InfinitePlace.Embeddings,0m3.545s,0m3.561s
Mathlib.Analysis.NormedSpace.MultipliableUniformlyOn,0m2.222s,0m2.239s
Mathlib.Analysis.Complex.Hadamard,0m3.432s,0m3.456s
Mathlib.Geometry.Manifold.SmoothApprox,0m2.628s,0m2.726s
Mathlib.Analysis.Distribution.AEEqOfIntegralContDiff,0m3.037s,0m3.032s
Mathlib.Geometry.Manifold.WhitneyEmbedding,0m4.081s,0m3.984s
Mathlib.MeasureTheory.Integral.Gamma,0m2.906s,0m2.805s
Mathlib.Probability.Moments.CovarianceBilin,0m5.037s,0m4.687s
Mathlib.Probability.Distributions.Gamma,0m2.667s,0m2.630s
Mathlib.Probability.Independence.InfinitePi,0m2.515s,0m2.628s
Mathlib.Analysis.SpecialFunctions.Gamma.Deriv,0m2.723s,0m2.717s
Mathlib.Analysis.SpecialFunctions.Gaussian.GaussianIntegral,0m3.842s,0m3.847s
Mathlib.NumberTheory.ModularForms.DedekindEta,0m3.442s,0m3.450s
Mathlib.NumberTheory.ModularForms.EisensteinSeries.Basic,0m2.312s,0m2.333s
Mathlib.NumberTheory.LSeries.AbstractFuncEq,0m4.600s,0m4.519s
Mathlib.MeasureTheory.Measure.CharacteristicFunction,0m6.401s,0m6.304s
Mathlib.NumberTheory.LSeries.Positivity,0m2.499s,0m2.523s
Mathlib.NumberTheory.ModularForms.QExpansion,0m4.255s,0m4.315s
Mathlib.Analysis.SpecialFunctions.Complex.CircleAddChar,0m3.797s,0m3.735s
Mathlib.NumberTheory.GaussSum,0m4.119s,0m4.197s
Mathlib.Analysis.CStarAlgebra.Spectrum,0m4.603s,0m4.550s
Mathlib.Probability.Martingale.Upcrossing,0m3.880s,0m3.830s
Mathlib.Analysis.Fourier.FourierTransformDeriv,0m21.901s,0m19.720s
Mathlib.Probability.Martingale.OptionalStopping,0m3.274s,0m3.253s
Mathlib.Analysis.SpecialFunctions.Trigonometric.Cotangent,0m5.437s,0m5.322s
Mathlib.Probability.Martingale.OptionalSampling,0m2.852s,0m2.848s
Mathlib.Probability.Martingale.Centering,0m2.844s,0m2.745s
Mathlib.RingTheory.Polynomial.Selmer,0m2.640s,0m2.624s
Mathlib.Analysis.SpecialFunctions.Integrals.PosLogEqCircleAverage,0m3.219s,0m3.130s
Mathlib.Analysis.Normed.Lp.SmoothApprox,0m2.627s,0m2.648s
Mathlib.Probability.Distributions.Exponential,0m2.823s,0m2.824s
Mathlib.Analysis.Normed.Algebra.GelfandMazur,0m4.632s,0m4.567s
Mathlib.Probability.IdentDistribIndep,0m2.358s,0m2.309s
Mathlib.Probability.HasLawExists,0m2.404s,0m2.308s
Mathlib.NumberTheory.NumberField.FinitePlaces,0m4.737s,0m4.717s
Mathlib.NumberTheory.NumberField.InfinitePlace.Basic,0m5.831s,0m5.924s
Mathlib.Analysis.Calculus.Rademacher,0m5.079s,0m5.051s
Mathlib.Analysis.SpecialFunctions.Gamma.BohrMollerup,0m3.597s,0m3.459s
Mathlib.MeasureTheory.Measure.IntegralCharFun,0m3.584s,0m3.556s
Mathlib.Probability.Moments.ComplexMGF,0m3.469s,0m3.410s
Mathlib.Probability.Independence.CharacteristicFunction,0m3.094s,0m3.161s
Mathlib.MeasureTheory.Measure.Lebesgue.VolumeOfBalls,0m4.448s,0m3.916s
Mathlib.NumberTheory.ModularForms.LevelOne,0m2.943s,0m2.930s
Mathlib.NumberTheory.LegendreSymbol.QuadraticChar.GaussSum,0m2.826s,0m2.779s
Mathlib.NumberTheory.ModularForms.Petersson,0m3.630s,0m3.408s
Mathlib.NumberTheory.DirichletCharacter.GaussSum,0m3.540s,0m2.853s
Mathlib.Probability.Martingale.Convergence,0m3.667s,0m2.930s
Mathlib.Analysis.SpecialFunctions.Gaussian.FourierTransform,0m6.926s,0m6.645s
Mathlib.NumberTheory.JacobiSum.Basic,0m3.747s,0m3.555s
Mathlib.NumberTheory.NumberField.ProductFormula,0m3.174s,0m3.037s
Mathlib.NumberTheory.NumberField.InfinitePlace.Completion,0m3.256s,0m3.235s
Mathlib.Analysis.Complex.JensenFormula,0m4.697s,0m4.500s
Mathlib.NumberTheory.LegendreSymbol.QuadraticReciprocity,0m2.780s,0m2.854s
Mathlib.Analysis.CStarAlgebra.GelfandDuality,0m6.362s,0m6.196s
Mathlib.Analysis.SpecialFunctions.Gamma.Beta,0m3.846s,0m3.760s
Mathlib.Probability.Moments.MGFAnalytic,0m3.215s,0m3.211s
Mathlib.NumberTheory.NumberField.InfinitePlace.Ramification,0m4.989s,0m5.008s
Mathlib.NumberTheory.NumberField.Units.Basic,0m5.621s,0m5.585s
Mathlib.NumberTheory.NumberField.Completion,0m2.291s,0m2.323s
Mathlib.Probability.Martingale.BorelCantelli,0m3.085s,0m3.118s
Mathlib.Analysis.Fourier.ZMod,0m3.927s,0m4.052s
Mathlib.Probability.Kernel.Disintegration.Density,0m3.702s,0m3.666s
Mathlib.Analysis.Fourier.Inversion,0m4.299s,0m4.282s
Mathlib.Analysis.Polynomial.MahlerMeasure,0m3.880s,0m3.795s
Mathlib.Analysis.Meromorphic.Complex,0m2.398s,0m2.393s
Mathlib.NumberTheory.Fermat,0m2.909s,0m2.903s
Mathlib.NumberTheory.LegendreSymbol.JacobiSymbol,0m3.531s,0m3.551s
Mathlib.Probability.Distributions.Beta,0m2.722s,0m2.720s
Mathlib.Analysis.Complex.ValueDistribution.CountingFunction,0m4.790s,0m4.963s
Mathlib.Analysis.SpecialFunctions.Gamma.Deligne,0m2.947s,0m2.861s
Mathlib.Probability.Moments.Tilted,0m2.860s,0m2.848s
Mathlib.NumberTheory.NumberField.InfinitePlace.TotallyRealComplex,0m3.786s,0m3.735s
Mathlib.Probability.BorelCantelli,0m2.546s,0m2.543s
Mathlib.Probability.Kernel.Disintegration.StandardBorel,0m2.802s,0m2.824s
Mathlib.Probability.Distributions.Gaussian.Real,0m4.567s,0m4.453s
Mathlib.Probability.Kernel.RadonNikodym,0m3.144s,0m3.234s
Mathlib.Analysis.Complex.ValueDistribution.CharacteristicFunction,0m2.629s,0m2.718s
Mathlib.Analysis.MellinInversion,0m3.729s,0m3.727s
Mathlib.Tactic.NormNum.LegendreSymbol,0m3.280s,0m3.324s
Mathlib.NumberTheory.NumberField.Embeddings,0m2.331s,0m2.320s
Mathlib.NumberTheory.LucasLehmer,0m5.382s,0m5.181s
Mathlib.NumberTheory.LSeries.MellinEqDirichlet,0m3.459s,0m3.316s
Mathlib.NumberTheory.Harmonic.GammaDeriv,0m3.594s,0m3.540s
Mathlib.NumberTheory.NumberField.Cyclotomic.Embeddings,0m2.705s,0m2.634s
Mathlib.Analysis.CStarAlgebra.ContinuousFunctionalCalculus.Basic,0m12.302s,0m11.274s
Mathlib.Probability.Distributions.Gaussian,0m2.312s,0m2.315s
Mathlib.Probability.Kernel.Disintegration.Integral,0m2.929s,0m2.940s
Mathlib.Probability.Kernel.Composition.AbsolutelyContinuous,0m2.420s,0m2.424s
Mathlib.Analysis.Complex.ValueDistribution.FirstMainTheorem,0m3.029s,0m3.027s
Mathlib.NumberTheory.Cyclotomic.Embeddings,0m2.333s,0m2.321s
Mathlib.Analysis.Distribution.FourierSchwartz,0m8.986s,0m9.094s
Mathlib.Tactic,0m2.526s,0m2.521s
Mathlib.Probability.Kernel.CompProdEqIff,0m2.426s,0m2.514s
Mathlib.NumberTheory.NumberField.CanonicalEmbedding.Basic,0m12.000s,0m11.868s
Mathlib.Probability.Distributions.Gaussian.Basic,0m5.207s,0m5.255s
Mathlib.Probability.Kernel.Disintegration.Unique,0m2.622s,0m2.625s
Mathlib.Analysis.CStarAlgebra.SpecialFunctions.PosPart,0m3.684s,0m3.618s
Mathlib.Analysis.InnerProductSpace.StarOrder,0m4.397s,0m4.453s
Mathlib.Analysis.Fourier.PoissonSummation,0m3.188s,0m3.113s
Mathlib.Probability.Kernel.Posterior,0m3.092s,0m3.023s
Mathlib.NumberTheory.NumberField.AdeleRing,0m3.099s,0m3.173s
Mathlib.NumberTheory.NumberField.CanonicalEmbedding.PolarCoord,0m4.265s,0m4.124s
Mathlib.NumberTheory.NumberField.EquivReindex,0m3.020s,0m3.001s
Mathlib.Probability.Kernel.CondDistrib,0m3.358s,0m3.342s
Mathlib.NumberTheory.NumberField.CanonicalEmbedding.ConvexBody,0m5.556s,0m5.475s
Mathlib.Analysis.SpecialFunctions.Gaussian.PoissonSummation,0m3.099s,0m3.128s
Mathlib.Probability.Distributions.Gaussian.Fernique,0m5.015s,0m4.967s
Mathlib.Probability.Kernel.Condexp,0m3.064s,0m3.055s
Mathlib.NumberTheory.NumberField.House,0m5.318s,0m5.234s
Mathlib.NumberTheory.ModularForms.JacobiTheta.TwoVariable,0m4.230s,0m4.219s
Mathlib.NumberTheory.ModularForms.JacobiTheta.OneVariable,0m2.921s,0m2.853s
Mathlib.Probability.Independence.Conditional,0m4.873s,0m4.797s
Mathlib.NumberTheory.ModularForms.JacobiTheta.Bounds,0m3.238s,0m3.242s
Mathlib.NumberTheory.NumberField.Units.DirichletTheorem,0m6.641s,0m6.727s
Mathlib.Probability.Moments.SubGaussian,0m5.277s,0m5.068s
Mathlib.NumberTheory.NumberField.Discriminant.Basic,0m7.696s,0m7.320s
Mathlib.NumberTheory.ModularForms.JacobiTheta.Manifold,0m2.488s,0m2.405s
Mathlib.Analysis.CStarAlgebra.ContinuousFunctionalCalculus.Order,0m13.724s,0m13.312s
Mathlib.Probability.Independence.ZeroOne,0m2.788s,0m2.912s
Mathlib.NumberTheory.LSeries.HurwitzZetaOdd,0m3.953s,0m3.833s
Mathlib.NumberTheory.NumberField.ClassNumber,0m3.757s,0m3.753s
Mathlib.NumberTheory.LSeries.HurwitzZetaEven,0m4.710s,0m4.391s
Mathlib.NumberTheory.NumberField.Units.Regulator,0m5.928s,0m5.774s
Mathlib.Analysis.CStarAlgebra.Hom,0m3.552s,0m3.566s
Mathlib.Analysis.CStarAlgebra.PositiveLinearMap,0m4.430s,0m4.459s
Mathlib.NumberTheory.NumberField.CanonicalEmbedding.FundamentalCone,0m7.220s,0m7.346s
Mathlib.Analysis.CStarAlgebra.Unitary.Span,0m5.333s,0m5.338s
Mathlib.NumberTheory.NumberField.Discriminant.Different,0m7.477s,0m7.298s
Mathlib.NumberTheory.LSeries.HurwitzZeta,0m2.947s,0m2.850s
Mathlib.Analysis.CStarAlgebra.Unitary.Connected,0m8.140s,0m8.207s
Mathlib.Analysis.CStarAlgebra.Module.Defs,0m5.224s,0m5.176s
Mathlib.NumberTheory.LSeries.RiemannZeta,0m2.949s,0m2.974s
Mathlib.NumberTheory.LSeries.Dirichlet,0m3.330s,0m3.255s
Mathlib.NumberTheory.LSeries.HurwitzZetaValues,0m3.648s,0m3.433s
Mathlib.NumberTheory.NumberField.CanonicalEmbedding.NormLeOne,0m6.577s,0m6.268s
Mathlib.Analysis.CStarAlgebra.Module.Constructions,0m5.626s,0m5.450s
Mathlib.NumberTheory.LSeries.ZMod,0m4.141s,0m3.936s
Mathlib.NumberTheory.EulerProduct.DirichletLSeries,0m3.016s,0m3.040s
Mathlib.NumberTheory.Harmonic.ZetaAsymp,0m3.860s,0m3.654s
Mathlib.NumberTheory.NumberField.CMField,0m10.120s,0m10.092s
Mathlib.NumberTheory.LSeries.DirichletContinuation,0m3.128s,0m3.207s
Mathlib.NumberTheory.NumberField.Ideal.Asymptotics,0m5.714s,0m5.585s
Mathlib.NumberTheory.NumberField.Cyclotomic.Basic,0m11.693s,0m11.032s
Mathlib.NumberTheory.LSeries.Nonvanishing,0m3.772s,0m3.759s
Mathlib.Analysis.CStarAlgebra.ApproximateUnit,0m17.529s,0m17.397s
Mathlib.NumberTheory.ModularForms.EisensteinSeries.QExpansion,0m7.846s,0m7.732s
Mathlib.NumberTheory.NumberField.Ideal,0m2.525s,0m2.531s
Mathlib.NumberTheory.NumberField.DedekindZeta,0m3.157s,0m3.001s
Mathlib.NumberTheory.NumberField.Cyclotomic.PID,0m2.974s,0m3.025s
Mathlib.NumberTheory.Cyclotomic.Rat,0m2.584s,0m2.658s
Mathlib.NumberTheory.NumberField.Cyclotomic.Three,0m4.220s,0m4.232s
Mathlib.NumberTheory.Cyclotomic.PID,0m2.516s,0m2.537s
Mathlib.NumberTheory.NumberField.Ideal.Basic,0m4.499s,0m4.501s
Mathlib.Analysis.CStarAlgebra.CStarMatrix,0m10.342s,0m10.255s
Mathlib.NumberTheory.LSeries.PrimesInAP,0m4.588s,0m4.480s
Mathlib.NumberTheory.Cyclotomic.Three,0m2.618s,0m2.648s
Mathlib.Analysis.CStarAlgebra.CompletelyPositiveMap,0m5.016s,0m4.773s
Mathlib.Analysis.SpecialFunctions.ContinuousFunctionalCalculus.Rpow.IntegralRepresentation,0m7.719s,0m7.579s
Mathlib.NumberTheory.FLT.Three,0m6.871s,0m6.626s
Mathlib.Analysis.SpecialFunctions.ContinuousFunctionalCalculus.Rpow.Order,0m3.584s,0m3.451s
Mathlib.NumberTheory.NumberField.Cyclotomic.Ideal,0m12.068s,0m12.148s
Mathlib.Analysis.SpecialFunctions.ContinuousFunctionalCalculus.ExpLog.Order,0m4.797s,0m4.824s
